timestamp,address,values
2025-11-24T15:53:13.689034,/muse/eeg,"[800.6227106227107, 767.1794871794872, 833.2600732600733, 795.7875457875458]"
2025-11-24T15:53:13.721369,/muse/eegAux,"[nan, nan, 0.0, 0.0]"
2025-11-24T15:53:13.815216,/muse/eeg,"[778.4615384615385, 771.6117216117216, 288.9010989010989, 793.3699633699634]"
2025-11-24T15:53:13.907261,/muse/eegAux,"[nan, nan, 0.0, 0.0]"
2025-11-24T15:53:13.953796,/muse/eeg,"[796.996336996337, 780.0732600732601, 407.3626373626374, 801.8315018315019]"
2025-11-24T15:53:13.985214,/muse/eegAux,"[nan, nan, 0.0, 0.0]"
2025-11-24T15:53:14.046570,/muse/eeg,"[796.996336996337, 780.0732600732601, 407.3626373626374, 801.8315018315019]"
2025-11-24T15:53:14.092563,/muse/eegAux,"[nan, nan, 0.0, 0.0]"
2025-11-24T15:53:14.155091,/muse/eeg,"[796.996336996337, 780.0732600732601, 407.3626373626374, 801.8315018315019]"
2025-11-24T15:53:14.170364,/muse/eegAux,"[nan, nan, 0.0, 0.0]"
2025-11-24T15:53:14.263704,/muse/elements/alpha_absolute,"[1.1694582624693117, 0.8185540857892387, 0.9472492683000144, 0.5940557472507854]"
2025-11-24T15:53:14.340917,/muse/elements/beta_absolute,"[0.6135376932440341, 0.5993599398707254, 0.9853979264338821, 0.642817199279169]"
2025-11-24T15:53:14.433827,/muse/elements/delta_absolute,"[0.6123864615614656, 0.7325764842106957, 0.9951193641341841, 0.927456495310066]"
2025-11-24T15:53:14.480607,/muse/elements/theta_absolute,"[0.9996193302544583, 0.5221215924551393, 0.7240757446562845, 0.7107288553296518]"
2025-11-24T15:53:14.574579,/muse/elements/gamma_absolute,"[0.12305091856097049, 0.11366411689285724, 0.5136139700309592, 0.05917880183270805]"
2025-11-24T15:53:14.636967,/muse/elements/alpha_relative,"[0.43075458008627615, 0.3198274472260471, 0.23952359640232274, 0.17025291465434209]"
2025-11-24T15:53:14.714770,/muse/elements/beta_relative,"[0.11975932365384516, 0.1930730182151806, 0.2615152154619236, 0.1904829058149579]"
2025-11-24T15:53:14.775822,/muse/elements/delta_relative,"[0.11944228496168649, 0.2623844721899659, 0.26743509587853037, 0.3668557273240509]"
2025-11-24T15:53:14.869479,/muse/elements/theta_relative,"[0.2913338657903396, 0.16161558490968325, 0.14327643941486778, 0.22272433127839997]"
2025-11-24T15:53:14.931155,/muse/elements/gamma_relative,"[0.03870994550785268, 0.06309947745912316, 0.08824965284235554, 0.04968412092824916]"
2025-11-24T15:53:15.040481,/muse/is_good,"[0.0, 1.0, 0.0, 0.0]"
2025-11-24T15:53:15.102960,/muse/hsi,"[1.0, 1.0, 2.0, 1.0]"
2025-11-24T15:53:15.166003,/muse/eeg,"[775.2380952380953, 773.2234432234433, 557.6556776556777, 793.3699633699634]"
2025-11-24T15:53:15.213420,/muse/eegAux,"[nan, nan, 0.0, 0.0]"
2025-11-24T15:53:15.307142,/muse/eegAux,"[nan, nan, 0.0, 0.0]"
2025-11-24T15:53:15.291740,/muse/eeg,"[775.2380952380953, 773.2234432234433, 557.6556776556777, 793.3699633699634]"
2025-11-24T15:53:15.353222,/muse/eeg,"[775.2380952380953, 773.2234432234433, 557.6556776556777, 793.3699633699634]"
2025-11-24T15:53:15.507593,/muse/eegAux,"[nan, nan, 0.0, 0.0]"
2025-11-24T15:53:15.570190,/muse/eeg,"[775.2380952380953, 773.2234432234433, 557.6556776556777, 793.3699633699634]"
2025-11-24T15:53:15.646828,/muse/eegAux,"[nan, nan, 0.0, 0.0]"
2025-11-24T15:53:15.757265,/muse/eeg,"[775.2380952380953, 773.2234432234433, 557.6556776556777, 793.3699633699634]"
2025-11-24T15:53:15.803475,/muse/eegAux,"[nan, nan, 0.0, 0.0]"
2025-11-24T15:53:15.880772,/muse/eeg,"[775.2380952380953, 773.2234432234433, 557.6556776556777, 793.3699633699634]"
2025-11-24T15:53:15.943427,/muse/eegAux,"[nan, nan, 0.0, 0.0]"
2025-11-24T15:53:16.006130,/muse/eeg,"[775.2380952380953, 773.2234432234433, 557.6556776556777, 793.3699633699634]"
2025-11-24T15:53:16.054197,/muse/eegAux,"[nan, nan, 0.0, 0.0]"
2025-11-24T15:53:16.115844,/muse/drlref,"[1618974.358974359, 1596410.2564102563]"
2025-11-24T15:53:16.146784,/muse/drlref,"[1618974.358974359, 1596410.2564102563]"
2025-11-24T15:53:16.192721,/muse/drlref,"[1618974.358974359, 1596410.2564102563]"
2025-11-24T15:53:16.300809,/muse/drlref,"[1618974.358974359, 1596410.2564102563]"
2025-11-24T15:53:16.347515,/muse/drlref,"[1618974.358974359, 1596410.2564102563]"
2025-11-24T15:53:16.378228,/muse/drlref,"[1618974.358974359, 1596410.2564102563]"
2025-11-24T15:53:16.440129,/muse/gyro,"[3.701019287109375, -3.648681640625, 0.366363525390625]"
2025-11-24T15:53:16.486252,/muse/gyro,"[3.701019287109375, -3.648681640625, 0.366363525390625]"
2025-11-24T15:53:16.501723,/muse/gyro,"[3.701019287109375, -3.648681640625, 0.366363525390625]"
2025-11-24T15:53:16.579694,/muse/acc,"[0.23663330078125, -0.14959716796875, 0.96453857421875]"
2025-11-24T15:53:16.626368,/muse/acc,"[0.23663330078125, -0.14959716796875, 0.96453857421875]"
2025-11-24T15:53:16.705613,/muse/acc,"[0.23663330078125, -0.14959716796875, 0.96453857421875]"
2025-11-24T15:53:16.799750,/muse/eegAux,"[nan, nan, 0.0, 0.0]"
2025-11-24T15:53:16.752470,/muse/eeg,"[777.6556776556777, 767.1794871794872, 519.7802197802198, 782.893772893773]"
2025-11-24T15:53:16.879533,/muse/eeg,"[786.5201465201466, 781.6849816849817, 321.13553113553115, 789.7435897435897]"
2025-11-24T15:53:16.895417,/muse/eegAux,"[nan, nan, 0.0, 0.0]"
2025-11-24T15:53:16.973326,/muse/eeg,"[798.2051282051282, 782.893772893773, 458.13186813186815, 797.8021978021978]"
2025-11-24T15:53:17.051186,/muse/eegAux,"[nan, nan, 0.0, 0.0]"
2025-11-24T15:53:17.097922,/muse/eeg,"[790.952380952381, 769.5970695970697, 142.23443223443223, 790.5494505494506]"
2025-11-24T15:53:17.144566,/muse/eegAux,"[nan, nan, 0.0, 0.0]"
2025-11-24T15:53:17.252923,/muse/eeg,"[813.919413919414, 771.2087912087912, 479.0842490842491, 798.6080586080586]"
2025-11-24T15:53:17.330516,/muse/eegAux,"[nan, nan, 0.0, 0.0]"
2025-11-24T15:53:17.376441,/muse/eeg,"[793.3699633699634, 770.8058608058608, 463.7728937728938, 782.0879120879121]"
2025-11-24T15:53:17.469504,/muse/eegAux,"[nan, nan, 0.0, 0.0]"
2025-11-24T15:53:17.579349,/muse/eeg,"[793.3699633699634, 770.8058608058608, 463.7728937728938, 782.0879120879121]"
2025-11-24T15:53:17.642643,/muse/eegAux,"[nan, nan, 0.0, 0.0]"
2025-11-24T15:53:17.688743,/muse/eeg,"[793.3699633699634, 770.8058608058608, 463.7728937728938, 782.0879120879121]"
2025-11-24T15:53:17.783051,/muse/eegAux,"[nan, nan, 0.0, 0.0]"
2025-11-24T15:53:17.846400,/muse/eeg,"[793.3699633699634, 770.8058608058608, 463.7728937728938, 782.0879120879121]"
2025-11-24T15:53:17.971950,/muse/eegAux,"[nan, nan, 0.0, 0.0]"
2025-11-24T15:53:18.049561,/muse/eegAux,"[nan, nan, 0.0, 0.0]"
2025-11-24T15:53:18.033926,/muse/eeg,"[793.3699633699634, 770.8058608058608, 463.7728937728938, 782.0879120879121]"
2025-11-24T15:53:18.096413,/muse/eeg,"[793.3699633699634, 770.8058608058608, 463.7728937728938, 782.0879120879121]"
2025-11-24T15:53:18.157430,/muse/eegAux,"[nan, nan, 0.0, 0.0]"
2025-11-24T15:53:18.218916,/muse/eeg,"[793.3699633699634, 770.8058608058608, 463.7728937728938, 782.0879120879121]"
2025-11-24T15:53:18.312059,/muse/eegAux,"[nan, nan, 0.0, 0.0]"
2025-11-24T15:53:18.358835,/muse/eeg,"[780.4761904761905, 770.0, 550.8058608058608, 779.2673992673992]"
2025-11-24T15:53:18.467281,/muse/eegAux,"[nan, nan, 0.0, 0.0]"
2025-11-24T15:53:18.574540,/muse/eeg,"[799.0109890109891, 777.6556776556777, 402.9304029304029, 799.0109890109891]"
2025-11-24T15:53:18.620778,/muse/eegAux,"[nan, nan, 0.0, 0.0]"
2025-11-24T15:53:18.713603,/muse/eeg,"[801.8315018315019, 783.6996336996338, 445.23809523809524, 804.6520146520147]"
2025-11-24T15:53:18.806767,/muse/eegAux,"[nan, nan, 0.0, 0.0]"
2025-11-24T15:53:18.852555,/muse/eeg,"[790.952380952381, 784.5054945054945, 331.61172161172163, 793.7728937728938]"
2025-11-24T15:53:18.899589,/muse/eegAux,"[nan, nan, 0.0, 0.0]"
2025-11-24T15:53:18.976465,/muse/eeg,"[800.6227106227107, 774.8351648351648, 60.03663003663004, 808.6813186813187]"
2025-11-24T15:53:19.053545,/muse/eegAux,"[nan, nan, 0.0, 0.0]"
2025-11-24T15:53:19.099619,/muse/eeg,"[800.6227106227107, 774.8351648351648, 60.03663003663004, 808.6813186813187]"
2025-11-24T15:53:19.145722,/muse/eegAux,"[nan, nan, 0.0, 0.0]"
2025-11-24T15:53:19.223164,/muse/eeg,"[800.6227106227107, 774.8351648351648, 60.03663003663004, 808.6813186813187]"
2025-11-24T15:53:19.285852,/muse/eegAux,"[nan, nan, 0.0, 0.0]"
2025-11-24T15:53:19.378884,/muse/elements/alpha_absolute,"[0.9560546847160166, 0.8185540857892387, 0.9472492683000144, 0.5940557472507854]"
2025-11-24T15:53:19.440197,/muse/elements/beta_absolute,"[0.5729622924238938, 0.5885924121023338, 0.9853979264338821, 0.642817199279169]"
2025-11-24T15:53:19.565402,/muse/elements/theta_absolute,"[0.9326996593938564, 0.5039581736517438, 0.7240757446562845, 0.7107288553296518]"
2025-11-24T15:53:19.518146,/muse/elements/delta_absolute,"[0.5460691183208958, 0.732298512977033, 0.9951193641341841, 0.927456495310066]"
2025-11-24T15:53:19.643046,/muse/elements/gamma_absolute,"[0.09291180398734424, 0.10947586929515782, 0.5136139700309592, 0.05917880183270805]"
2025-11-24T15:53:19.704470,/muse/elements/alpha_relative,"[0.3463016085095841, 0.32375175183752625, 0.23952359640232274, 0.17025291465434209]"
2025-11-24T15:53:19.782536,/muse/elements/beta_relative,"[0.14333825612826362, 0.19065598955167484, 0.2615152154619236, 0.1904829058149579]"
2025-11-24T15:53:19.814287,/muse/elements/delta_relative,"[0.13473143716584066, 0.2654340015201039, 0.26743509587853037, 0.3668557273240509]"
2025-11-24T15:53:19.922477,/muse/elements/theta_relative,"[0.3281704582204101, 0.1568975691258072, 0.14327643941486778, 0.22272433127839997]"
2025-11-24T15:53:20.000307,/muse/elements/gamma_relative,"[0.04745823997590154, 0.06326068796488797, 0.08824965284235554, 0.04968412092824916]"
2025-11-24T15:53:20.108268,/muse/is_good,"[0.0, 1.0, 0.0, 0.0]"
2025-11-24T15:53:20.170548,/muse/hsi,"[1.0, 1.0, 2.0, 1.0]"
2025-11-24T15:53:20.217396,/muse/eeg,"[817.1428571428571, 778.4615384615385, 838.901098901099, 802.6373626373627]"
2025-11-24T15:53:20.279227,/muse/eegAux,"[nan, nan, 0.0, 0.0]"
2025-11-24T15:53:20.373148,/muse/eeg,"[817.1428571428571, 778.4615384615385, 838.901098901099, 802.6373626373627]"
2025-11-24T15:53:20.404630,/muse/eegAux,"[nan, nan, 0.0, 0.0]"
2025-11-24T15:53:20.435316,/muse/eeg,"[817.1428571428571, 778.4615384615385, 838.901098901099, 802.6373626373627]"
2025-11-24T15:53:20.450758,/muse/eegAux,"[nan, nan, 0.0, 0.0]"
2025-11-24T15:53:20.513421,/muse/eeg,"[817.1428571428571, 778.4615384615385, 838.901098901099, 802.6373626373627]"
2025-11-24T15:53:20.559763,/muse/eegAux,"[nan, nan, 0.0, 0.0]"
2025-11-24T15:53:20.654034,/muse/eeg,"[817.1428571428571, 778.4615384615385, 838.901098901099, 802.6373626373627]"
2025-11-24T15:53:20.747368,/muse/eegAux,"[nan, nan, 0.0, 0.0]"
2025-11-24T15:53:20.809771,/muse/gyro,"[4.007568359375, -3.9178466796875, 0.34393310546875]"
2025-11-24T15:53:20.856772,/muse/gyro,"[4.007568359375, -3.9178466796875, 0.34393310546875]"
2025-11-24T15:53:20.902883,/muse/gyro,"[4.007568359375, -3.9178466796875, 0.34393310546875]"
2025-11-24T15:53:20.980584,/muse/acc,"[0.23663330078125, -0.14495849609375, 0.97283935546875]"
2025-11-24T15:53:21.103996,/muse/acc,"[0.23663330078125, -0.14495849609375, 0.97283935546875]"
2025-11-24T15:53:21.230185,/muse/acc,"[0.23663330078125, -0.14495849609375, 0.97283935546875]"
2025-11-24T15:53:21.370035,/muse/eeg,"[788.1318681318681, 770.8058608058608, 197.43589743589743, 785.3113553113553]"
2025-11-24T15:53:21.417594,/muse/eegAux,"[nan, nan, 0.0, 0.0]"
2025-11-24T15:53:21.433300,/muse/eeg,"[815.934065934066, 785.7142857142858, 531.8681318681319, 813.5164835164835]"
2025-11-24T15:53:21.543866,/muse/eegAux,"[nan, nan, 0.0, 0.0]"
2025-11-24T15:53:21.606389,/muse/eeg,"[815.934065934066, 785.7142857142858, 531.8681318681319, 813.5164835164835]"
2025-11-24T15:53:21.729536,/muse/eeg,"[815.934065934066, 785.7142857142858, 531.8681318681319, 813.5164835164835]"
2025-11-24T15:53:21.667896,/muse/eegAux,"[nan, nan, 0.0, 0.0]"
2025-11-24T15:53:21.745092,/muse/eegAux,"[nan, nan, 0.0, 0.0]"
2025-11-24T15:53:21.791699,/muse/eeg,"[815.934065934066, 785.7142857142858, 531.8681318681319, 813.5164835164835]"
2025-11-24T15:53:21.869549,/muse/eegAux,"[nan, nan, 0.0, 0.0]"
2025-11-24T15:53:21.962490,/muse/eeg,"[815.934065934066, 785.7142857142858, 531.8681318681319, 813.5164835164835]"
2025-11-24T15:53:22.088802,/muse/eeg,"[815.934065934066, 785.7142857142858, 531.8681318681319, 813.5164835164835]"
2025-11-24T15:53:22.057095,/muse/eegAux,"[nan, nan, 0.0, 0.0]"
2025-11-24T15:53:22.104439,/muse/eegAux,"[nan, nan, 0.0, 0.0]"
2025-11-24T15:53:22.150516,/muse/eeg,"[815.934065934066, 785.7142857142858, 531.8681318681319, 813.5164835164835]"
2025-11-24T15:53:22.213260,/muse/eegAux,"[nan, nan, 0.0, 0.0]"
2025-11-24T15:53:22.306258,/muse/eeg,"[815.934065934066, 785.7142857142858, 531.8681318681319, 813.5164835164835]"
2025-11-24T15:53:22.337307,/muse/eegAux,"[nan, nan, 0.0, 0.0]"
2025-11-24T15:53:22.384484,/muse/eeg,"[815.934065934066, 785.7142857142858, 531.8681318681319, 813.5164835164835]"
2025-11-24T15:53:22.476869,/muse/eegAux,"[nan, nan, 0.0, 0.0]"
2025-11-24T15:53:22.538880,/muse/eeg,"[815.934065934066, 785.7142857142858, 531.8681318681319, 813.5164835164835]"
2025-11-24T15:53:22.694041,/muse/eeg,"[815.934065934066, 785.7142857142858, 531.8681318681319, 813.5164835164835]"
2025-11-24T15:53:22.631854,/muse/eegAux,"[nan, nan, 0.0, 0.0]"
2025-11-24T15:53:22.756096,/muse/eegAux,"[nan, nan, 0.0, 0.0]"
2025-11-24T15:53:22.817880,/muse/gyro,"[3.566436767578125, -3.9178466796875, 0.25421142578125]"
2025-11-24T15:53:22.848956,/muse/gyro,"[3.529052734375, -3.81317138671875, 0.85235595703125]"
2025-11-24T15:53:22.878865,/muse/gyro,"[3.529052734375, -3.81317138671875, 0.85235595703125]"
2025-11-24T15:53:22.941438,/muse/acc,"[0.245361328125, -0.14984130859375, 0.9678955078125]"
2025-11-24T15:53:22.972869,/muse/acc,"[0.245361328125, -0.14984130859375, 0.9678955078125]"
2025-11-24T15:53:23.050839,/muse/acc,"[0.245361328125, -0.14984130859375, 0.9678955078125]"
2025-11-24T15:53:23.144662,/muse/eeg,"[791.3553113553114, 773.6263736263736, 456.92307692307696, 798.2051282051282]"
2025-11-24T15:53:23.191429,/muse/eegAux,"[nan, nan, 0.0, 0.0]"
2025-11-24T15:53:23.285212,/muse/eeg,"[799.0109890109891, 759.5238095238095, 637.4358974358975, 796.5934065934066]"
2025-11-24T15:53:23.378912,/muse/eegAux,"[nan, nan, 0.0, 0.0]"
2025-11-24T15:53:23.487257,/muse/eeg,"[811.5018315018315, 772.8205128205128, 614.0659340659341, 812.7106227106227]"
2025-11-24T15:53:23.518033,/muse/eegAux,"[nan, nan, 0.0, 0.0]"
2025-11-24T15:53:23.580122,/muse/eeg,"[811.5018315018315, 772.8205128205128, 614.0659340659341, 812.7106227106227]"
2025-11-24T15:53:23.610989,/muse/eegAux,"[nan, nan, 0.0, 0.0]"
2025-11-24T15:53:23.688096,/muse/eeg,"[811.5018315018315, 772.8205128205128, 614.0659340659341, 812.7106227106227]"
2025-11-24T15:53:23.797339,/muse/eegAux,"[nan, nan, 0.0, 0.0]"
2025-11-24T15:53:23.843934,/muse/eeg,"[811.5018315018315, 772.8205128205128, 614.0659340659341, 812.7106227106227]"
2025-11-24T15:53:23.908012,/muse/eegAux,"[nan, nan, 0.0, 0.0]"
2025-11-24T15:53:23.970471,/muse/eeg,"[811.5018315018315, 772.8205128205128, 614.0659340659341, 812.7106227106227]"
2025-11-24T15:53:24.016880,/muse/eegAux,"[nan, nan, 0.0, 0.0]"
2025-11-24T15:53:24.063687,/muse/eeg,"[811.5018315018315, 772.8205128205128, 614.0659340659341, 812.7106227106227]"
2025-11-24T15:53:24.125554,/muse/eegAux,"[nan, nan, 0.0, 0.0]"
2025-11-24T15:53:24.220726,/muse/eeg,"[811.5018315018315, 772.8205128205128, 614.0659340659341, 812.7106227106227]"
2025-11-24T15:53:24.268360,/muse/eegAux,"[nan, nan, 0.0, 0.0]"
2025-11-24T15:53:24.330888,/muse/elements/alpha_absolute,"[0.6881312051729472, 0.8185540857892387, 0.9472492683000144, 0.6391125175971135]"
2025-11-24T15:53:24.393543,/muse/elements/beta_absolute,"[0.5391503622402504, 0.5806298635853272, 0.9853979264338821, 0.6482900174452537]"
2025-11-24T15:53:24.440064,/muse/elements/delta_absolute,"[0.5404790993659441, 0.7400335754231657, 0.9951193641341841, 1.0585429544015017]"
2025-11-24T15:53:24.517541,/muse/elements/theta_absolute,"[0.8492426709243894, 0.4739228919586257, 0.7240757446562845, 0.7731856197605012]"
2025-11-24T15:53:24.610468,/muse/elements/gamma_absolute,"[0.07129643096900094, 0.11129326772015989, 0.5136139700309592, 0.07878924279173333]"
2025-11-24T15:53:24.657739,/muse/elements/alpha_relative,"[0.24318035524128145, 0.32666319365257934, 0.23952359640232274, 0.15910723344946534]"
2025-11-24T15:53:24.765819,/muse/elements/beta_relative,"[0.17256298540424253, 0.1888756541437024, 0.2615152154619236, 0.16250526048320824]"
2025-11-24T15:53:24.796520,/muse/elements/delta_relative,"[0.1730917555681185, 0.27263379777229807, 0.26743509587853037, 0.4179461809146888]"
2025-11-24T15:53:24.858403,/muse/elements/theta_relative,"[0.3524032900115605, 0.14773010613452722, 0.14327643941486778, 0.21665216160059866]"
2025-11-24T15:53:24.937382,/muse/elements/gamma_relative,"[0.05876161377479707, 0.06409724829689303, 0.08824965284235554, 0.043789163552039]"
2025-11-24T15:53:25.014738,/muse/is_good,"[0.0, 1.0, 0.0, 1.0]"
2025-11-24T15:53:25.045703,/muse/hsi,"[1.0, 1.0, 2.0, 1.0]"
2025-11-24T15:53:25.092552,/muse/eeg,"[804.6520146520147, 786.9230769230769, 541.941391941392, 801.4285714285714]"
2025-11-24T15:53:25.138537,/muse/eegAux,"[nan, nan, 0.0, 0.0]"
2025-11-24T15:53:25.169056,/muse/eeg,"[804.6520146520147, 786.9230769230769, 541.941391941392, 801.4285714285714]"
2025-11-24T15:53:25.215151,/muse/eegAux,"[nan, nan, 0.0, 0.0]"
2025-11-24T15:53:25.230602,/muse/eeg,"[804.6520146520147, 786.9230769230769, 541.941391941392, 801.4285714285714]"
2025-11-24T15:53:25.293044,/muse/eegAux,"[nan, nan, 0.0, 0.0]"
2025-11-24T15:53:25.339190,/muse/gyro,"[3.790740966796875, -3.686065673828125, 1.33087158203125]"
2025-11-24T15:53:25.385586,/muse/gyro,"[4.20196533203125, -4.2169189453125, 1.2860107421875]"
2025-11-24T15:53:25.432429,/muse/gyro,"[4.20196533203125, -4.2169189453125, 1.2860107421875]"
2025-11-24T15:53:25.510922,/muse/acc,"[0.2371826171875, -0.14361572265625, 0.9656982421875]"
2025-11-24T15:53:25.604384,/muse/acc,"[0.2371826171875, -0.14361572265625, 0.9656982421875]"
2025-11-24T15:53:25.712158,/muse/acc,"[0.2371826171875, -0.14361572265625, 0.9656982421875]"
2025-11-24T15:53:25.758381,/muse/eeg,"[814.7252747252747, 776.4468864468864, 574.981684981685, 815.934065934066]"
2025-11-24T15:53:25.867164,/muse/eegAux,"[nan, nan, 0.0, 0.0]"
2025-11-24T15:53:25.930469,/muse/eeg,"[783.2967032967033, 780.4761904761905, 486.7399267399268, 810.2930402930403]"
2025-11-24T15:53:25.992549,/muse/eegAux,"[nan, nan, 0.0, 0.0]"
2025-11-24T15:53:26.037879,/muse/eeg,"[789.3406593406594, 767.985347985348, 368.6813186813187, 799.0109890109891]"
2025-11-24T15:53:26.116294,/muse/eegAux,"[nan, nan, 0.0, 0.0]"
2025-11-24T15:53:26.162918,/muse/eeg,"[788.9377289377289, 766.3736263736264, 243.3699633699634, 794.981684981685]"
2025-11-24T15:53:26.224633,/muse/eegAux,"[nan, nan, 0.0, 0.0]"
2025-11-24T15:53:26.272739,/muse/eeg,"[781.2820512820513, 787.3260073260074, 512.5274725274726, 786.9230769230769]"
2025-11-24T15:53:26.287998,/muse/eegAux,"[nan, nan, 0.0, 0.0]"
2025-11-24T15:53:26.350323,/muse/eeg,"[781.2820512820513, 787.3260073260074, 512.5274725274726, 786.9230769230769]"
2025-11-24T15:53:26.381223,/muse/eegAux,"[nan, nan, 0.0, 0.0]"
2025-11-24T15:53:26.459737,/muse/eeg,"[781.2820512820513, 787.3260073260074, 512.5274725274726, 786.9230769230769]"
2025-11-24T15:53:26.584400,/muse/eegAux,"[nan, nan, 0.0, 0.0]"
2025-11-24T15:53:26.615593,/muse/eeg,"[781.2820512820513, 787.3260073260074, 512.5274725274726, 786.9230769230769]"
2025-11-24T15:53:26.709574,/muse/eegAux,"[nan, nan, 0.0, 0.0]"
2025-11-24T15:53:26.787138,/muse/eeg,"[781.2820512820513, 787.3260073260074, 512.5274725274726, 786.9230769230769]"
2025-11-24T15:53:26.849453,/muse/eegAux,"[nan, nan, 0.0, 0.0]"
2025-11-24T15:53:26.911510,/muse/eeg,"[781.2820512820513, 787.3260073260074, 512.5274725274726, 786.9230769230769]"
2025-11-24T15:53:26.975224,/muse/eegAux,"[nan, nan, 0.0, 0.0]"
2025-11-24T15:53:27.037036,/muse/eeg,"[781.2820512820513, 787.3260073260074, 512.5274725274726, 786.9230769230769]"
2025-11-24T15:53:27.131144,/muse/eeg,"[781.2820512820513, 787.3260073260074, 512.5274725274726, 786.9230769230769]"
2025-11-24T15:53:27.084347,/muse/eegAux,"[nan, nan, 0.0, 0.0]"
2025-11-24T15:53:27.193095,/muse/eegAux,"[nan, nan, 0.0, 0.0]"
2025-11-24T15:53:27.256074,/muse/drlref,"[1618974.358974359, 1596410.2564102563]"
2025-11-24T15:53:27.349535,/muse/drlref,"[1618974.358974359, 1596410.2564102563]"
2025-11-24T15:53:27.380861,/muse/drlref,"[1618974.358974359, 1596410.2564102563]"
2025-11-24T15:53:27.427968,/muse/drlref,"[1618974.358974359, 1596410.2564102563]"
2025-11-24T15:53:27.520284,/muse/drlref,"[1618974.358974359, 1596410.2564102563]"
2025-11-24T15:53:27.566086,/muse/drlref,"[1618974.358974359, 1596410.2564102563]"
2025-11-24T15:53:27.658971,/muse/gyro,"[3.768310546875, -3.78326416015625, 0.538330078125]"
2025-11-24T15:53:27.735827,/muse/gyro,"[3.768310546875, -3.78326416015625, 0.538330078125]"
2025-11-24T15:53:27.797045,/muse/gyro,"[3.768310546875, -3.78326416015625, 0.538330078125]"
2025-11-24T15:53:27.888428,/muse/acc,"[0.24127197265625, -0.15277099609375, 0.96051025390625]"
2025-11-24T15:53:27.873695,/muse/acc,"[0.24127197265625, -0.15277099609375, 0.96051025390625]"
2025-11-24T15:53:27.982478,/muse/acc,"[0.24127197265625, -0.15277099609375, 0.96051025390625]"
2025-11-24T15:53:28.059119,/muse/eeg,"[794.1758241758242, 782.4908424908425, 128.53479853479854, 794.1758241758242]"
2025-11-24T15:53:28.151382,/muse/eegAux,"[nan, nan, 0.0, 0.0]"
2025-11-24T15:53:28.181999,/muse/eeg,"[785.3113553113553, 786.1172161172161, 435.5677655677656, 790.952380952381]"
2025-11-24T15:53:28.197418,/muse/eegAux,"[nan, nan, 0.0, 0.0]"
2025-11-24T15:53:28.274489,/muse/eeg,"[805.054945054945, 782.893772893773, 238.53479853479854, 808.2783882783883]"
2025-11-24T15:53:28.305941,/muse/eegAux,"[nan, nan, 0.0, 0.0]"
2025-11-24T15:53:28.367035,/muse/eeg,"[781.2820512820513, 777.2527472527473, 38.27838827838828, 792.1611721611722]"
2025-11-24T15:53:28.428429,/muse/eegAux,"[nan, nan, 0.0, 0.0]"
2025-11-24T15:53:28.489635,/muse/eeg,"[823.992673992674, 793.3699633699634, 545.1648351648352, 801.8315018315019]"
2025-11-24T15:53:28.567859,/muse/eegAux,"[nan, nan, 0.0, 0.0]"
2025-11-24T15:53:28.629921,/muse/eeg,"[823.992673992674, 793.3699633699634, 545.1648351648352, 801.8315018315019]"
2025-11-24T15:53:28.675857,/muse/eegAux,"[nan, nan, 0.0, 0.0]"
2025-11-24T15:53:28.721716,/muse/eeg,"[823.992673992674, 793.3699633699634, 545.1648351648352, 801.8315018315019]"
2025-11-24T15:53:28.784225,/muse/eegAux,"[nan, nan, 0.0, 0.0]"
2025-11-24T15:53:28.831086,/muse/eeg,"[823.992673992674, 793.3699633699634, 545.1648351648352, 801.8315018315019]"
2025-11-24T15:53:28.893856,/muse/eegAux,"[nan, nan, 0.0, 0.0]"
2025-11-24T15:53:29.047722,/muse/eeg,"[823.992673992674, 793.3699633699634, 545.1648351648352, 801.8315018315019]"
2025-11-24T15:53:29.108318,/muse/eegAux,"[nan, nan, 0.0, 0.0]"
2025-11-24T15:53:29.159985,/muse/eeg,"[823.992673992674, 793.3699633699634, 545.1648351648352, 801.8315018315019]"
2025-11-24T15:53:29.201873,/muse/eegAux,"[nan, nan, 0.0, 0.0]"
2025-11-24T15:53:29.216834,/muse/eeg,"[823.992673992674, 793.3699633699634, 545.1648351648352, 801.8315018315019]"
2025-11-24T15:53:29.276234,/muse/eegAux,"[nan, nan, 0.0, 0.0]"
2025-11-24T15:53:29.368814,/muse/elements/alpha_absolute,"[0.5494957905843458, 0.8185540857892387, 0.9472492683000144, 0.6442806804559955]"
2025-11-24T15:53:29.445970,/muse/elements/beta_absolute,"[0.5080670677456014, 0.5780108510595302, 0.9853979264338821, 0.6601586400723516]"
2025-11-24T15:53:29.493543,/muse/elements/delta_absolute,"[0.8219106279426945, 0.7498294435462699, 0.9951193641341841, 1.1260939377366124]"
2025-11-24T15:53:29.508868,/muse/elements/theta_absolute,"[0.745603024152779, 0.43301680482235216, 0.7240757446562845, 0.8071361459873595]"
2025-11-24T15:53:29.617265,/muse/elements/gamma_absolute,"[0.05993691883884554, 0.11402129972353524, 0.5136139700309592, 0.10059251281606128]"
2025-11-24T15:53:29.662686,/muse/elements/alpha_relative,"[0.17617549068159946, 0.32922847135862865, 0.23952359640232274, 0.14682642945587077]"
2025-11-24T15:53:29.803106,/muse/elements/delta_relative,"[0.3298832975134709, 0.28104298096891966, 0.26743509587853037, 0.4452639092896071]"
2025-11-24T15:53:29.740111,/muse/elements/beta_relative,"[0.16014624752415527, 0.18921438512858726, 0.2615152154619236, 0.15229379091034956]"
2025-11-24T15:53:29.880409,/muse/elements/theta_relative,"[0.2767277572393066, 0.1355064926792671, 0.14327643941486778, 0.21362875191822034]"
2025-11-24T15:53:29.912342,/muse/elements/gamma_relative,"[0.05706720704146779, 0.06500766986459734, 0.08824965284235554, 0.041987118425952354]"
2025-11-24T15:53:29.958403,/muse/is_good,"[1.0, 1.0, 0.0, 1.0]"
2025-11-24T15:53:30.020523,/muse/hsi,"[1.0, 1.0, 2.0, 1.0]"
2025-11-24T15:53:30.050088,/muse/eeg,"[807.4725274725275, 791.7582417582418, 485.12820512820514, 807.0695970695971]"
2025-11-24T15:53:30.158811,/muse/eegAux,"[nan, nan, 0.0, 0.0]"
2025-11-24T15:53:30.219990,/muse/eeg,"[807.8754578754579, 777.6556776556777, 211.53846153846155, 803.4432234432235]"
2025-11-24T15:53:30.265394,/muse/eegAux,"[nan, nan, 0.0, 0.0]"
2025-11-24T15:53:30.313214,/muse/eeg,"[832.8571428571429, 779.6703296703297, 551.2087912087912, 829.2307692307693]"
2025-11-24T15:53:30.469537,/muse/eeg,"[832.8571428571429, 779.6703296703297, 551.2087912087912, 829.2307692307693]"
2025-11-24T15:53:30.407594,/muse/eegAux,"[nan, nan, 0.0, 0.0]"
2025-11-24T15:53:30.548826,/muse/eegAux,"[nan, nan, 0.0, 0.0]"
2025-11-24T15:53:30.623805,/muse/eegAux,"[nan, nan, 0.0, 0.0]"
2025-11-24T15:53:30.578648,/muse/eeg,"[832.8571428571429, 779.6703296703297, 551.2087912087912, 829.2307692307693]"
2025-11-24T15:53:30.686295,/muse/eeg,"[832.8571428571429, 779.6703296703297, 551.2087912087912, 829.2307692307693]"
2025-11-24T15:53:30.748144,/muse/eegAux,"[nan, nan, 0.0, 0.0]"
2025-11-24T15:53:30.825664,/muse/eeg,"[832.8571428571429, 779.6703296703297, 551.2087912087912, 829.2307692307693]"
2025-11-24T15:53:30.872491,/muse/eegAux,"[nan, nan, 0.0, 0.0]"
2025-11-24T15:53:30.919037,/muse/eeg,"[832.8571428571429, 779.6703296703297, 551.2087912087912, 829.2307692307693]"
2025-11-24T15:53:30.965078,/muse/eegAux,"[nan, nan, 0.0, 0.0]"
2025-11-24T15:53:31.009989,/muse/eeg,"[832.8571428571429, 779.6703296703297, 551.2087912087912, 829.2307692307693]"
2025-11-24T15:53:31.071394,/muse/eegAux,"[nan, nan, 0.0, 0.0]"
2025-11-24T15:53:31.209729,/muse/eegAux,"[nan, nan, 0.0, 0.0]"
2025-11-24T15:53:31.147566,/muse/eeg,"[832.8571428571429, 779.6703296703297, 551.2087912087912, 829.2307692307693]"
2025-11-24T15:53:31.287655,/muse/eeg,"[832.8571428571429, 779.6703296703297, 551.2087912087912, 829.2307692307693]"
2025-11-24T15:53:31.364837,/muse/eegAux,"[nan, nan, 0.0, 0.0]"
2025-11-24T15:53:31.411157,/muse/eeg,"[832.8571428571429, 779.6703296703297, 551.2087912087912, 829.2307692307693]"
2025-11-24T15:53:31.442368,/muse/eegAux,"[nan, nan, 0.0, 0.0]"
2025-11-24T15:53:31.598919,/muse/eegAux,"[nan, nan, 0.0, 0.0]"
2025-11-24T15:53:31.536705,/muse/eeg,"[832.8571428571429, 779.6703296703297, 551.2087912087912, 829.2307692307693]"
2025-11-24T15:53:31.660723,/muse/gyro,"[3.36456298828125, -3.87298583984375, -0.216827392578125]"
2025-11-24T15:53:31.722498,/muse/gyro,"[3.36456298828125, -3.87298583984375, -0.216827392578125]"
2025-11-24T15:53:31.785370,/muse/gyro,"[3.36456298828125, -3.87298583984375, -0.216827392578125]"
2025-11-24T15:53:31.863925,/muse/acc,"[0.2392578125, -0.1500244140625, 0.97357177734375]"
2025-11-24T15:53:31.910748,/muse/acc,"[0.2392578125, -0.1500244140625, 0.97357177734375]"
2025-11-24T15:53:31.956435,/muse/acc,"[0.2392578125, -0.1500244140625, 0.97357177734375]"
2025-11-24T15:53:32.002725,/muse/eeg,"[832.4542124542124, 789.3406593406594, 562.4908424908425, 815.1282051282052]"
2025-11-24T15:53:32.065742,/muse/eegAux,"[nan, nan, 0.0, 0.0]"
2025-11-24T15:53:32.127072,/muse/eeg,"[817.948717948718, 789.7435897435897, 347.32600732600736, 817.948717948718]"
2025-11-24T15:53:32.237149,/muse/eegAux,"[nan, nan, 0.0, 0.0]"
2025-11-24T15:53:32.316360,/muse/eeg,"[798.2051282051282, 780.0732600732601, 415.8241758241758, 805.054945054945]"
2025-11-24T15:53:32.377738,/muse/eegAux,"[nan, nan, 0.0, 0.0]"
2025-11-24T15:53:32.423449,/muse/eeg,"[803.8461538461539, 783.6996336996338, 120.87912087912088, 806.2637362637363]"
2025-11-24T15:53:32.486169,/muse/eegAux,"[nan, nan, 0.0, 0.0]"
2025-11-24T15:53:32.548560,/muse/eeg,"[803.8461538461539, 783.6996336996338, 120.87912087912088, 806.2637362637363]"
2025-11-24T15:53:32.689392,/muse/eegAux,"[nan, nan, 0.0, 0.0]"
2025-11-24T15:53:32.735422,/muse/eeg,"[803.8461538461539, 783.6996336996338, 120.87912087912088, 806.2637362637363]"
2025-11-24T15:53:32.875239,/muse/eegAux,"[nan, nan, 0.0, 0.0]"
2025-11-24T15:53:32.936745,/muse/eeg,"[803.8461538461539, 783.6996336996338, 120.87912087912088, 806.2637362637363]"
2025-11-24T15:53:32.999644,/muse/eegAux,"[nan, nan, 0.0, 0.0]"
2025-11-24T15:53:33.060903,/muse/eeg,"[803.8461538461539, 783.6996336996338, 120.87912087912088, 806.2637362637363]"
2025-11-24T15:53:33.170265,/muse/eegAux,"[nan, nan, 0.0, 0.0]"
2025-11-24T15:53:33.231508,/muse/eeg,"[803.8461538461539, 783.6996336996338, 120.87912087912088, 806.2637362637363]"
2025-11-24T15:53:33.293105,/muse/eegAux,"[nan, nan, 0.0, 0.0]"
2025-11-24T15:53:33.387008,/muse/eegAux,"[nan, nan, 0.0, 0.0]"
2025-11-24T15:53:33.355446,/muse/eeg,"[803.8461538461539, 783.6996336996338, 120.87912087912088, 806.2637362637363]"
2025-11-24T15:53:33.418301,/muse/eeg,"[803.8461538461539, 783.6996336996338, 120.87912087912088, 806.2637362637363]"
2025-11-24T15:53:33.464616,/muse/eegAux,"[nan, nan, 0.0, 0.0]"
2025-11-24T15:53:33.510253,/muse/eeg,"[803.8461538461539, 783.6996336996338, 120.87912087912088, 806.2637362637363]"
2025-11-24T15:53:33.541989,/muse/eegAux,"[nan, nan, 0.0, 0.0]"
2025-11-24T15:53:33.619664,/muse/gyro,"[3.050537109375, -3.790740966796875, -0.22430419921875]"
2025-11-24T15:53:33.807573,/muse/gyro,"[3.207550048828125, -3.39447021484375, 0.299072265625]"
2025-11-24T15:53:33.744646,/muse/gyro,"[3.207550048828125, -3.39447021484375, 0.299072265625]"
2025-11-24T15:53:33.900374,/muse/acc,"[0.2440185546875, -0.14642333984375, 0.97186279296875]"
2025-11-24T15:53:33.961502,/muse/acc,"[0.2440185546875, -0.14642333984375, 0.97186279296875]"
2025-11-24T15:53:34.039864,/muse/acc,"[0.2440185546875, -0.14642333984375, 0.97186279296875]"
2025-11-24T15:53:34.086046,/muse/eeg,"[803.040293040293, 785.7142857142858, 450.0732600732601, 793.7728937728938]"
2025-11-24T15:53:34.132036,/muse/eegAux,"[nan, nan, 0.0, 0.0]"
2025-11-24T15:53:34.209228,/muse/elements/alpha_absolute,"[0.4806370916883309, 0.8185540857892387, 0.9472492683000144, 0.6442806804559955]"
2025-11-24T15:53:34.269802,/muse/elements/beta_absolute,"[0.5208719321696506, 0.5793810611899708, 0.9853979264338821, 0.6708240994393179]"
2025-11-24T15:53:34.316887,/muse/elements/delta_absolute,"[0.8885203708451411, 0.7480188167502356, 0.9951193641341841, 1.1470824661127843]"
2025-11-24T15:53:34.394120,/muse/elements/theta_absolute,"[0.7166108941598448, 0.3944777218658603, 0.7240757446562845, 0.8098303508884946]"
2025-11-24T15:53:34.423905,/muse/elements/gamma_absolute,"[0.05496538306741856, 0.11277566929951226, 0.5136139700309592, 0.11775248727471634]"
2025-11-24T15:53:34.470696,/muse/elements/alpha_relative,"[0.14810446564749005, 0.33331633373443736, 0.23952359640232274, 0.14270856273702953]"
2025-11-24T15:53:34.578744,/muse/elements/beta_relative,"[0.1624811536736059, 0.19216910683126498, 0.2615152154619236, 0.1517027491870817]"
"
2025-11-24T15:53:34.672014,/muse/elements/theta_relative,"[0.25500104256683215, 0.1255394530819609, 0.14327643941486778, 0.2089294700499843]"
2025-11-24T15:53:34.733657,/muse/elements/gamma_relative,"[0.05557717208624734, 0.06562633932403088, 0.08824965284235554, 0.0424543151102483]"
2025-11-24T15:53:34.826900,/muse/is_good,"[0.0, 1.0, 0.0, 1.0]"
2025-11-24T15:53:34.857976,/muse/hsi,"[1.0, 1.0, 2.0, 1.0]"
2025-11-24T15:53:34.949679,/muse/eeg,"[788.9377289377289, 782.4908424908425, 387.61904761904765, 801.4285714285714]"
2025-11-24T15:53:34.965577,/muse/eegAux,"[nan, nan, 0.0, 0.0]"
2025-11-24T15:53:35.089030,/muse/eeg,"[788.9377289377289, 782.4908424908425, 387.61904761904765, 801.4285714285714]"
2025-11-24T15:53:35.182328,/muse/eegAux,"[nan, nan, 0.0, 0.0]"
2025-11-24T15:53:35.198042,/muse/eeg,"[788.9377289377289, 782.4908424908425, 387.61904761904765, 801.4285714285714]"
2025-11-24T15:53:35.245026,/muse/eegAux,"[nan, nan, 0.0, 0.0]"
2025-11-24T15:53:35.323194,/muse/eeg,"[788.9377289377289, 782.4908424908425, 387.61904761904765, 801.4285714285714]"
2025-11-24T15:53:35.369764,/muse/eegAux,"[nan, nan, 0.0, 0.0]"
2025-11-24T15:53:35.478309,/muse/eeg,"[788.9377289377289, 782.4908424908425, 387.61904761904765, 801.4285714285714]"
2025-11-24T15:53:35.524001,/muse/eegAux,"[nan, nan, 0.0, 0.0]"
2025-11-24T15:53:35.570234,/muse/eeg,"[788.9377289377289, 782.4908424908425, 387.61904761904765, 801.4285714285714]"
2025-11-24T15:53:35.661748,/muse/eegAux,"[nan, nan, 0.0, 0.0]"
2025-11-24T15:53:35.771592,/muse/eeg,"[788.9377289377289, 782.4908424908425, 387.61904761904765, 801.4285714285714]"
2025-11-24T15:53:35.818552,/muse/eegAux,"[nan, nan, 0.0, 0.0]"
2025-11-24T15:53:35.927711,/muse/eeg,"[788.9377289377289, 782.4908424908425, 387.61904761904765, 801.4285714285714]"
2025-11-24T15:53:36.053372,/muse/eegAux,"[nan, nan, 0.0, 0.0]"
2025-11-24T15:53:36.100350,/muse/eeg,"[788.9377289377289, 782.4908424908425, 387.61904761904765, 801.4285714285714]"
2025-11-24T15:53:36.147360,/muse/eegAux,"[nan, nan, 0.0, 0.0]"
2025-11-24T15:53:36.163432,/muse/eeg,"[788.9377289377289, 782.4908424908425, 387.61904761904765, 801.4285714285714]"
2025-11-24T15:53:36.255117,/muse/eegAux,"[nan, nan, 0.0, 0.0]"
2025-11-24T15:53:36.410809,/muse/eeg,"[788.9377289377289, 782.4908424908425, 387.61904761904765, 801.4285714285714]"
2025-11-24T15:53:36.459668,/muse/eegAux,"[nan, nan, 0.0, 0.0]"
2025-11-24T15:53:36.489449,/muse/drlref,"[1618974.358974359, 1596410.2564102563]"
2025-11-24T15:53:36.550742,/muse/drlref,"[1618974.358974359, 1596410.2564102563]"
2025-11-24T15:53:36.596919,/muse/drlref,"[1618974.358974359, 1596410.2564102563]"
2025-11-24T15:53:36.658281,/muse/drlref,"[1618974.358974359, 1596410.2564102563]"
2025-11-24T15:53:36.735073,/muse/drlref,"[1618974.358974359, 1596410.2564102563]"
2025-11-24T15:53:36.781306,/muse/drlref,"[1618974.358974359, 1596410.2564102563]"
2025-11-24T15:53:36.859682,/muse/gyro,"[3.03558349609375, -3.790740966796875, 0.710296630859375]"
2025-11-24T15:53:36.905851,/muse/gyro,"[3.03558349609375, -3.790740966796875, 0.710296630859375]"
2025-11-24T15:53:36.967359,/muse/gyro,"[3.03558349609375, -3.790740966796875, 0.710296630859375]"
2025-11-24T15:53:37.014220,/muse/acc,"[0.2412109375, -0.153076171875, 0.96197509765625]"
2025-11-24T15:53:37.123931,/muse/acc,"[0.2412109375, -0.153076171875, 0.96197509765625]"
2025-11-24T15:53:37.077174,/muse/acc,"[0.2412109375, -0.153076171875, 0.96197509765625]"
2025-11-24T15:53:37.262864,/muse/eeg,"[801.8315018315019, 783.2967032967033, 802.6373626373627, 786.1172161172161]"
2025-11-24T15:53:37.308751,/muse/eegAux,"[nan, nan, 0.0, 0.0]"
2025-11-24T15:53:37.386330,/muse/eeg,"[770.8058608058608, 778.4615384615385, 365.8608058608059, 777.6556776556777]"
2025-11-24T15:53:37.479405,/muse/eegAux,"[nan, nan, 0.0, 0.0]"
2025-11-24T15:53:37.541278,/muse/eeg,"[778.4615384615385, 780.4761904761905, 655.9706959706959, 784.1025641025641]"
2025-11-24T15:53:37.601972,/muse/eegAux,"[nan, nan, 0.0, 0.0]"
2025-11-24T15:53:37.648636,/muse/eeg,"[776.0439560439561, 768.7912087912088, 427.1062271062271, 786.1172161172161]"
2025-11-24T15:53:37.709525,/muse/eegAux,"[nan, nan, 0.0, 0.0]"
2025-11-24T15:53:37.755963,/muse/eeg,"[772.8205128205128, 766.7765567765568, 475.8608058608059, 793.3699633699634]"
2025-11-24T15:53:37.818617,/muse/eegAux,"[nan, nan, 0.0, 0.0]"
2025-11-24T15:53:37.881281,/muse/eeg,"[770.0, 779.6703296703297, 276.8131868131868, 785.7142857142858]"
2025-11-24T15:53:37.959754,/muse/eegAux,"[nan, nan, 0.0, 0.0]"
2025-11-24T15:53:37.991605,/muse/eeg,"[770.0, 779.6703296703297, 276.8131868131868, 785.7142857142858]"
2025-11-24T15:53:38.038380,/muse/eegAux,"[nan, nan, 0.0, 0.0]"
2025-11-24T15:53:38.084613,/muse/eeg,"[770.0, 779.6703296703297, 276.8131868131868, 785.7142857142858]"
2025-11-24T15:53:38.130615,/muse/eegAux,"[nan, nan, 0.0, 0.0]"
2025-11-24T15:53:38.193373,/muse/eeg,"[770.0, 779.6703296703297, 276.8131868131868, 785.7142857142858]"
2025-11-24T15:53:38.256229,/muse/eegAux,"[nan, nan, 0.0, 0.0]"
2025-11-24T15:53:38.302435,/muse/eeg,"[770.0, 779.6703296703297, 276.8131868131868, 785.7142857142858]"
2025-11-24T15:53:38.333071,/muse/eegAux,"[nan, nan, 0.0, 0.0]"
2025-11-24T15:53:38.425396,/muse/eeg,"[770.0, 779.6703296703297, 276.8131868131868, 785.7142857142858]"
2025-11-24T15:53:38.519860,/muse/eegAux,"[nan, nan, 0.0, 0.0]"
2025-11-24T15:53:38.582534,/muse/eeg,"[770.0, 779.6703296703297, 276.8131868131868, 785.7142857142858]"
2025-11-24T15:53:38.676750,/muse/eegAux,"[nan, nan, 0.0, 0.0]"
2025-11-24T15:53:38.769500,/muse/gyro,"[3.8580322265625, -2.5421142578125, 0.605621337890625]"
2025-11-24T15:53:38.800473,/muse/gyro,"[3.8580322265625, -2.5421142578125, 0.605621337890625]"
2025-11-24T15:53:38.846408,/muse/gyro,"[3.8580322265625, -2.5421142578125, 0.605621337890625]"
2025-11-24T15:53:38.908151,/muse/acc,"[0.24609375, -0.15069580078125, 0.962158203125]"
2025-11-24T15:53:38.970106,/muse/acc,"[0.241455078125, -0.15667724609375, 0.96563720703125]"
2025-11-24T15:53:39.016766,/muse/acc,"[0.241455078125, -0.15667724609375, 0.96563720703125]"
2025-11-24T15:53:39.142115,/muse/eegAux,"[nan, nan, 0.0, 0.0]"
2025-11-24T15:53:39.078027,/muse/eeg,"[775.2380952380953, 782.893772893773, 164.7985347985348, 777.2527472527473]"
2025-11-24T15:53:39.187858,/muse/eeg,"[775.2380952380953, 782.893772893773, 164.7985347985348, 777.2527472527473]"
2025-11-24T15:53:39.312849,/muse/eegAux,"[nan, nan, 0.0, 0.0]"
2025-11-24T15:53:39.405844,/muse/eeg,"[775.2380952380953, 782.893772893773, 164.7985347985348, 777.2527472527473]"
2025-11-24T15:53:39.451784,/muse/eegAux,"[nan, nan, 0.0, 0.0]"
2025-11-24T15:53:39.543741,/muse/elements/alpha_absolute,"[0.4382147055337743, 0.8185540857892387, 0.9472492683000144, 0.637470252843958]"
2025-11-24T15:53:39.589359,/muse/elements/beta_absolute,"[0.5292448711180403, 0.5828658389290844, 0.9853979264338821, 0.6928070283778505]"
2025-11-24T15:53:39.636742,/muse/elements/delta_absolute,"[0.9629887417196317, 0.7303595529809499, 0.9951193641341841, 1.1738346781152813]"
2025-11-24T15:53:39.731248,/muse/elements/theta_absolute,"[0.6883599329583868, 0.3739792307265534, 0.7240757446562845, 0.8105616180924213]"
2025-11-24T15:53:39.840371,/muse/elements/alpha_relative,"[0.12877369079533368, 0.33893531208459576, 0.23952359640232274, 0.13552558440414983]"
2025-11-24T15:53:39.793228,/muse/elements/gamma_absolute,"[0.04629628377136669, 0.10578210823864397, 0.5136139700309592, 0.13529978428794437]"
2025-11-24T15:53:39.963712,/muse/elements/delta_relative,"[0.43112298684452655, 0.27664465613926575, 0.26743509587853037, 0.4659997824729666]"
2025-11-24T15:53:39.917459,/muse/elements/beta_relative,"[0.15880249036371893, 0.19698292021211553, 0.2615152154619236, 0.15394233307378957]"
2025-11-24T15:53:40.077597,/muse/elements/theta_relative,"[0.22907219148770577, 0.12177046465771285, 0.14327643941486778, 0.2018889986305519]"
2025-11-24T15:53:40.136080,/muse/elements/gamma_relative,"[0.052228640508715174, 0.06566664690630997, 0.08824965284235554, 0.04264330141854217]"
2025-11-24T15:53:40.167563,/muse/is_good,"[1.0, 1.0, 0.0, 1.0]"
2025-11-24T15:53:40.229189,/muse/hsi,"[1.0, 1.0, 2.0, 1.0]"
2025-11-24T15:53:40.338337,/muse/eegAux,"[nan, nan, 0.0, 0.0]"
2025-11-24T15:53:40.385411,/muse/eeg,"[773.6263736263736, 780.0732600732601, 633.4065934065934, 788.1318681318681]"
2025-11-24T15:53:40.292648,/muse/eeg,"[773.6263736263736, 780.0732600732601, 633.4065934065934, 788.1318681318681]"
2025-11-24T15:53:40.494344,/muse/eegAux,"[nan, nan, 0.0, 0.0]"
2025-11-24T15:53:40.541097,/muse/eeg,"[773.6263736263736, 780.0732600732601, 633.4065934065934, 788.1318681318681]"
2025-11-24T15:53:40.618861,/muse/eegAux,"[nan, nan, 0.0, 0.0]"
2025-11-24T15:53:40.680467,/muse/eeg,"[773.6263736263736, 780.0732600732601, 633.4065934065934, 788.1318681318681]"
2025-11-24T15:53:40.743547,/muse/eegAux,"[nan, nan, 0.0, 0.0]"
2025-11-24T15:53:40.866207,/muse/eeg,"[773.6263736263736, 780.0732600732601, 633.4065934065934, 788.1318681318681]"
2025-11-24T15:53:40.928075,/muse/eegAux,"[nan, nan, 0.0, 0.0]"
2025-11-24T15:53:40.991586,/muse/eeg,"[773.6263736263736, 780.0732600732601, 633.4065934065934, 788.1318681318681]"
2025-11-24T15:53:41.036933,/muse/eegAux,"[nan, nan, 0.0, 0.0]"
2025-11-24T15:53:41.084292,/muse/eeg,"[773.6263736263736, 780.0732600732601, 633.4065934065934, 788.1318681318681]"
2025-11-24T15:53:41.193835,/muse/eegAux,"[nan, nan, 0.0, 0.0]"
2025-11-24T15:53:41.287469,/muse/eeg,"[773.6263736263736, 780.0732600732601, 633.4065934065934, 788.1318681318681]"
2025-11-24T15:53:41.364963,/muse/eegAux,"[nan, nan, 0.0, 0.0]"
2025-11-24T15:53:41.411296,/muse/eeg,"[773.6263736263736, 780.0732600732601, 633.4065934065934, 788.1318681318681]"
2025-11-24T15:53:41.489351,/muse/eegAux,"[nan, nan, 0.0, 0.0]"
2025-11-24T15:53:41.519708,/muse/gyro,"[3.416900634765625, -3.566436767578125, 1.1962890625]"
2025-11-24T15:53:41.597843,/muse/gyro,"[3.416900634765625, -3.566436767578125, 1.1962890625]"
2025-11-24T15:53:41.645036,/muse/gyro,"[3.416900634765625, -3.566436767578125, 1.1962890625]"
2025-11-24T15:53:41.722703,/muse/acc,"[0.2415771484375, -0.1551513671875, 0.968017578125]"
2025-11-24T15:53:41.768459,/muse/acc,"[0.2415771484375, -0.1551513671875, 0.968017578125]"
2025-11-24T15:53:41.830331,/muse/acc,"[0.2415771484375, -0.1551513671875, 0.968017578125]"
2025-11-24T15:53:41.861259,/muse/eeg,"[790.952380952381, 766.7765567765568, 717.6190476190476, 800.2197802197802]"
2025-11-24T15:53:41.923373,/muse/eegAux,"[nan, nan, 0.0, 0.0]"
2025-11-24T15:53:42.017449,/muse/eeg,"[790.952380952381, 766.7765567765568, 717.6190476190476, 800.2197802197802]"
2025-11-24T15:53:42.079257,/muse/eegAux,"[nan, nan, 0.0, 0.0]"
2025-11-24T15:53:42.125890,/muse/eeg,"[790.952380952381, 766.7765567765568, 717.6190476190476, 800.2197802197802]"
2025-11-24T15:53:42.187578,/muse/eegAux,"[nan, nan, 0.0, 0.0]"
2025-11-24T15:53:42.234021,/muse/eeg,"[790.952380952381, 766.7765567765568, 717.6190476190476, 800.2197802197802]"
2025-11-24T15:53:42.280054,/muse/eegAux,"[nan, nan, 0.0, 0.0]"
2025-11-24T15:53:42.342220,/muse/eeg,"[790.952380952381, 766.7765567765568, 717.6190476190476, 800.2197802197802]"
2025-11-24T15:53:42.404451,/muse/eegAux,"[nan, nan, 0.0, 0.0]"
2025-11-24T15:53:42.435288,/muse/eeg,"[790.952380952381, 766.7765567765568, 717.6190476190476, 800.2197802197802]"
2025-11-24T15:53:42.497376,/muse/eegAux,"[nan, nan, 0.0, 0.0]"
2025-11-24T15:53:42.559295,/muse/eeg,"[790.952380952381, 766.7765567765568, 717.6190476190476, 800.2197802197802]"
2025-11-24T15:53:42.621260,/muse/eegAux,"[nan, nan, 0.0, 0.0]"
2025-11-24T15:53:42.667474,/muse/eeg,"[790.952380952381, 766.7765567765568, 717.6190476190476, 800.2197802197802]"
2025-11-24T15:53:42.730154,/muse/eegAux,"[nan, nan, 0.0, 0.0]"
2025-11-24T15:53:42.822816,/muse/eegAux,"[nan, nan, 0.0, 0.0]"
2025-11-24T15:53:42.791645,/muse/eeg,"[790.952380952381, 766.7765567765568, 717.6190476190476, 800.2197802197802]"
2025-11-24T15:53:42.885054,/muse/eeg,"[790.952380952381, 766.7765567765568, 717.6190476190476, 800.2197802197802]"
2025-11-24T15:53:42.962487,/muse/eegAux,"[nan, nan, 0.0, 0.0]"
2025-11-24T15:53:42.992868,/muse/eeg,"[790.952380952381, 766.7765567765568, 717.6190476190476, 800.2197802197802]"
2025-11-24T15:53:43.039493,/muse/eegAux,"[nan, nan, 0.0, 0.0]"
2025-11-24T15:53:43.086053,/muse/eeg,"[790.952380952381, 766.7765567765568, 717.6190476190476, 800.2197802197802]"
2025-11-24T15:53:43.131949,/muse/eegAux,"[nan, nan, 0.0, 0.0]"
2025-11-24T15:53:43.193993,/muse/eeg,"[782.4908424908425, 761.941391941392, 503.2600732600733, 790.952380952381]"
2025-11-24T15:53:43.239755,/muse/eegAux,"[nan, nan, 0.0, 0.0]"
2025-11-24T15:53:43.270478,/muse/eeg,"[807.0695970695971, 780.0732600732601, 254.24908424908426, 790.5494505494506]"
2025-11-24T15:53:43.378908,/muse/eegAux,"[nan, nan, 0.0, 0.0]"
2025-11-24T15:53:43.439679,/muse/eeg,"[807.0695970695971, 780.0732600732601, 254.24908424908426, 790.5494505494506]"
2025-11-24T15:53:43.547995,/muse/eegAux,"[nan, nan, 0.0, 0.0]"
2025-11-24T15:53:43.594116,/muse/eeg,"[807.0695970695971, 780.0732600732601, 254.24908424908426, 790.5494505494506]"
2025-11-24T15:53:43.686248,/muse/eeg,"[807.0695970695971, 780.0732600732601, 254.24908424908426, 790.5494505494506]"
2025-11-24T15:53:43.640299,/muse/eegAux,"[nan, nan, 0.0, 0.0]"
2025-11-24T15:53:43.825516,/muse/eegAux,"[nan, nan, 0.0, 0.0]"
2025-11-24T15:53:43.856728,/muse/elements/alpha_absolute,"[0.4129227478057291, 0.8185540857892387, 0.9472492683000144, 0.6394696585228882]"
2025-11-24T15:53:43.980445,/muse/elements/delta_absolute,"[1.010934778660629, 0.6955897444655046, 0.9951193641341841, 1.1835857635858724]"
2025-11-24T15:53:43.949879,/muse/elements/beta_absolute,"[0.5334912389126307, 0.5879606453115733, 0.9853979264338821, 0.7027424561800703]"
2025-11-24T15:53:44.027557,/muse/elements/theta_absolute,"[0.7192119428884738, 0.3687529675312754, 0.7240757446562845, 0.8167252478501055]"
2025-11-24T15:53:44.152383,/muse/elements/gamma_absolute,"[0.0364289455721029, 0.09258370857982635, 0.5136139700309592, 0.14727694722663087]"
2025-11-24T15:53:44.168186,/muse/elements/alpha_relative,"[0.11458049572489869, 0.3466952677560252, 0.23952359640232274, 0.13363236968021525]"
2025-11-24T15:53:44.247120,/muse/elements/beta_relative,"[0.1512443598141763, 0.20387054001388763, 0.2615152154619236, 0.1545910928701877]"
2025-11-24T15:53:44.339979,/muse/elements/delta_relative,"[0.45406991459980484, 0.2612062549013061, 0.26743509587853037, 0.4677650557129116]"
2025-11-24T15:53:44.386040,/muse/elements/theta_relative,"[0.23195294554438645, 0.12306846831839036, 0.14327643941486778, 0.20098667200260653]"
2025-11-24T15:53:44.416575,/muse/elements/gamma_relative,"[0.04815228431673368, 0.06515946901039071, 0.08824965284235554, 0.043024809734078975]"
2025-11-24T15:53:44.447227,/muse/is_good,"[1.0, 1.0, 0.0, 1.0]"
2025-11-24T15:53:44.554531,/muse/hsi,"[1.0, 1.0, 2.0, 1.0]"
2025-11-24T15:53:44.617751,/muse/eeg,"[784.5054945054945, 763.5531135531136, 636.2271062271062, 768.3882783882784]"
2025-11-24T15:53:44.664237,/muse/eegAux,"[nan, nan, 0.0, 0.0]"
2025-11-24T15:53:44.727091,/muse/eegAux,"[nan, nan, 0.0, 0.0]"
2025-11-24T15:53:44.711236,/muse/eeg,"[784.5054945054945, 763.5531135531136, 636.2271062271062, 768.3882783882784]"
2025-11-24T15:53:44.742579,/muse/eeg,"[784.5054945054945, 763.5531135531136, 636.2271062271062, 768.3882783882784]"
2025-11-24T15:53:44.788711,/muse/eegAux,"[nan, nan, 0.0, 0.0]"
2025-11-24T15:53:44.819232,/muse/eeg,"[784.5054945054945, 763.5531135531136, 636.2271062271062, 768.3882783882784]"
2025-11-24T15:53:44.834467,/muse/eegAux,"[nan, nan, 0.0, 0.0]"
2025-11-24T15:53:44.880799,/muse/eeg,"[784.5054945054945, 763.5531135531136, 636.2271062271062, 768.3882783882784]"
2025-11-24T15:53:44.941891,/muse/eegAux,"[nan, nan, 0.0, 0.0]"
2025-11-24T15:53:45.019194,/muse/eeg,"[784.5054945054945, 763.5531135531136, 636.2271062271062, 768.3882783882784]"
2025-11-24T15:53:45.079967,/muse/eegAux,"[nan, nan, 0.0, 0.0]"
2025-11-24T15:53:45.111571,/muse/eeg,"[784.5054945054945, 763.5531135531136, 636.2271062271062, 768.3882783882784]"
2025-11-24T15:53:45.202948,/muse/eegAux,"[nan, nan, 0.0, 0.0]"
2025-11-24T15:53:45.311422,/muse/gyro,"[3.386993408203125, -2.385101318359375, 2.130889892578125]"
2025-11-24T15:53:45.234128,/muse/gyro,"[3.386993408203125, -2.385101318359375, 2.130889892578125]"
2025-11-24T15:53:45.388266,/muse/gyro,"[3.386993408203125, -2.385101318359375, 2.130889892578125]"
2025-11-24T15:53:45.435062,/muse/acc,"[0.24078369140625, -0.1519775390625, 0.965087890625]"
2025-11-24T15:53:45.543319,/muse/acc,"[0.24078369140625, -0.1519775390625, 0.965087890625]"
2025-11-24T15:53:45.637100,/muse/acc,"[0.24078369140625, -0.1519775390625, 0.965087890625]"
2025-11-24T15:53:45.729777,/muse/eeg,"[772.8205128205128, 758.7179487179487, 454.90842490842493, 764.3589743589744]"
2025-11-24T15:53:45.823404,/muse/eegAux,"[nan, nan, 0.0, 0.0]"
2025-11-24T15:53:45.869578,/muse/eeg,"[781.2820512820513, 757.5091575091575, 470.21978021978026, 805.8608058608058]"
2025-11-24T15:53:45.962500,/muse/eegAux,"[nan, nan, 0.0, 0.0]"
2025-11-24T15:53:45.992760,/muse/eeg,"[780.0732600732601, 751.8681318681319, 296.959706959707, 789.7435897435897]"
2025-11-24T15:53:46.070003,/muse/eegAux,"[nan, nan, 0.0, 0.0]"
2025-11-24T15:53:46.132213,/muse/eeg,"[784.9084249084249, 751.4652014652015, 363.0402930402931, 790.1465201465202]"
2025-11-24T15:53:46.210232,/muse/eegAux,"[nan, nan, 0.0, 0.0]"
2025-11-24T15:53:46.303466,/muse/eeg,"[772.4175824175825, 765.5677655677656, 422.6739926739927, 774.0293040293041]"
2025-11-24T15:53:46.427196,/muse/eegAux,"[nan, nan, 0.0, 0.0]"
2025-11-24T15:53:46.536044,/muse/eeg,"[778.8644688644689, 767.985347985348, 485.12820512820514, 805.4578754578755]"
2025-11-24T15:53:46.597367,/muse/eegAux,"[nan, nan, 0.0, 0.0]"
2025-11-24T15:53:46.660854,/muse/eeg,"[778.8644688644689, 767.985347985348, 485.12820512820514, 805.4578754578755]"
2025-11-24T15:53:46.691295,/muse/eegAux,"[nan, nan, 0.0, 0.0]"
2025-11-24T15:53:46.737973,/muse/eeg,"[778.8644688644689, 767.985347985348, 485.12820512820514, 805.4578754578755]"
2025-11-24T15:53:46.892437,/muse/eeg,"[778.8644688644689, 767.985347985348, 485.12820512820514, 805.4578754578755]"
2025-11-24T15:53:46.831046,/muse/eegAux,"[nan, nan, 0.0, 0.0]"
2025-11-24T15:53:46.954158,/muse/eegAux,"[nan, nan, 0.0, 0.0]"
2025-11-24T15:53:47.001277,/muse/eeg,"[778.8644688644689, 767.985347985348, 485.12820512820514, 805.4578754578755]"
2025-11-24T15:53:47.047399,/muse/eegAux,"[nan, nan, 0.0, 0.0]"
2025-11-24T15:53:47.124751,/muse/eeg,"[778.8644688644689, 767.985347985348, 485.12820512820514, 805.4578754578755]"
2025-11-24T15:53:47.248640,/muse/eeg,"[778.8644688644689, 767.985347985348, 485.12820512820514, 805.4578754578755]"
2025-11-24T15:53:47.186224,/muse/eegAux,"[nan, nan, 0.0, 0.0]"
2025-11-24T15:53:47.325701,/muse/eegAux,"[nan, nan, 0.0, 0.0]"
2025-11-24T15:53:47.372074,/muse/drlref,"[1618974.358974359, 1597216.1172161172]"
2025-11-24T15:53:47.464495,/muse/drlref,"[1618974.358974359, 1596410.2564102563]"
2025-11-24T15:53:47.526774,/muse/drlref,"[1618974.358974359, 1596410.2564102563]"
2025-11-24T15:53:47.603546,/muse/drlref,"[1618974.358974359, 1596410.2564102563]"
2025-11-24T15:53:47.649864,/muse/drlref,"[1618974.358974359, 1596410.2564102563]"
2025-11-24T15:53:47.744343,/muse/drlref,"[1618974.358974359, 1596410.2564102563]"
2025-11-24T15:53:47.790486,/muse/gyro,"[3.446807861328125, -3.84307861328125, 2.67669677734375]"
2025-11-24T15:53:47.944424,/muse/gyro,"[3.446807861328125, -3.84307861328125, 2.67669677734375]"
2025-11-24T15:53:47.882738,/muse/gyro,"[3.446807861328125, -3.84307861328125, 2.67669677734375]"
2025-11-24T15:53:47.994935,/muse/acc,"[0.23272705078125, -0.156982421875, 0.96246337890625]"
2025-11-24T15:53:48.071667,/muse/acc,"[0.23272705078125, -0.156982421875, 0.96246337890625]"
2025-11-24T15:53:48.101947,/muse/acc,"[0.23272705078125, -0.156982421875, 0.96246337890625]"
2025-11-24T15:53:48.163711,/muse/eeg,"[784.1025641025641, 770.0, 563.6996336996338, 804.2490842490843]"
2025-11-24T15:53:48.241314,/muse/eegAux,"[nan, nan, 0.0, 0.0]"
2025-11-24T15:53:48.335643,/muse/eeg,"[790.952380952381, 761.1355311355312, 484.32234432234435, 791.3553113553114]"
2025-11-24T15:53:48.382120,/muse/eegAux,"[nan, nan, 0.0, 0.0]"
2025-11-24T15:53:48.443819,/muse/eeg,"[801.8315018315019, 745.8241758241759, 514.5421245421246, 797.8021978021978]"
2025-11-24T15:53:48.521703,/muse/eegAux,"[nan, nan, 0.0, 0.0]"
2025-11-24T15:53:48.582283,/muse/eeg,"[776.4468864468864, 743.4065934065934, 185.34798534798534, 788.1318681318681]"
2025-11-24T15:53:48.613444,/muse/eegAux,"[nan, nan, 0.0, 0.0]"
2025-11-24T15:53:48.673790,/muse/eeg,"[776.4468864468864, 743.4065934065934, 185.34798534798534, 788.1318681318681]"
2025-11-24T15:53:48.766343,/muse/eegAux,"[nan, nan, 0.0, 0.0]"
2025-11-24T15:53:48.797322,/muse/eeg,"[776.4468864468864, 743.4065934065934, 185.34798534798534, 788.1318681318681]"
2025-11-24T15:53:48.828836,/muse/eegAux,"[nan, nan, 0.0, 0.0]"
2025-11-24T15:53:48.873882,/muse/eeg,"[776.4468864468864, 743.4065934065934, 185.34798534798534, 788.1318681318681]"
2025-11-24T15:53:48.889247,/muse/eegAux,"[nan, nan, 0.0, 0.0]"
2025-11-24T15:53:48.951269,/muse/elements/beta_absolute,"[0.524745975031818, 0.5960415783413079, 0.9853979264338821, 0.7005688329237738]"
2025-11-24T15:53:48.935219,/muse/elements/alpha_absolute,"[0.45586991766410456, 0.8185540857892387, 0.9472492683000144, 0.6394696585228882]"
2025-11-24T15:53:49.045329,/muse/elements/theta_absolute,"[0.798166304162166, 0.3601680320784045, 0.7240757446562845, 0.8360630038430299]"
2025-11-24T15:53:49.108056,/muse/elements/gamma_absolute,"[0.020068502618417684, 0.07688509803881967, 0.5136139700309592, 0.1604027211427695]"
2025-11-24T15:53:49.014354,/muse/elements/delta_absolute,"[1.096323327641568, 0.6570316365778589, 0.9951193641341841, 1.1899311844947922]"
2025-11-24T15:53:49.201449,/muse/elements/alpha_relative,"[0.10979908077333536, 0.35488760115662377, 0.23952359640232274, 0.1314522901011255]"
2025-11-24T15:53:49.247699,/muse/elements/beta_relative,"[0.12866924766549792, 0.21260737188812143, 0.2615152154619236, 0.15130989538011602]"
2025-11-24T15:53:49.278269,/muse/elements/delta_relative,"[0.4797910188894888, 0.2446630454303828, 0.26743509587853037, 0.4669062447633632]"
2025-11-24T15:53:49.340649,/muse/elements/theta_relative,"[0.24148774202621856, 0.12351075394695939, 0.14327643941486778, 0.20671000710481613]"
2025-11-24T15:53:49.387179,/muse/elements/gamma_relative,"[0.04025291064545928, 0.0643312275779126, 0.08824965284235554, 0.04362156265057915]"
2025-11-24T15:53:49.480768,/muse/is_good,"[1.0, 1.0, 0.0, 1.0]"
2025-11-24T15:53:49.542882,/muse/hsi,"[1.0, 1.0, 2.0, 1.0]"
2025-11-24T15:53:49.559023,/muse/eeg,"[763.956043956044, 748.6446886446887, 114.83516483516483, 784.1025641025641]"
2025-11-24T15:53:49.635513,/muse/eegAux,"[nan, nan, 0.0, 0.0]"
6886446887, 114.83516483516483, 784.1025641025641]"
2025-11-24T15:53:49.758995,/muse/eegAux,"[nan, nan, 0.0, 0.0]"
2025-11-24T15:53:49.806158,/muse/eeg,"[763.956043956044, 748.6446886446887, 114.83516483516483, 784.1025641025641]"
2025-11-24T15:53:49.853402,/muse/eegAux,"[nan, nan, 0.0, 0.0]"
2025-11-24T15:53:49.978001,/muse/eeg,"[763.956043956044, 748.6446886446887, 114.83516483516483, 784.1025641025641]"
2025-11-24T15:53:50.024116,/muse/eegAux,"[nan, nan, 0.0, 0.0]"
2025-11-24T15:53:50.055335,/muse/eeg,"[763.956043956044, 748.6446886446887, 114.83516483516483, 784.1025641025641]"
2025-11-24T15:53:50.181459,/muse/gyro,"[4.508514404296875, -4.059906005859375, 2.190704345703125]"
2025-11-24T15:53:50.149917,/muse/gyro,"[4.508514404296875, -4.059906005859375, 2.190704345703125]"
2025-11-24T15:53:50.071201,/muse/eegAux,"[nan, nan, 0.0, 0.0]"
2025-11-24T15:53:50.260051,/muse/gyro,"[4.508514404296875, -4.059906005859375, 2.190704345703125]"
2025-11-24T15:53:50.307236,/muse/acc,"[0.233642578125, -0.15740966796875, 0.967041015625]"
2025-11-24T15:53:50.338878,/muse/acc,"[0.233642578125, -0.15740966796875, 0.967041015625]"
2025-11-24T15:53:50.385493,/muse/acc,"[0.233642578125, -0.15740966796875, 0.967041015625]"
2025-11-24T15:53:50.448243,/muse/eeg,"[816.7399267399268, 765.5677655677656, 431.13553113553115, 790.952380952381]"
2025-11-24T15:53:50.494322,/muse/eegAux,"[nan, nan, 0.0, 0.0]"
2025-11-24T15:53:50.541141,/muse/eeg,"[816.7399267399268, 765.5677655677656, 431.13553113553115, 790.952380952381]"
2025-11-24T15:53:50.633709,/muse/eeg,"[816.7399267399268, 765.5677655677656, 431.13553113553115, 790.952380952381]"
2025-11-24T15:53:50.603466,/muse/eegAux,"[nan, nan, 0.0, 0.0]"
2025-11-24T15:53:50.664099,/muse/eegAux,"[nan, nan, 0.0, 0.0]"
2025-11-24T15:53:50.710105,/muse/eeg,"[816.7399267399268, 765.5677655677656, 431.13553113553115, 790.952380952381]"
2025-11-24T15:53:50.787562,/muse/eegAux,"[nan, nan, 0.0, 0.0]"
2025-11-24T15:53:50.879049,/muse/eeg,"[816.7399267399268, 765.5677655677656, 431.13553113553115, 790.952380952381]"
2025-11-24T15:53:50.958319,/muse/eegAux,"[nan, nan, 0.0, 0.0]"
2025-11-24T15:53:51.005654,/muse/eeg,"[816.7399267399268, 765.5677655677656, 431.13553113553115, 790.952380952381]"
2025-11-24T15:53:51.098053,/muse/eegAux,"[nan, nan, 0.0, 0.0]"
2025-11-24T15:53:51.190167,/muse/eeg,"[816.7399267399268, 765.5677655677656, 431.13553113553115, 790.952380952381]"
2025-11-24T15:53:51.267388,/muse/eegAux,"[nan, nan, 0.0, 0.0]"
2025-11-24T15:53:51.298444,/muse/eeg,"[816.7399267399268, 765.5677655677656, 431.13553113553115, 790.952380952381]"
2025-11-24T15:53:51.421953,/muse/eegAux,"[nan, nan, 0.0, 0.0]"
2025-11-24T15:53:51.436931,/muse/eeg,"[816.7399267399268, 765.5677655677656, 431.13553113553115, 790.952380952381]"
2025-11-24T15:53:51.514380,/muse/eegAux,"[nan, nan, 0.0, 0.0]"
2025-11-24T15:53:51.685008,/muse/eeg,"[816.7399267399268, 765.5677655677656, 431.13553113553115, 790.952380952381]"
2025-11-24T15:53:51.732309,/muse/eegAux,"[nan, nan, 0.0, 0.0]"
2025-11-24T15:53:51.808897,/muse/eeg,"[816.7399267399268, 765.5677655677656, 431.13553113553115, 790.952380952381]"
2025-11-24T15:53:51.884992,/muse/eegAux,"[nan, nan, 0.0, 0.0]"
2025-11-24T15:53:51.962263,/muse/eeg,"[816.7399267399268, 765.5677655677656, 431.13553113553115, 790.952380952381]"
2025-11-24T15:53:52.008700,/muse/eegAux,"[nan, nan, 0.0, 0.0]"
2025-11-24T15:53:52.054787,/muse/gyro,"[4.964599609375, -3.7384033203125, 1.54022216796875]"
2025-11-24T15:53:52.117523,/muse/gyro,"[4.964599609375, -3.7384033203125, 1.54022216796875]"
2025-11-24T15:53:52.165770,/muse/gyro,"[4.964599609375, -3.7384033203125, 1.54022216796875]"
2025-11-24T15:53:52.211918,/muse/acc,"[0.24188232421875, -0.1563720703125, 0.95635986328125]"
2025-11-24T15:53:52.291103,/muse/acc,"[0.24188232421875, -0.1563720703125, 0.95635986328125]"
2025-11-24T15:53:52.353036,/muse/acc,"[0.24188232421875, -0.1563720703125, 0.95635986328125]"
2025-11-24T15:53:52.368266,/muse/eeg,"[807.4725274725275, 753.4798534798535, 659.1941391941392, 814.7252747252747]"
2025-11-24T15:53:52.414570,/muse/eegAux,"[nan, nan, 0.0, 0.0]"
2025-11-24T15:53:52.508040,/muse/eeg,"[828.4249084249085, 763.5531135531136, 538.7179487179487, 795.7875457875458]"
2025-11-24T15:53:52.602013,/muse/eegAux,"[nan, nan, 0.0, 0.0]"
2025-11-24T15:53:52.709659,/muse/eegAux,"[nan, nan, 0.0, 0.0]"
2025-11-24T15:53:52.694258,/muse/eeg,"[828.4249084249085, 763.5531135531136, 538.7179487179487, 795.7875457875458]"
2025-11-24T15:53:52.756798,/muse/eeg,"[828.4249084249085, 763.5531135531136, 538.7179487179487, 795.7875457875458]"
2025-11-24T15:53:52.803303,/muse/eegAux,"[nan, nan, 0.0, 0.0]"
2025-11-24T15:53:52.865562,/muse/eeg,"[828.4249084249085, 763.5531135531136, 538.7179487179487, 795.7875457875458]"
2025-11-24T15:53:52.916233,/muse/eegAux,"[nan, nan, 0.0, 0.0]"
2025-11-24T15:53:53.004757,/muse/eeg,"[828.4249084249085, 763.5531135531136, 538.7179487179487, 795.7875457875458]"
2025-11-24T15:53:53.081204,/muse/eegAux,"[nan, nan, 0.0, 0.0]"
2025-11-24T15:53:53.143142,/muse/eeg,"[828.4249084249085, 763.5531135531136, 538.7179487179487, 795.7875457875458]"
2025-11-24T15:53:53.234592,/muse/eegAux,"[nan, nan, 0.0, 0.0]"
2025-11-24T15:53:53.311953,/muse/eeg,"[824.7985347985348, 760.3296703296703, 643.8827838827839, 799.4139194139194]"
2025-11-24T15:53:53.373622,/muse/eegAux,"[nan, nan, 0.0, 0.0]"
2025-11-24T15:53:53.435576,/muse/eeg,"[824.7985347985348, 760.3296703296703, 643.8827838827839, 799.4139194139194]"
2025-11-24T15:53:53.544304,/muse/eegAux,"[nan, nan, 0.0, 0.0]"
2025-11-24T15:53:53.606596,/muse/elements/alpha_absolute,"[0.4045351742204163, 0.8230081029949274, 0.9472492683000144, 0.6394696585228882]"
2025-11-24T15:53:53.652737,/muse/elements/beta_absolute,"[0.5139893564045241, 0.6063358359960064, 0.9853979264338821, 0.6906771410392276]"
2025-11-24T15:53:53.760741,/muse/elements/delta_absolute,"[1.2186263642357997, 0.63104455252075, 0.9951193641341841, 1.2040301903886725]"
2025-11-24T15:53:53.931063,/muse/elements/gamma_absolute,"[-0.008371394604298173, 0.06227422626070807, 0.5136139700309592, 0.17448840194021192]"
2025-11-24T15:53:53.915661,/muse/elements/theta_absolute,"[0.8915075801423525, 0.33200030973506456, 0.7240757446562845, 0.8615877563892287]"
2025-11-24T15:53:53.977704,/muse/elements/alpha_relative,"[0.0815689897247914, 0.3641307447980289, 0.23952359640232274, 0.12812736613291822]"
2025-11-24T15:53:54.039051,/muse/elements/beta_relative,"[0.10494923217339593, 0.22109813662769384, 0.2615152154619236, 0.14416152942070817]"
2025-11-24T15:53:54.131904,/muse/elements/theta_relative,"[0.2503211176996629, 0.11755728736893077, 0.14327643941486778, 0.21367809170307298]"
2025-11-24T15:53:54.100625,/muse/elements/delta_relative,"[0.5316383156463491, 0.23404199906337414, 0.26743509587853037, 0.470113183593049]"
2025-11-24T15:53:54.193161,/muse/elements/gamma_relative,"[0.031522344755800645, 0.06317183214197221, 0.08824965284235554, 0.04391982915025167]"
2025-11-24T15:53:54.270126,/muse/is_good,"[1.0, 1.0, 0.0, 1.0]"
2025-11-24T15:53:54.331542,/muse/hsi,"[1.0, 1.0, 2.0, 1.0]"
2025-11-24T15:53:54.377682,/muse/eeg,"[824.7985347985348, 760.3296703296703, 643.8827838827839, 799.4139194139194]"
2025-11-24T15:53:54.439758,/muse/eegAux,"[nan, nan, 0.0, 0.0]"
2025-11-24T15:53:54.501325,/muse/eeg,"[824.7985347985348, 760.3296703296703, 643.8827838827839, 799.4139194139194]"
2025-11-24T15:53:54.564603,/muse/eegAux,"[nan, nan, 0.0, 0.0]"
2025-11-24T15:53:54.625988,/muse/eeg,"[824.7985347985348, 760.3296703296703, 643.8827838827839, 799.4139194139194]"
2025-11-24T15:53:54.673648,/muse/eegAux,"[nan, nan, 0.0, 0.0]"
2025-11-24T15:53:54.768336,/muse/eeg,"[826.8131868131868, 759.5238095238095, 708.3516483516484, 790.5494505494506]"
2025-11-24T15:53:54.860615,/muse/eegAux,"[nan, nan, 0.0, 0.0]"
2025-11-24T15:53:54.923442,/muse/eeg,"[817.948717948718, 767.985347985348, 344.1025641025641, 803.040293040293]"
2025-11-24T15:53:54.986185,/muse/eegAux,"[nan, nan, 0.0, 0.0]"
2025-11-24T15:53:55.047421,/muse/eeg,"[817.948717948718, 766.3736263736264, 176.4835164835165, 814.3223443223443]"
2025-11-24T15:53:55.093451,/muse/eegAux,"[nan, nan, 0.0, 0.0]"
2025-11-24T15:53:55.123861,/muse/eeg,"[827.2161172161173, 770.4029304029305, 429.1208791208791, 818.3516483516484]"
2025-11-24T15:53:55.218907,/muse/eegAux,"[nan, nan, 0.0, 0.0]"
2025-11-24T15:53:55.296969,/muse/eeg,"[827.2161172161173, 770.4029304029305, 429.1208791208791, 818.3516483516484]"
2025-11-24T15:53:55.360325,/muse/eegAux,"[nan, nan, 0.0, 0.0]"
2025-11-24T15:53:55.375700,/muse/eeg,"[827.2161172161173, 770.4029304029305, 429.1208791208791, 818.3516483516484]"
2025-11-24T15:53:55.438144,/muse/eegAux,"[nan, nan, 0.0, 0.0]"
2025-11-24T15:53:55.529607,/muse/eeg,"[827.2161172161173, 770.4029304029305, 429.1208791208791, 818.3516483516484]"
2025-11-24T15:53:55.592168,/muse/eegAux,"[nan, nan, 0.0, 0.0]"
2025-11-24T15:53:55.623301,/muse/eeg,"[827.2161172161173, 770.4029304029305, 429.1208791208791, 818.3516483516484]"
2025-11-24T15:53:55.669308,/muse/eegAux,"[nan, nan, 0.0, 0.0]"
2025-11-24T15:53:55.699928,/muse/eeg,"[827.2161172161173, 770.4029304029305, 429.1208791208791, 818.3516483516484]"
2025-11-24T15:53:55.746978,/muse/eegAux,"[nan, nan, 0.0, 0.0]"
2025-11-24T15:53:55.809085,/muse/eeg,"[827.2161172161173, 770.4029304029305, 429.1208791208791, 818.3516483516484]"
2025-11-24T15:53:55.841063,/muse/eegAux,"[nan, nan, 0.0, 0.0]"
2025-11-24T15:53:55.902184,/muse/eeg,"[827.2161172161173, 770.4029304029305, 429.1208791208791, 818.3516483516484]"
2025-11-24T15:53:55.979353,/muse/eegAux,"[nan, nan, 0.0, 0.0]"
2025-11-24T15:53:56.042036,/muse/eeg,"[827.2161172161173, 770.4029304029305, 429.1208791208791, 818.3516483516484]"
2025-11-24T15:53:56.089534,/muse/eegAux,"[nan, nan, 0.0, 0.0]"
2025-11-24T15:53:56.120715,/muse/gyro,"[4.493560791015625, -2.70660400390625, 1.45050048828125]"
2025-11-24T15:53:56.136128,/muse/gyro,"[4.493560791015625, -2.70660400390625, 1.45050048828125]"
2025-11-24T15:53:56.167108,/muse/gyro,"[4.493560791015625, -2.70660400390625, 1.45050048828125]"
2025-11-24T15:53:56.198437,/muse/acc,"[0.23516845703125, -0.15142822265625, 0.96173095703125]"
2025-11-24T15:53:56.292647,/muse/acc,"[0.23516845703125, -0.15142822265625, 0.96173095703125]"
2025-11-24T15:53:56.245054,/muse/acc,"[0.23516845703125, -0.15142822265625, 0.96173095703125]"
2025-11-24T15:53:56.323776,/muse/drlref,"[1618974.358974359, 1596410.2564102563]"
2025-11-24T15:53:56.417847,/muse/drlref,"[1618974.358974359, 1596410.2564102563]"
2025-11-24T15:53:56.558248,/muse/drlref,"[1618974.358974359, 1596410.2564102563]"
2025-11-24T15:53:56.480555,/muse/drlref,"[1618974.358974359, 1596410.2564102563]"
2025-11-24T15:53:56.605086,/muse/drlref,"[1618974.358974359, 1596410.2564102563]"
2025-11-24T15:53:56.668374,/muse/drlref,"[1618974.358974359, 1596410.2564102563]"
2025-11-24T15:53:56.805985,/muse/eeg,"[830.0366300366301, 770.8058608058608, 790.1465201465202, 816.7399267399268]"
2025-11-24T15:53:56.852121,/muse/eegAux,"[nan, nan, 0.0, 0.0]"
2025-11-24T15:53:56.959501,/muse/eeg,"[834.0659340659341, 774.8351648351648, 497.61904761904765, 791.7582417582418]"
2025-11-24T15:53:57.020941,/muse/eegAux,"[nan, nan, 0.0, 0.0]"
2025-11-24T15:53:57.098274,/muse/eeg,"[800.2197802197802, 767.985347985348, 372.3076923076923, 805.4578754578755]"
2025-11-24T15:53:57.159335,/muse/eegAux,"[nan, nan, 0.0, 0.0]"
2025-11-24T15:53:57.206788,/muse/eeg,"[801.025641025641, 751.8681318681319, 331.61172161172163, 788.1318681318681]"
2025-11-24T15:53:57.286393,/muse/eegAux,"[nan, nan, 0.0, 0.0]"
2025-11-24T15:53:57.378420,/muse/eegAux,"[nan, nan, 0.0, 0.0]"
2025-11-24T15:53:57.332362,/muse/eeg,"[809.4871794871796, 761.5384615384615, 90.65934065934066, 796.1904761904763]"
2025-11-24T15:53:57.504088,/muse/eeg,"[809.4871794871796, 761.5384615384615, 90.65934065934066, 796.1904761904763]"
2025-11-24T15:53:57.582153,/muse/eegAux,"[nan, nan, 0.0, 0.0]"
2025-11-24T15:53:57.643745,/muse/eeg,"[809.4871794871796, 761.5384615384615, 90.65934065934066, 796.1904761904763]"
2025-11-24T15:53:57.690003,/muse/eegAux,"[nan, nan, 0.0, 0.0]"
2025-11-24T15:53:57.721685,/muse/eeg,"[809.4871794871796, 761.5384615384615, 90.65934065934066, 796.1904761904763]"
2025-11-24T15:53:57.784070,/muse/eegAux,"[nan, nan, 0.0, 0.0]"
2025-11-24T15:53:57.844933,/muse/eeg,"[809.4871794871796, 761.5384615384615, 90.65934065934066, 796.1904761904763]"
2025-11-24T15:53:57.860098,/muse/eegAux,"[nan, nan, 0.0, 0.0]"
2025-11-24T15:53:57.922536,/muse/eeg,"[809.4871794871796, 761.5384615384615, 90.65934065934066, 796.1904761904763]"
2025-11-24T15:53:57.984851,/muse/eegAux,"[nan, nan, 0.0, 0.0]"
2025-11-24T15:53:58.032334,/muse/eeg,"[809.4871794871796, 761.5384615384615, 90.65934065934066, 796.1904761904763]"
2025-11-24T15:53:58.077936,/muse/eegAux,"[nan, nan, 0.0, 0.0]"
2025-11-24T15:53:58.123498,/muse/elements/alpha_absolute,"[0.4045351742204163, 0.8211540079514122, 0.9472492683000144, 0.6394696585228882]"
2025-11-24T15:53:58.170488,/muse/elements/beta_absolute,"[0.5139893564045241, 0.6169871102017578, 0.9853979264338821, 0.6803720868727124]"
2025-11-24T15:53:58.217463,/muse/elements/delta_absolute,"[1.2186263642357997, 0.6383363625228076, 0.9951193641341841, 1.2189921497010503]"
2025-11-24T15:53:58.279303,/muse/elements/theta_absolute,"[0.8915075801423525, 0.284478700648452, 0.7240757446562845, 0.8795222555825912]"
2025-11-24T15:53:58.341313,/muse/elements/gamma_absolute,"[-0.008371394604298173, 0.04968654478994692, 0.5136139700309592, 0.18825613124118948]"
2025-11-24T15:53:58.387720,/muse/elements/alpha_relative,"[0.0815689897247914, 0.3648005039574399, 0.23952359640232274, 0.12518292890652188]"
2025-11-24T15:53:58.526439,/muse/elements/beta_relative,"[0.10494923217339593, 0.22797568634270027, 0.2615152154619236, 0.13754586437348965]"
2025-11-24T15:53:58.603844,/muse/elements/delta_relative,"[0.5316383156463491, 0.2394626499443062, 0.26743509587853037, 0.47540921956820686]"
2025-11-24T15:53:58.697021,/muse/elements/theta_relative,"[0.2503211176996629, 0.10601812576617428, 0.14327643941486778, 0.21756934565411643]"
2025-11-24T15:53:58.758424,/muse/elements/gamma_relative,"[0.031522344755800645, 0.06174303398937938, 0.08824965284235554, 0.04429264149766524]"
2025-11-24T15:53:58.804020,/muse/is_good,"[0.0, 1.0, 0.0, 1.0]"
2025-11-24T15:53:58.851019,/muse/hsi,"[1.0, 1.0, 2.0, 1.0]"
2025-11-24T15:53:58.930102,/muse/eeg,"[828.021978021978, 769.5970695970697, 565.7142857142858, 813.1135531135532]"
2025-11-24T15:53:59.007593,/muse/eegAux,"[nan, nan, 0.0, 0.0]"
2025-11-24T15:53:59.054978,/muse/gyro,"[4.015045166015625, -2.609405517578125, 1.517791748046875]"
2025-11-24T15:53:59.102044,/muse/gyro,"[4.015045166015625, -2.609405517578125, 1.517791748046875]"
2025-11-24T15:53:59.132890,/muse/gyro,"[4.015045166015625, -2.609405517578125, 1.517791748046875]"
2025-11-24T15:53:59.195200,/muse/acc,"[0.23675537109375, -0.1495361328125, 0.9715576171875]"
2025-11-24T15:53:59.164471,/muse/acc,"[0.23675537109375, -0.1495361328125, 0.9715576171875]"
2025-11-24T15:53:59.241148,/muse/acc,"[0.23675537109375, -0.1495361328125, 0.9715576171875]"
2025-11-24T15:53:59.318272,/muse/eeg,"[817.1428571428571, 768.7912087912088, 798.2051282051282, 809.4871794871796]"
2025-11-24T15:53:59.364559,/muse/eegAux,"[nan, nan, 0.0, 0.0]"
2025-11-24T15:53:59.411234,/muse/eeg,"[815.5311355311355, 778.4615384615385, 701.5018315018315, 808.6813186813187]"
2025-11-24T15:53:59.459074,/muse/eegAux,"[nan, nan, 0.0, 0.0]"
2025-11-24T15:53:59.566995,/muse/eeg,"[804.6520146520147, 770.8058608058608, 458.13186813186815, 786.9230769230769]"
2025-11-24T15:53:59.630129,/muse/eegAux,"[nan, nan, 0.0, 0.0]"
2025-11-24T15:53:59.738429,/muse/eeg,"[804.6520146520147, 770.8058608058608, 458.13186813186815, 786.9230769230769]"
2025-11-24T15:53:59.801032,/muse/eegAux,"[nan, nan, 0.0, 0.0]"
2025-11-24T15:53:59.878941,/muse/eeg,"[804.6520146520147, 770.8058608058608, 458.13186813186815, 786.9230769230769]"
2025-11-24T15:53:59.940854,/muse/eegAux,"[nan, nan, 0.0, 0.0]"
2025-11-24T15:53:59.973309,/muse/eeg,"[804.6520146520147, 770.8058608058608, 458.13186813186815, 786.9230769230769]"
2025-11-24T15:54:00.004051,/muse/eegAux,"[nan, nan, 0.0, 0.0]"
2025-11-24T15:54:00.035044,/muse/eeg,"[804.6520146520147, 770.8058608058608, 458.13186813186815, 786.9230769230769]"
2025-11-24T15:54:00.096194,/muse/eegAux,"[nan, nan, 0.0, 0.0]"
2025-11-24T15:54:00.172721,/muse/eeg,"[804.6520146520147, 770.8058608058608, 458.13186813186815, 786.9230769230769]"
2025-11-24T15:54:00.189110,/muse/eegAux,"[nan, nan, 0.0, 0.0]"
2025-11-24T15:54:00.281961,/muse/eeg,"[804.6520146520147, 770.8058608058608, 458.13186813186815, 786.9230769230769]"
2025-11-24T15:54:00.345141,/muse/eegAux,"[nan, nan, 0.0, 0.0]"
2025-11-24T15:54:00.407432,/muse/eeg,"[804.6520146520147, 770.8058608058608, 458.13186813186815, 786.9230769230769]"
2025-11-24T15:54:00.437908,/muse/eegAux,"[nan, nan, 0.0, 0.0]"
2025-11-24T15:54:00.498924,/muse/eeg,"[804.6520146520147, 770.8058608058608, 458.13186813186815, 786.9230769230769]"
2025-11-24T15:54:00.607539,/muse/eegAux,"[nan, nan, 0.0, 0.0]"
2025-11-24T15:54:00.669590,/muse/eeg,"[804.6520146520147, 770.8058608058608, 458.13186813186815, 786.9230769230769]"
2025-11-24T15:54:00.732302,/muse/eegAux,"[nan, nan, 0.0, 0.0]"
2025-11-24T15:54:00.808752,/muse/gyro,"[3.835601806640625, -2.691650390625, 1.31591796875]"
2025-11-24T15:54:00.886313,/muse/gyro,"[3.835601806640625, -2.691650390625, 1.31591796875]"
2025-11-24T15:54:00.932821,/muse/gyro,"[3.835601806640625, -2.691650390625, 1.31591796875]"
2025-11-24T15:54:00.996830,/muse/acc,"[0.2274169921875, -0.1529541015625, 0.96417236328125]"
2025-11-24T15:54:01.058467,/muse/acc,"[0.2274169921875, -0.1529541015625, 0.96417236328125]"
2025-11-24T15:54:01.105382,/muse/acc,"[0.2274169921875, -0.1529541015625, 0.96417236328125]"
2025-11-24T15:54:01.182643,/muse/eeg,"[793.3699633699634, 768.3882783882784, 457.72893772893775, 786.1172161172161]"
2025-11-24T15:54:01.244050,/muse/eegAux,"[nan, nan, 0.0, 0.0]"
2025-11-24T15:54:01.275148,/muse/eeg,"[793.3699633699634, 768.3882783882784, 457.72893772893775, 786.1172161172161]"
2025-11-24T15:54:01.367825,/muse/eegAux,"[nan, nan, 0.0, 0.0]"
2025-11-24T15:54:01.524044,/muse/eeg,"[793.3699633699634, 768.3882783882784, 457.72893772893775, 786.1172161172161]"
2025-11-24T15:54:01.586372,/muse/eegAux,"[nan, nan, 0.0, 0.0]"
2025-11-24T15:54:01.664380,/muse/eegAux,"[nan, nan, 0.0, 0.0]"
2025-11-24T15:54:01.618426,/muse/eeg,"[793.3699633699634, 768.3882783882784, 457.72893772893775, 786.1172161172161]"
2025-11-24T15:54:01.710471,/muse/eeg,"[793.3699633699634, 768.3882783882784, 457.72893772893775, 786.1172161172161]"
2025-11-24T15:54:01.772341,/muse/eegAux,"[nan, nan, 0.0, 0.0]"
2025-11-24T15:54:01.834411,/muse/eeg,"[793.3699633699634, 768.3882783882784, 457.72893772893775, 786.1172161172161]"
2025-11-24T15:54:01.881221,/muse/eegAux,"[nan, nan, 0.0, 0.0]"
2025-11-24T15:54:01.927409,/muse/eeg,"[793.3699633699634, 768.3882783882784, 457.72893772893775, 786.1172161172161]"
2025-11-24T15:54:01.958351,/muse/eegAux,"[nan, nan, 0.0, 0.0]"
2025-11-24T15:54:02.082219,/muse/eeg,"[793.3699633699634, 768.3882783882784, 457.72893772893775, 786.1172161172161]"
2025-11-24T15:54:02.144978,/muse/eegAux,"[nan, nan, 0.0, 0.0]"
2025-11-24T15:54:02.223576,/muse/eeg,"[793.3699633699634, 768.3882783882784, 457.72893772893775, 786.1172161172161]"
2025-11-24T15:54:02.253762,/muse/eegAux,"[nan, nan, 0.0, 0.0]"
2025-11-24T15:54:02.300221,/muse/eeg,"[793.3699633699634, 768.3882783882784, 457.72893772893775, 786.1172161172161]"
2025-11-24T15:54:02.362155,/muse/eegAux,"[nan, nan, 0.0, 0.0]"
2025-11-24T15:54:02.439428,/muse/eeg,"[793.3699633699634, 768.3882783882784, 457.72893772893775, 786.1172161172161]"
2025-11-24T15:54:02.518209,/muse/eegAux,"[nan, nan, 0.0, 0.0]"
2025-11-24T15:54:02.595843,/muse/eeg,"[793.3699633699634, 768.3882783882784, 457.72893772893775, 786.1172161172161]"
2025-11-24T15:54:02.658271,/muse/eegAux,"[nan, nan, 0.0, 0.0]"
2025-11-24T15:54:02.735221,/muse/gyro,"[4.134674072265625, -3.1103515625, 1.637420654296875]"
2025-11-24T15:54:02.766436,/muse/gyro,"[4.134674072265625, -3.1103515625, 1.637420654296875]"
2025-11-24T15:54:02.844126,/muse/gyro,"[4.134674072265625, -3.1103515625, 1.637420654296875]"
2025-11-24T15:54:02.906930,/muse/acc,"[0.2310791015625, -0.14697265625, 0.97589111328125]"
2025-11-24T15:54:03.031630,/muse/acc,"[0.2310791015625, -0.14697265625, 0.97589111328125]"
2025-11-24T15:54:02.969147,/muse/acc,"[0.2310791015625, -0.14697265625, 0.97589111328125]"
2025-11-24T15:54:03.173025,/muse/eeg,"[805.8608058608058, 770.0, 263.1135531135531, 803.4432234432235]"
2025-11-24T15:54:03.264586,/muse/elements/alpha_absolute,"[0.4045351742204163, 0.7442931507226631, 0.9472492683000144, 0.6394696585228882]"
2025-11-24T15:54:03.218698,/muse/eegAux,"[nan, nan, 0.0, 0.0]"
2025-11-24T15:54:03.358239,/muse/elements/beta_absolute,"[0.5139893564045241, 0.6249500924329064, 0.9853979264338821, 0.674056480496876]"
2025-11-24T15:54:03.420517,/muse/elements/delta_absolute,"[1.2186263642357997, 0.6772816559969496, 0.9951193641341841, 1.2268288105353076]"
2025-11-24T15:54:03.467017,/muse/elements/theta_absolute,"[0.8915075801423525, 0.23331300007984168, 0.7240757446562845, 0.8794075781945236]"
2025-11-24T15:54:03.575288,/muse/elements/gamma_absolute,"[-0.008371394604298173, 0.040041140214958255, 0.5136139700309592, 0.20326341049189198]"
2025-11-24T15:54:03.622494,/muse/elements/alpha_relative,"[0.0815689897247914, 0.3202401807665611, 0.23952359640232274, 0.12416840581084786]"
2025-11-24T15:54:03.685879,/muse/elements/beta_relative,"[0.10494923217339593, 0.2432947648233973, 0.2615152154619236, 0.13446149241131083]"
2025-11-24T15:54:03.763062,/muse/elements/delta_relative,"[0.5316383156463491, 0.2744506903375046, 0.26743509587853037, 0.4801426192663936]"
2025-11-24T15:54:03.824803,/muse/elements/gamma_relative,"[0.031522344755800645, 0.06327378460136475, 0.08824965284235554, 0.045478366502088925]"
2025-11-24T15:54:03.793241,/muse/elements/theta_relative,"[0.2503211176996629, 0.09874057947117237, 0.14327643941486778, 0.21574911600935875]"
2025-11-24T15:54:03.839946,/muse/is_good,"[0.0, 1.0, 0.0, 1.0]"
2025-11-24T15:54:03.901052,/muse/hsi,"[1.0, 1.0, 2.0, 1.0]"
2025-11-24T15:54:03.978322,/muse/eeg,"[789.3406593406594, 773.2234432234433, 437.98534798534797, 807.0695970695971]"
2025-11-24T15:54:04.117370,/muse/eegAux,"[nan, nan, 0.0, 0.0]"
2025-11-24T15:54:04.149304,/muse/eeg,"[789.3406593406594, 773.2234432234433, 437.98534798534797, 807.0695970695971]"
2025-11-24T15:54:04.196012,/muse/eegAux,"[nan, nan, 0.0, 0.0]"
2025-11-24T15:54:04.274588,/muse/eeg,"[789.3406593406594, 773.2234432234433, 437.98534798534797, 807.0695970695971]"
2025-11-24T15:54:04.305541,/muse/eegAux,"[nan, nan, 0.0, 0.0]"
2025-11-24T15:54:04.352916,/muse/eeg,"[789.3406593406594, 773.2234432234433, 437.98534798534797, 807.0695970695971]"
2025-11-24T15:54:04.429682,/muse/eegAux,"[nan, nan, 0.0, 0.0]"
2025-11-24T15:54:04.508485,/muse/eeg,"[789.3406593406594, 773.2234432234433, 437.98534798534797, 807.0695970695971]"
2025-11-24T15:54:04.571260,/muse/eegAux,"[nan, nan, 0.0, 0.0]"
2025-11-24T15:54:04.616994,/muse/eeg,"[789.3406593406594, 773.2234432234433, 437.98534798534797, 807.0695970695971]"
2025-11-24T15:54:04.662750,/muse/eegAux,"[nan, nan, 0.0, 0.0]"
2025-11-24T15:54:04.817495,/muse/eegAux,"[nan, nan, 0.0, 0.0]"
2025-11-24T15:54:04.770844,/muse/eeg,"[789.3406593406594, 773.2234432234433, 437.98534798534797, 807.0695970695971]"
2025-11-24T15:54:04.912144,/muse/eeg,"[789.3406593406594, 773.2234432234433, 437.98534798534797, 807.0695970695971]"
2025-11-24T15:54:05.019465,/muse/eegAux,"[nan, nan, 0.0, 0.0]"
2025-11-24T15:54:05.081530,/muse/eeg,"[789.3406593406594, 773.2234432234433, 437.98534798534797, 807.0695970695971]"
2025-11-24T15:54:05.142715,/muse/eegAux,"[nan, nan, 0.0, 0.0]"
2025-11-24T15:54:05.188385,/muse/eeg,"[789.3406593406594, 773.2234432234433, 437.98534798534797, 807.0695970695971]"
2025-11-24T15:54:05.234944,/muse/eegAux,"[nan, nan, 0.0, 0.0]"
2025-11-24T15:54:05.281976,/muse/eeg,"[789.3406593406594, 773.2234432234433, 437.98534798534797, 807.0695970695971]"
2025-11-24T15:54:05.328380,/muse/eegAux,"[nan, nan, 0.0, 0.0]"
2025-11-24T15:54:05.359647,/muse/eeg,"[803.040293040293, 770.0, 526.2271062271062, 802.6373626373627]"
2025-11-24T15:54:05.468986,/muse/eeg,"[782.0879120879121, 766.3736263736264, 234.9084249084249, 787.7289377289378]"
2025-11-24T15:54:05.406656,/muse/eegAux,"[nan, nan, 0.0, 0.0]"
2025-11-24T15:54:05.546892,/muse/eegAux,"[nan, nan, 0.0, 0.0]"
2025-11-24T15:54:05.624367,/muse/eeg,"[800.2197802197802, 770.8058608058608, 276.007326007326, 797.3992673992674]"
2025-11-24T15:54:05.686145,/muse/eegAux,"[nan, nan, 0.0, 0.0]"
2025-11-24T15:54:05.717440,/muse/eeg,"[780.4761904761905, 771.6117216117216, 19.340659340659343, 788.9377289377289]"
2025-11-24T15:54:05.748079,/muse/eegAux,"[nan, nan, 0.0, 0.0]"
2025-11-24T15:54:05.855830,/muse/eeg,"[803.4432234432235, 780.0732600732601, 291.31868131868134, 787.7289377289378]"
2025-11-24T15:54:05.933325,/muse/eegAux,"[nan, nan, 0.0, 0.0]"
2025-11-24T15:54:05.979934,/muse/eeg,"[805.054945054945, 779.6703296703297, 488.35164835164835, 803.8461538461539]"
2025-11-24T15:54:06.027241,/muse/eegAux,"[nan, nan, 0.0, 0.0]"
2025-11-24T15:54:06.109641,/muse/eeg,"[805.054945054945, 779.6703296703297, 488.35164835164835, 803.8461538461539]"
2025-11-24T15:54:06.124694,/muse/eegAux,"[nan, nan, 0.0, 0.0]"
2025-11-24T15:54:06.171179,/muse/eeg,"[805.054945054945, 779.6703296703297, 488.35164835164835, 803.8461538461539]"
2025-11-24T15:54:06.202123,/muse/eegAux,"[nan, nan, 0.0, 0.0]"
2025-11-24T15:54:06.264655,/muse/eeg,"[805.054945054945, 779.6703296703297, 488.35164835164835, 803.8461538461539]"
2025-11-24T15:54:06.325822,/muse/eegAux,"[nan, nan, 0.0, 0.0]"
2025-11-24T15:54:06.404591,/muse/eeg,"[805.054945054945, 779.6703296703297, 488.35164835164835, 803.8461538461539]"
2025-11-24T15:54:06.404591,/muse/eegAux,"[nan, nan, 0.0, 0.0]"
2025-11-24T15:54:06.483197,/muse/eeg,"[805.054945054945, 779.6703296703297, 488.35164835164835, 803.8461538461539]"
2025-11-24T15:54:06.592412,/muse/eeg,"[805.054945054945, 779.6703296703297, 488.35164835164835, 803.8461538461539]"
2025-11-24T15:54:06.530159,/muse/eegAux,"[nan, nan, 0.0, 0.0]"
2025-11-24T15:54:06.623494,/muse/eegAux,"[nan, nan, 0.0, 0.0]"
2025-11-24T15:54:06.731339,/muse/drlref,"[1618974.358974359, 1596410.2564102563]"
2025-11-24T15:54:06.777719,/muse/drlref,"[1618974.358974359, 1596410.2564102563]"
2025-11-24T15:54:06.840334,/muse/drlref,"[1618974.358974359, 1596410.2564102563]"
2025-11-24T15:54:06.903150,/muse/drlref,"[1618974.358974359, 1596410.2564102563]"
2025-11-24T15:54:06.856055,/muse/drlref,"[1618974.358974359, 1596410.2564102563]"
2025-11-24T15:54:07.042102,/muse/drlref,"[1618974.358974359, 1596410.2564102563]"
2025-11-24T15:54:07.134719,/muse/gyro,"[4.015045166015625, -2.70660400390625, 1.9140625]"
2025-11-24T15:54:07.273783,/muse/gyro,"[4.015045166015625, -2.70660400390625, 1.9140625]"
2025-11-24T15:54:07.212547,/muse/gyro,"[4.015045166015625, -2.70660400390625, 1.9140625]"
2025-11-24T15:54:07.413563,/muse/acc,"[0.22894287109375, -0.1513671875, 0.9620361328125]"
2025-11-24T15:54:07.368137,/muse/acc,"[0.22894287109375, -0.1513671875, 0.9620361328125]"
2025-11-24T15:54:07.460189,/muse/acc,"[0.22894287109375, -0.1513671875, 0.9620361328125]"
2025-11-24T15:54:07.507047,/muse/eeg,"[802.2344322344322, 775.2380952380953, 479.4871794871795, 806.6666666666667]"
2025-11-24T15:54:07.553440,/muse/eegAux,"[nan, nan, 0.0, 0.0]"
2025-11-24T15:54:07.585153,/muse/eeg,"[802.2344322344322, 775.2380952380953, 479.4871794871795, 806.6666666666667]"
2025-11-24T15:54:07.616474,/muse/eegAux,"[nan, nan, 0.0, 0.0]"
2025-11-24T15:54:07.710021,/muse/eeg,"[802.2344322344322, 775.2380952380953, 479.4871794871795, 806.6666666666667]"
2025-11-24T15:54:07.802700,/muse/eegAux,"[nan, nan, 0.0, 0.0]"
2025-11-24T15:54:07.865118,/muse/elements/alpha_absolute,"[0.4045351742204163, 0.6534440789918627, 0.9472492683000144, 0.6394696585228882]"
2025-11-24T15:54:07.926769,/muse/elements/beta_absolute,"[0.5139893564045241, 0.6282844357956181, 0.9853979264338821, 0.6689704740855993]"
2025-11-24T15:54:08.020280,/muse/elements/delta_absolute,"[1.2186263642357997, 0.7270944568221175, 0.9951193641341841, 1.2261319647070767]"
2025-11-24T15:54:08.036045,/muse/elements/theta_absolute,"[0.8915075801423525, 0.19805422011917811, 0.7240757446562845, 0.8601917052665313]"
2025-11-24T15:54:08.082401,/muse/elements/gamma_absolute,"[-0.008371394604298173, 0.036548375739876786, 0.5136139700309592, 0.2248296129828135]"
2025-11-24T15:54:08.113618,/muse/elements/alpha_relative,"[0.0815689897247914, 0.26877604201823224, 0.23952359640232274, 0.1253413338367362]"
2025-11-24T15:54:08.191921,/muse/elements/beta_relative,"[0.10494923217339593, 0.25364768974066576, 0.2615152154619236, 0.13415137474437974]"
2025-11-24T15:54:08.238612,/muse/elements/delta_relative,"[0.5316383156463491, 0.3184497645216694, 0.26743509587853037, 0.48390110984053114]"
2025-11-24T15:54:08.314867,/muse/elements/theta_relative,"[0.2503211176996629, 0.09418911046485892, 0.14327643941486778, 0.20836096432112722]"
2025-11-24T15:54:08.330346,/muse/elements/gamma_relative,"[0.031522344755800645, 0.06493739325457382, 0.08824965284235554, 0.04824521725722581]"
2025-11-24T15:54:08.377469,/muse/is_good,"[0.0, 1.0, 0.0, 1.0]"
2025-11-24T15:54:08.471309,/muse/hsi,"[1.0, 1.0, 2.0, 1.0]"
2025-11-24T15:54:08.564252,/muse/eeg,"[796.996336996337, 773.6263736263736, 156.73992673992674, 802.2344322344322]"
2025-11-24T15:54:08.642592,/muse/eegAux,"[nan, nan, 0.0, 0.0]"
2025-11-24T15:54:08.689519,/muse/eeg,"[788.1318681318681, 776.4468864468864, 422.6739926739927, 796.5934065934066]"
2025-11-24T15:54:08.766148,/muse/eegAux,"[nan, nan, 0.0, 0.0]"
2025-11-24T15:54:08.859107,/muse/eegAux,"[nan, nan, 0.0, 0.0]"
2025-11-24T15:54:08.797551,/muse/eeg,"[811.9047619047619, 790.952380952381, 457.32600732600736, 815.934065934066]"
2025-11-24T15:54:08.874431,/muse/eeg,"[811.9047619047619, 790.952380952381, 457.32600732600736, 815.934065934066]"
2025-11-24T15:54:08.982681,/muse/eeg,"[811.9047619047619, 790.952380952381, 457.32600732600736, 815.934065934066]"
2025-11-24T15:54:08.936844,/muse/eegAux,"[nan, nan, 0.0, 0.0]"
2025-11-24T15:54:09.060644,/muse/eegAux,"[nan, nan, 0.0, 0.0]"
2025-11-24T15:54:09.139191,/muse/eeg,"[811.9047619047619, 790.952380952381, 457.32600732600736, 815.934065934066]"
2025-11-24T15:54:09.216817,/muse/eegAux,"[nan, nan, 0.0, 0.0]"
2025-11-24T15:54:09.418543,/muse/eegAux,"[nan, nan, 0.0, 0.0]"
2025-11-24T15:54:09.339857,/muse/eeg,"[811.9047619047619, 790.952380952381, 457.32600732600736, 815.934065934066]"
2025-11-24T15:54:09.496994,/muse/eeg,"[811.9047619047619, 790.952380952381, 457.32600732600736, 815.934065934066]"
2025-11-24T15:54:09.575368,/muse/eegAux,"[nan, nan, 0.0, 0.0]"
2025-11-24T15:54:09.622187,/muse/eeg,"[811.9047619047619, 790.952380952381, 457.32600732600736, 815.934065934066]"
2025-11-24T15:54:09.668688,/muse/eegAux,"[nan, nan, 0.0, 0.0]"
2025-11-24T15:54:09.714485,/muse/gyro,"[4.373931884765625, -1.55517578125, 2.16827392578125]"
2025-11-24T15:54:09.760543,/muse/gyro,"[4.373931884765625, -1.55517578125, 2.16827392578125]"
2025-11-24T15:54:09.837174,/muse/gyro,"[4.373931884765625, -1.55517578125, 2.16827392578125]"
2025-11-24T15:54:09.961650,/muse/acc,"[0.2349853515625, -0.1512451171875, 0.97235107421875]"
2025-11-24T15:54:10.006618,/muse/acc,"[0.2349853515625, -0.1512451171875, 0.97235107421875]"
2025-11-24T15:54:10.100791,/muse/acc,"[0.2349853515625, -0.1512451171875, 0.97235107421875]"
2025-11-24T15:54:10.131375,/muse/eeg,"[805.8608058608058, 782.893772893773, 638.2417582417582, 813.1135531135532]"
2025-11-24T15:54:10.209448,/muse/eegAux,"[nan, nan, 0.0, 0.0]"
2025-11-24T15:54:10.349359,/muse/eeg,"[796.5934065934066, 778.4615384615385, 354.57875457875457, 802.6373626373627]"
2025-11-24T15:54:10.364921,/muse/eegAux,"[nan, nan, 0.0, 0.0]"
2025-11-24T15:54:10.519947,/muse/eeg,"[791.3553113553114, 772.4175824175825, 588.2783882783883, 797.8021978021978]"
2025-11-24T15:54:10.581864,/muse/eegAux,"[nan, nan, 0.0, 0.0]"
2025-11-24T15:54:10.691647,/muse/eegAux,"[nan, nan, 0.0, 0.0]"
2025-11-24T15:54:10.629158,/muse/eeg,"[778.0586080586081, 772.014652014652, 65.27472527472527, 800.2197802197802]"
2025-11-24T15:54:10.753801,/muse/eeg,"[801.4285714285714, 786.1172161172161, 533.0769230769231, 791.3553113553114]"
2025-11-24T15:54:10.801022,/muse/eegAux,"[nan, nan, 0.0, 0.0]"
2025-11-24T15:54:10.847879,/muse/eeg,"[790.1465201465202, 757.5091575091575, 273.1868131868132, 804.6520146520147]"
2025-11-24T15:54:10.910264,/muse/eegAux,"[nan, nan, 0.0, 0.0]"
2025-11-24T15:54:10.957812,/muse/eeg,"[790.1465201465202, 757.5091575091575, 273.1868131868132, 804.6520146520147]"
2025-11-24T15:54:10.988114,/muse/eegAux,"[nan, nan, 0.0, 0.0]"
2025-11-24T15:54:11.097003,/muse/eeg,"[790.1465201465202, 757.5091575091575, 273.1868131868132, 804.6520146520147]"
2025-11-24T15:54:11.174486,/muse/eegAux,"[nan, nan, 0.0, 0.0]"
2025-11-24T15:54:11.190147,/muse/eeg,"[790.1465201465202, 757.5091575091575, 273.1868131868132, 804.6520146520147]"
2025-11-24T15:54:11.237262,/muse/eegAux,"[nan, nan, 0.0, 0.0]"
2025-11-24T15:54:11.284574,/muse/eeg,"[790.1465201465202, 757.5091575091575, 273.1868131868132, 804.6520146520147]"
2025-11-24T15:54:11.314878,/muse/eegAux,"[nan, nan, 0.0, 0.0]"
2025-11-24T15:54:11.407693,/muse/eeg,"[790.1465201465202, 757.5091575091575, 273.1868131868132, 804.6520146520147]"
2025-11-24T15:54:11.423084,/muse/eegAux,"[nan, nan, 0.0, 0.0]"
2025-11-24T15:54:11.454231,/muse/eeg,"[790.1465201465202, 757.5091575091575, 273.1868131868132, 804.6520146520147]"
2025-11-24T15:54:11.500820,/muse/eegAux,"[nan, nan, 0.0, 0.0]"
2025-11-24T15:54:11.594507,/muse/gyro,"[3.611297607421875, -0.620574951171875, 2.444915771484375]"
2025-11-24T15:54:11.532823,/muse/gyro,"[3.93280029296875, -1.114044189453125, 2.51220703125]"
2025-11-24T15:54:11.656549,/muse/gyro,"[3.611297607421875, -0.620574951171875, 2.444915771484375]"
2025-11-24T15:54:11.845036,/muse/acc,"[0.23406982421875, -0.149169921875, 0.9677734375]"
2025-11-24T15:54:11.782488,/muse/acc,"[0.23406982421875, -0.149169921875, 0.9677734375]"
2025-11-24T15:54:11.891175,/muse/acc,"[0.23406982421875, -0.149169921875, 0.9677734375]"
2025-11-24T15:54:11.953478,/muse/eeg,"[790.1465201465202, 767.1794871794872, 573.7728937728938, 788.5347985347986]"
2025-11-24T15:54:11.969438,/muse/eegAux,"[nan, nan, 0.0, 0.0]"
2025-11-24T15:54:12.045296,/muse/eeg,"[791.7582417582418, 759.92673992674, 674.1025641025641, 790.952380952381]"
2025-11-24T15:54:12.122661,/muse/eeg,"[791.7582417582418, 759.92673992674, 674.1025641025641, 790.952380952381]"
2025-11-24T15:54:12.092473,/muse/eegAux,"[nan, nan, 0.0, 0.0]"
2025-11-24T15:54:12.201078,/muse/eegAux,"[nan, nan, 0.0, 0.0]"
2025-11-24T15:54:12.295031,/muse/eeg,"[786.5201465201466, 764.7619047619048, 246.1904761904762, 803.040293040293]"
2025-11-24T15:54:12.310072,/muse/eegAux,"[nan, nan, 0.0, 0.0]"
2025-11-24T15:54:12.373530,/muse/eeg,"[779.6703296703297, 768.7912087912088, 346.5201465201465, 789.3406593406594]"
2025-11-24T15:54:12.451003,/muse/eegAux,"[nan, nan, 0.0, 0.0]"
2025-11-24T15:54:12.513497,/muse/elements/alpha_absolute,"[0.4045351742204163, 0.5994619642752034, 0.9472492683000144, 0.6434433697219165]"
2025-11-24T15:54:12.575844,/muse/elements/beta_absolute,"[0.5139893564045241, 0.6271443095977702, 0.9853979264338821, 0.6593906585121972]"
2025-11-24T15:54:12.684423,/muse/elements/theta_absolute,"[0.8915075801423525, 0.18241245234478398, 0.7240757446562845, 0.829126248124854]"
2025-11-24T15:54:12.653789,/muse/elements/delta_absolute,"[1.2186263642357997, 0.7667099706698453, 0.9951193641341841, 1.214930871628726]"
2025-11-24T15:54:12.716032,/muse/elements/gamma_absolute,"[-0.008371394604298173, 0.04392445947359772, 0.5136139700309592, 0.25500008296255755]"
2025-11-24T15:54:12.825186,/muse/elements/alpha_relative,"[0.0815689897247914, 0.23828642136823316, 0.23952359640232274, 0.1297379991145615]"
2025-11-24T15:54:12.871775,/muse/elements/beta_relative,"[0.10494923217339593, 0.2539695446585502, 0.2615152154619236, 0.1345905241740961]"
2025-11-24T15:54:12.949374,/muse/elements/delta_relative,"[0.5316383156463491, 0.35022512695895125, 0.26743509587853037, 0.4836761775340819]"
2025-11-24T15:54:13.042262,/muse/elements/theta_relative,"[0.2503211176996629, 0.09121153889242878, 0.14327643941486778, 0.1989528084690249]"
2025-11-24T15:54:13.119809,/muse/elements/gamma_relative,"[0.031522344755800645, 0.06630736812183664, 0.08824965284235554, 0.053042490708235635]"
2025-11-24T15:54:13.195483,/muse/is_good,"[0.0, 1.0, 0.0, 1.0]"
2025-11-24T15:54:13.241440,/muse/hsi,"[1.0, 1.0, 2.0, 1.0]"
2025-11-24T15:54:13.335906,/muse/eegAux,"[nan, nan, 0.0, 0.0]"
2025-11-24T15:54:13.273005,/muse/eeg,"[779.6703296703297, 768.7912087912088, 346.5201465201465, 789.3406593406594]"
2025-11-24T15:54:13.398299,/muse/eeg,"[779.6703296703297, 768.7912087912088, 346.5201465201465, 789.3406593406594]"
2025-11-24T15:54:13.492931,/muse/eeg,"[779.6703296703297, 768.7912087912088, 346.5201465201465, 789.3406593406594]"
2025-11-24T15:54:13.461296,/muse/eegAux,"[nan, nan, 0.0, 0.0]"
2025-11-24T15:54:13.556092,/muse/eegAux,"[nan, nan, 0.0, 0.0]"
2025-11-24T15:54:13.556092,/muse/eeg,"[779.6703296703297, 768.7912087912088, 346.5201465201465, 789.3406593406594]"
2025-11-24T15:54:13.587737,/muse/eegAux,"[nan, nan, 0.0, 0.0]"
2025-11-24T15:54:13.696804,/muse/eeg,"[779.6703296703297, 768.7912087912088, 346.5201465201465, 789.3406593406594]"
2025-11-24T15:54:13.743653,/muse/eegAux,"[nan, nan, 0.0, 0.0]"
2025-11-24T15:54:13.899162,/muse/eeg,"[779.6703296703297, 768.7912087912088, 346.5201465201465, 789.3406593406594]"
2025-11-24T15:54:14.007563,/muse/eegAux,"[nan, nan, 0.0, 0.0]"
2025-11-24T15:54:14.117010,/muse/eegAux,"[nan, nan, 0.0, 0.0]"
2025-11-24T15:54:14.085076,/muse/eeg,"[779.6703296703297, 768.7912087912088, 346.5201465201465, 789.3406593406594]"
2025-11-24T15:54:14.179866,/muse/gyro,"[3.551483154296875, -0.16448974609375, 2.51220703125]"
2025-11-24T15:54:14.226787,/muse/gyro,"[3.5589599609375, 0.9869384765625, 2.310333251953125]"
2025-11-24T15:54:14.273574,/muse/gyro,"[3.5589599609375, 0.9869384765625, 2.310333251953125]"
2025-11-24T15:54:14.336695,/muse/acc,"[0.22735595703125, -0.153076171875, 0.96929931640625]"
2025-11-24T15:54:14.384274,/muse/acc,"[0.22735595703125, -0.153076171875, 0.96929931640625]"
2025-11-24T15:54:14.447619,/muse/acc,"[0.22735595703125, -0.153076171875, 0.96929931640625]"
2025-11-24T15:54:14.478988,/muse/eeg,"[796.5934065934066, 767.985347985348, 198.24175824175825, 811.5018315018315]"
2025-11-24T15:54:14.556239,/muse/eegAux,"[nan, nan, 0.0, 0.0]"
2025-11-24T15:54:14.618973,/muse/eeg,"[790.952380952381, 765.9706959706959, 591.9047619047619, 793.3699633699634]"
2025-11-24T15:54:14.650677,/muse/eegAux,"[nan, nan, 0.0, 0.0]"
2025-11-24T15:54:14.696130,/muse/eeg,"[790.952380952381, 765.9706959706959, 591.9047619047619, 793.3699633699634]"
2025-11-24T15:54:14.743464,/muse/eegAux,"[nan, nan, 0.0, 0.0]"
2025-11-24T15:54:14.789955,/muse/eeg,"[790.952380952381, 765.9706959706959, 591.9047619047619, 793.3699633699634]"
2025-11-24T15:54:14.820809,/muse/eegAux,"[nan, nan, 0.0, 0.0]"
2025-11-24T15:54:14.836649,/muse/eeg,"[790.952380952381, 765.9706959706959, 591.9047619047619, 793.3699633699634]"
2025-11-24T15:54:14.929818,/muse/eegAux,"[nan, nan, 0.0, 0.0]"
2025-11-24T15:54:14.975866,/muse/eeg,"[790.952380952381, 765.9706959706959, 591.9047619047619, 793.3699633699634]"
2025-11-24T15:54:15.007478,/muse/eegAux,"[nan, nan, 0.0, 0.0]"
2025-11-24T15:54:15.022606,/muse/eeg,"[790.952380952381, 765.9706959706959, 591.9047619047619, 793.3699633699634]"
2025-11-24T15:54:15.098846,/muse/eegAux,"[nan, nan, 0.0, 0.0]"
2025-11-24T15:54:15.145283,/muse/eeg,"[790.952380952381, 765.9706959706959, 591.9047619047619, 793.3699633699634]"
2025-11-24T15:54:15.208335,/muse/eegAux,"[nan, nan, 0.0, 0.0]"
2025-11-24T15:54:15.269546,/muse/eeg,"[790.952380952381, 765.9706959706959, 591.9047619047619, 793.3699633699634]"
2025-11-24T15:54:15.332231,/muse/eegAux,"[nan, nan, 0.0, 0.0]"
2025-11-24T15:54:15.410574,/muse/eeg,"[790.952380952381, 765.9706959706959, 591.9047619047619, 793.3699633699634]"
2025-11-24T15:54:15.457473,/muse/eegAux,"[nan, nan, 0.0, 0.0]"
2025-11-24T15:54:15.534926,/muse/eeg,"[790.952380952381, 765.9706959706959, 591.9047619047619, 793.3699633699634]"
2025-11-24T15:54:15.597857,/muse/eegAux,"[nan, nan, 0.0, 0.0]"
2025-11-24T15:54:15.689566,/muse/eeg,"[790.952380952381, 765.9706959706959, 591.9047619047619, 793.3699633699634]"
2025-11-24T15:54:15.767527,/muse/eegAux,"[nan, nan, 0.0, 0.0]"
2025-11-24T15:54:15.875648,/muse/drlref,"[1618974.358974359, 1596410.2564102563]"
2025-11-24T15:54:15.938015,/muse/drlref,"[1618974.358974359, 1596410.2564102563]"
2025-11-24T15:54:15.985410,/muse/drlref,"[1618974.358974359, 1596410.2564102563]"
2025-11-24T15:54:16.046967,/muse/drlref,"[1618974.358974359, 1596410.2564102563]"
2025-11-24T15:54:16.110102,/muse/drlref,"[1618974.358974359, 1596410.2564102563]"
2025-11-24T15:54:16.204490,/muse/drlref,"[1618974.358974359, 1596410.2564102563]"
2025-11-24T15:54:16.313384,/muse/eegAux,"[nan, nan, 0.0, 0.0]"
19047619048, 466.996336996337, 795.7875457875458]"
2025-11-24T15:54:16.360304,/muse/eeg,"[786.5201465201466, 771.6117216117216, 469.8168498168498, 797.8021978021978]"
2025-11-24T15:54:16.422702,/muse/eegAux,"[nan, nan, 0.0, 0.0]"
2025-11-24T15:54:16.469324,/muse/eeg,"[786.1172161172161, 762.7472527472528, 51.57509157509158, 801.4285714285714]"
2025-11-24T15:54:16.531113,/muse/eegAux,"[nan, nan, 0.0, 0.0]"
2025-11-24T15:54:16.593998,/muse/eeg,"[803.4432234432235, 767.985347985348, 172.85714285714286, 803.4432234432235]"
2025-11-24T15:54:16.687552,/muse/eegAux,"[nan, nan, 0.0, 0.0]"
2025-11-24T15:54:16.750169,/muse/eegAux,"[nan, nan, 0.0, 0.0]"
2025-11-24T15:54:16.811958,/muse/eeg,"[803.4432234432235, 767.985347985348, 172.85714285714286, 803.4432234432235]"
2025-11-24T15:54:16.719203,/muse/eeg,"[803.4432234432235, 767.985347985348, 172.85714285714286, 803.4432234432235]"
2025-11-24T15:54:16.890089,/muse/eegAux,"[nan, nan, 0.0, 0.0]"
2025-11-24T15:54:16.953084,/muse/eeg,"[803.4432234432235, 767.985347985348, 172.85714285714286, 803.4432234432235]"
2025-11-24T15:54:17.000457,/muse/eegAux,"[nan, nan, 0.0, 0.0]"
2025-11-24T15:54:17.077449,/muse/elements/alpha_absolute,"[0.4045351742204163, 0.5797354505716499, 0.9472492683000144, 0.623232192753279]"
2025-11-24T15:54:17.170465,/muse/elements/beta_absolute,"[0.5139893564045241, 0.6230700140786049, 0.9853979264338821, 0.6449413822922093]"
2025-11-24T15:54:17.201493,/muse/elements/delta_absolute,"[1.2186263642357997, 0.7845580957188822, 0.9951193641341841, 1.1840000689408328]"
2025-11-24T15:54:17.294061,/muse/elements/theta_absolute,"[0.8915075801423525, 0.17700731542798093, 0.7240757446562845, 0.794849151529858]"
2025-11-24T15:54:17.386583,/muse/elements/gamma_absolute,"[-0.008371394604298173, 0.062421671881521416, 0.5136139700309592, 0.2881354538328564]"
2025-11-24T15:54:17.449217,/muse/elements/alpha_relative,"[0.0815689897247914, 0.22691155846533506, 0.23952359640232274, 0.13096947069338713]"
2025-11-24T15:54:17.511846,/muse/elements/beta_relative,"[0.10494923217339593, 0.2507212718088915, 0.2615152154619236, 0.13768266443793978]"
2025-11-24T15:54:17.636693,/muse/elements/delta_relative,"[0.5316383156463491, 0.36364637591918014, 0.26743509587853037, 0.47636291978074435]"
2025-11-24T15:54:17.668110,/muse/elements/theta_relative,"[0.2503211176996629, 0.08976943328369158, 0.14327643941486778, 0.1944406351793133]"
2025-11-24T15:54:17.699402,/muse/elements/gamma_relative,"[0.031522344755800645, 0.0689513605229018, 0.08824965284235554, 0.06054430990861527]"
2025-11-24T15:54:17.715479,/muse/is_good,"[0.0, 1.0, 0.0, 1.0]"
2025-11-24T15:54:17.794690,/muse/hsi,"[1.0, 1.0, 2.0, 1.0]"
2025-11-24T15:54:17.904597,/muse/eeg,"[795.3846153846154, 768.3882783882784, 476.6666666666667, 796.5934065934066]"
2025-11-24T15:54:17.935761,/muse/eegAux,"[nan, nan, 0.0, 0.0]"
2025-11-24T15:54:17.967192,/muse/eeg,"[795.3846153846154, 768.3882783882784, 476.6666666666667, 796.5934065934066]"
2025-11-24T15:54:18.014364,/muse/eegAux,"[nan, nan, 0.0, 0.0]"
2025-11-24T15:54:18.091729,/muse/eeg,"[795.3846153846154, 768.3882783882784, 476.6666666666667, 796.5934065934066]"
2025-11-24T15:54:18.138065,/muse/eegAux,"[nan, nan, 0.0, 0.0]"
2025-11-24T15:54:18.185252,/muse/eeg,"[795.3846153846154, 768.3882783882784, 476.6666666666667, 796.5934065934066]"
2025-11-24T15:54:18.326503,/muse/eeg,"[795.3846153846154, 768.3882783882784, 476.6666666666667, 796.5934065934066]"
2025-11-24T15:54:18.373172,/muse/eegAux,"[nan, nan, 0.0, 0.0]"
2025-11-24T15:54:18.419893,/muse/gyro,"[4.553375244140625, 1.4654541015625, 1.443023681640625]"
2025-11-24T15:54:18.574097,/muse/gyro,"[4.553375244140625, 1.4654541015625, 1.443023681640625]"
2025-11-24T15:54:18.528446,/muse/gyro,"[4.553375244140625, 1.4654541015625, 1.443023681640625]"
2025-11-24T15:54:18.668319,/muse/acc,"[0.21484375, -0.15692138671875, 0.9696044921875]"
2025-11-24T15:54:18.807688,/muse/acc,"[0.21484375, -0.15692138671875, 0.9696044921875]"
2025-11-24T15:54:18.760843,/muse/acc,"[0.21484375, -0.15692138671875, 0.9696044921875]"
2025-11-24T15:54:18.930838,/muse/eeg,"[775.6410256410256, 757.5091575091575, 141.02564102564102, 794.981684981685]"
2025-11-24T15:54:18.961439,/muse/eegAux,"[nan, nan, 0.0, 0.0]"
2025-11-24T15:54:19.023702,/muse/eeg,"[774.8351648351648, 763.956043956044, 319.5238095238095, 790.1465201465202]"
2025-11-24T15:54:19.070014,/muse/eegAux,"[nan, nan, 0.0, 0.0]"
2025-11-24T15:54:19.148706,/muse/eeg,"[794.5787545787546, 760.3296703296703, 452.0879120879121, 802.2344322344322]"
2025-11-24T15:54:19.211437,/muse/eeg,"[784.1025641025641, 774.4322344322345, 0.0, 780.0732600732601]"
2025-11-24T15:54:19.164416,/muse/eegAux,"[nan, nan, 0.0, 0.0]"
2025-11-24T15:54:19.226606,/muse/eegAux,"[nan, nan, 0.0, 0.0]"
2025-11-24T15:54:19.257569,/muse/eeg,"[807.8754578754579, 782.893772893773, 653.1501831501831, 786.1172161172161]"
2025-11-24T15:54:19.350074,/muse/eegAux,"[nan, nan, 0.0, 0.0]"
2025-11-24T15:54:19.427846,/muse/eeg,"[807.8754578754579, 782.893772893773, 653.1501831501831, 786.1172161172161]"
2025-11-24T15:54:19.505655,/muse/eegAux,"[nan, nan, 0.0, 0.0]"
2025-11-24T15:54:19.583615,/muse/eeg,"[807.8754578754579, 782.893772893773, 653.1501831501831, 786.1172161172161]"
2025-11-24T15:54:19.598382,/muse/eegAux,"[nan, nan, 0.0, 0.0]"
2025-11-24T15:54:19.644720,/muse/eeg,"[807.8754578754579, 782.893772893773, 653.1501831501831, 786.1172161172161]"
2025-11-24T15:54:19.755039,/muse/eeg,"[807.8754578754579, 782.893772893773, 653.1501831501831, 786.1172161172161]"
2025-11-24T15:54:19.660706,/muse/eegAux,"[nan, nan, 0.0, 0.0]"
2025-11-24T15:54:19.817611,/muse/eegAux,"[nan, nan, 0.0, 0.0]"
2025-11-24T15:54:19.925910,/muse/eeg,"[807.8754578754579, 782.893772893773, 653.1501831501831, 786.1172161172161]"
2025-11-24T15:54:19.972615,/muse/eegAux,"[nan, nan, 0.0, 0.0]"
2025-11-24T15:54:20.003362,/muse/eeg,"[807.8754578754579, 782.893772893773, 653.1501831501831, 786.1172161172161]"
2025-11-24T15:54:20.050532,/muse/eegAux,"[nan, nan, 0.0, 0.0]"
2025-11-24T15:54:20.176734,/muse/eegAux,"[nan, nan, 0.0, 0.0]"
2025-11-24T15:54:20.144785,/muse/eeg,"[807.8754578754579, 782.893772893773, 653.1501831501831, 786.1172161172161]"
2025-11-24T15:54:20.285002,/muse/gyro,"[6.392669677734375, -1.57012939453125, 0.73272705078125]"
2025-11-24T15:54:20.362943,/muse/gyro,"[6.392669677734375, -1.57012939453125, 0.73272705078125]"
2025-11-24T15:54:20.347579,/muse/gyro,"[6.392669677734375, -1.57012939453125, 0.73272705078125]"
2025-11-24T15:54:20.456355,/muse/acc,"[0.21514892578125, -0.15576171875, 0.96588134765625]"
2025-11-24T15:54:20.502561,/muse/acc,"[0.212158203125, -0.15838623046875, 0.9677734375]"
2025-11-24T15:54:20.580682,/muse/acc,"[0.210693359375, -0.15899658203125, 0.961669921875]"
2025-11-24T15:54:20.659481,/muse/eeg,"[799.8168498168499, 775.6410256410256, 473.4432234432235, 788.9377289377289]"
2025-11-24T15:54:20.704866,/muse/eegAux,"[nan, nan, 0.0, 0.0]"
2025-11-24T15:54:20.751787,/muse/eeg,"[801.025641025641, 759.1208791208792, 425.4945054945055, 803.040293040293]"
2025-11-24T15:54:20.782499,/muse/eegAux,"[nan, nan, 0.0, 0.0]"
2025-11-24T15:54:20.797543,/muse/eeg,"[803.4432234432235, 761.1355311355312, 104.76190476190476, 808.6813186813187]"
2025-11-24T15:54:20.813208,/muse/eegAux,"[nan, nan, 0.0, 0.0]"
2025-11-24T15:54:20.873636,/muse/eeg,"[803.4432234432235, 761.1355311355312, 104.76190476190476, 808.6813186813187]"
2025-11-24T15:54:20.904259,/muse/eegAux,"[nan, nan, 0.0, 0.0]"
2025-11-24T15:54:20.935230,/muse/eeg,"[803.4432234432235, 761.1355311355312, 104.76190476190476, 808.6813186813187]"
2025-11-24T15:54:20.982702,/muse/eegAux,"[nan, nan, 0.0, 0.0]"
2025-11-24T15:54:21.029606,/muse/eeg,"[803.4432234432235, 761.1355311355312, 104.76190476190476, 808.6813186813187]"
2025-11-24T15:54:21.169417,/muse/eegAux,"[nan, nan, 0.0, 0.0]"
2025-11-24T15:54:21.216988,/muse/eeg,"[803.4432234432235, 761.1355311355312, 104.76190476190476, 808.6813186813187]"
2025-11-24T15:54:21.325364,/muse/eegAux,"[nan, nan, 0.0, 0.0]"
2025-11-24T15:54:21.356601,/muse/eeg,"[803.4432234432235, 761.1355311355312, 104.76190476190476, 808.6813186813187]"
2025-11-24T15:54:21.371669,/muse/eegAux,"[nan, nan, 0.0, 0.0]"
2025-11-24T15:54:21.510230,/muse/eegAux,"[nan, nan, 0.0, 0.0]"
2025-11-24T15:54:21.572642,/muse/elements/alpha_absolute,"[0.4045351742204163, 0.5797354505716499, 0.9472492683000144, 0.623232192753279]"
2025-11-24T15:54:21.463962,/muse/eeg,"[784.9084249084249, 780.4761904761905, 384.3956043956044, 804.2490842490843]"
2025-11-24T15:54:21.650225,/muse/elements/beta_absolute,"[0.5139893564045241, 0.617983889598535, 0.9853979264338821, 0.6349564303914507]"
2025-11-24T15:54:21.712185,/muse/elements/delta_absolute,"[1.2186263642357997, 0.7887907338701338, 0.9951193641341841, 1.1627949956891914]"
2025-11-24T15:54:21.790232,/muse/elements/theta_absolute,"[0.8915075801423525, 0.1802366258209392, 0.7240757446562845, 0.7656535208503983]"
2025-11-24T15:54:21.915230,/muse/elements/alpha_relative,"[0.0815689897247914, 0.22576730246343318, 0.23952359640232274, 0.13604202077230163]"
2025-11-24T15:54:21.852184,/muse/elements/gamma_absolute,"[-0.008371394604298173, 0.08545725480310873, 0.5136139700309592, 0.2965523848153112]"
2025-11-24T15:54:21.947235,/muse/elements/beta_relative,"[0.10494923217339593, 0.24655254110035005, 0.2615152154619236, 0.13976464056552626]"
2025-11-24T15:54:21.993633,/muse/elements/delta_relative,"[0.5316383156463491, 0.36535607012653254, 0.26743509587853037, 0.47123319660456686]"
2025-11-24T15:54:22.135745,/muse/elements/theta_relative,"[0.2503211176996629, 0.08998336277413427, 0.14327643941486778, 0.1888401785676405]"
2025-11-24T15:54:22.214352,/muse/elements/gamma_relative,"[0.031522344755800645, 0.07234072353555, 0.08824965284235554, 0.06411996348996468]"
2025-11-24T15:54:22.260522,/muse/is_good,"[0.0, 1.0, 0.0, 1.0]"
2025-11-24T15:54:22.290638,/muse/hsi,"[1.0, 1.0, 2.0, 1.0]"
2025-11-24T15:54:22.414137,/muse/eeg,"[784.9084249084249, 780.4761904761905, 384.3956043956044, 804.2490842490843]"
2025-11-24T15:54:22.491849,/muse/eegAux,"[nan, nan, 0.0, 0.0]"
2025-11-24T15:54:22.522623,/muse/eeg,"[784.9084249084249, 780.4761904761905, 384.3956043956044, 804.2490842490843]"
2025-11-24T15:54:22.569220,/muse/eegAux,"[nan, nan, 0.0, 0.0]"
2025-11-24T15:54:22.662706,/muse/eeg,"[784.9084249084249, 780.4761904761905, 384.3956043956044, 804.2490842490843]"
2025-11-24T15:54:22.709899,/muse/eegAux,"[nan, nan, 0.0, 0.0]"
2025-11-24T15:54:22.866401,/muse/gyro,"[8.433837890625, -6.572113037109375, 0.83740234375]"
2025-11-24T15:54:22.834564,/muse/gyro,"[8.433837890625, -6.572113037109375, 0.83740234375]"
2025-11-24T15:54:22.945187,/muse/gyro,"[8.433837890625, -6.572113037109375, 0.83740234375]"
2025-11-24T15:54:23.023150,/muse/acc,"[0.1990966796875, -0.14544677734375, 0.95977783203125]"
2025-11-24T15:54:23.069368,/muse/acc,"[0.1990966796875, -0.14544677734375, 0.95977783203125]"
2025-11-24T15:54:23.130708,/muse/acc,"[0.1990966796875, -0.14544677734375, 0.95977783203125]"
2025-11-24T15:54:23.176609,/muse/eeg,"[788.1318681318681, 781.2820512820513, 499.2307692307692, 799.4139194139194]"
2025-11-24T15:54:23.208657,/muse/eegAux,"[nan, nan, 0.0, 0.0]"
2025-11-24T15:54:23.240291,/muse/eeg,"[776.4468864468864, 767.985347985348, 569.7435897435897, 783.2967032967033]"
2025-11-24T15:54:23.365268,/muse/eeg,"[775.2380952380953, 767.985347985348, 343.6996336996337, 776.0439560439561]"
2025-11-24T15:54:23.333693,/muse/eegAux,"[nan, nan, 0.0, 0.0]"
2025-11-24T15:54:23.443349,/muse/eeg,"[782.893772893773, 776.0439560439561, 558.4615384615385, 785.3113553113553]"
2025-11-24T15:54:23.505936,/muse/eegAux,"[nan, nan, 0.0, 0.0]"
2025-11-24T15:54:23.568621,/muse/eeg,"[782.893772893773, 769.5970695970697, 508.9010989010989, 788.5347985347986]"
2025-11-24T15:54:23.412415,/muse/eegAux,"[nan, nan, 0.0, 0.0]"
2025-11-24T15:54:23.677244,/muse/eegAux,"[nan, nan, 0.0, 0.0]"
2025-11-24T15:54:23.753240,/muse/eeg,"[771.6117216117216, 767.5824175824176, 242.56410256410257, 778.0586080586081]"
2025-11-24T15:54:23.832039,/muse/eegAux,"[nan, nan, 0.0, 0.0]"
2025-11-24T15:54:23.908906,/muse/eeg,"[774.8351648351648, 767.1794871794872, 112.01465201465201, 782.893772893773]"
2025-11-24T15:54:23.956805,/muse/eegAux,"[nan, nan, 0.0, 0.0]"
2025-11-24T15:54:23.988672,/muse/eeg,"[793.7728937728938, 775.6410256410256, 144.65201465201466, 800.6227106227107]"
2025-11-24T15:54:24.051341,/muse/eegAux,"[nan, nan, 0.0, 0.0]"
2025-11-24T15:54:24.161181,/muse/eeg,"[804.2490842490843, 771.6117216117216, 536.7032967032967, 811.9047619047619]"
2025-11-24T15:54:24.223471,/muse/eegAux,"[nan, nan, 0.0, 0.0]"
2025-11-24T15:54:24.348319,/muse/eegAux,"[nan, nan, 0.0, 0.0]"
2025-11-24T15:54:24.301740,/muse/eeg,"[784.1025641025641, 778.4615384615385, 89.04761904761905, 788.1318681318681]"
2025-11-24T15:54:24.426619,/muse/eeg,"[784.1025641025641, 778.4615384615385, 89.04761904761905, 788.1318681318681]"
2025-11-24T15:54:24.521060,/muse/eegAux,"[nan, nan, 0.0, 0.0]"
2025-11-24T15:54:24.627691,/muse/eegAux,"[nan, nan, 0.0, 0.0]"
2025-11-24T15:54:24.551317,/muse/eeg,"[784.1025641025641, 778.4615384615385, 89.04761904761905, 788.1318681318681]"
2025-11-24T15:54:24.674561,/muse/gyro,"[8.89739990234375, -7.185211181640625, 0.800018310546875]"
2025-11-24T15:54:24.752380,/muse/gyro,"[8.98712158203125, -8.074951171875, 0.9271240234375]"
2025-11-24T15:54:24.799611,/muse/gyro,"[8.62823486328125, -8.05999755859375, 0.67291259765625]"
2025-11-24T15:54:24.877407,/muse/acc,"[0.208740234375, -0.142333984375, 0.963134765625]"
2025-11-24T15:54:24.924296,/muse/acc,"[0.20220947265625, -0.13458251953125, 0.97076416015625]"
2025-11-24T15:54:24.971443,/muse/acc,"[0.2054443359375, -0.1346435546875, 0.9752197265625]"
2025-11-24T15:54:25.048990,/muse/eeg,"[787.7289377289378, 784.5054945054945, 249.01098901098902, 792.967032967033]"
2025-11-24T15:54:25.126117,/muse/eegAux,"[nan, nan, 0.0, 0.0]"
2025-11-24T15:54:25.157446,/muse/eeg,"[795.3846153846154, 772.4175824175825, 503.2600732600733, 791.7582417582418]"
2025-11-24T15:54:25.297251,/muse/eeg,"[782.893772893773, 767.985347985348, 409.7802197802198, 784.9084249084249]"
2025-11-24T15:54:25.234604,/muse/eegAux,"[nan, nan, 0.0, 0.0]"
2025-11-24T15:54:25.391001,/muse/eegAux,"[nan, nan, 0.0, 0.0]"
2025-11-24T15:54:25.422216,/muse/eeg,"[790.5494505494506, 779.6703296703297, 234.10256410256412, 788.1318681318681]"
2025-11-24T15:54:25.579151,/muse/eegAux,"[nan, nan, 0.0, 0.0]"
2025-11-24T15:54:25.609966,/muse/eeg,"[798.2051282051282, 776.0439560439561, 395.6776556776557, 796.5934065934066]"
2025-11-24T15:54:25.656159,/muse/eegAux,"[nan, nan, 0.0, 0.0]"
2025-11-24T15:54:25.733555,/muse/eeg,"[765.1648351648352, 756.7032967032967, 15.311355311355312, 797.8021978021978]"
2025-11-24T15:54:25.780677,/muse/eegAux,"[nan, nan, 0.0, 0.0]"
2025-11-24T15:54:25.857000,/muse/eeg,"[794.981684981685, 769.5970695970697, 506.0805860805861, 817.948717948718]"
2025-11-24T15:54:25.873053,/muse/eegAux,"[nan, nan, 0.0, 0.0]"
2025-11-24T15:54:25.983207,/muse/eegAux,"[nan, nan, 0.0, 0.0]"
2025-11-24T15:54:26.109195,/muse/eegAux,"[nan, nan, 0.0, 0.0]"
2025-11-24T15:54:26.155667,/muse/eeg,"[781.2820512820513, 774.0293040293041, 483.5164835164835, 792.967032967033]"
2025-11-24T15:54:25.935851,/muse/eeg,"[781.2820512820513, 774.0293040293041, 483.5164835164835, 792.967032967033]"
2025-11-24T15:54:26.046145,/muse/eeg,"[781.2820512820513, 774.0293040293041, 483.5164835164835, 792.967032967033]"
2025-11-24T15:54:26.217744,/muse/eegAux,"[nan, nan, 0.0, 0.0]"
2025-11-24T15:54:26.278388,/muse/eeg,"[781.2820512820513, 774.0293040293041, 483.5164835164835, 792.967032967033]"
2025-11-24T15:54:26.325228,/muse/eegAux,"[nan, nan, 0.0, 0.0]"
2025-11-24T15:54:26.356606,/muse/elements/alpha_absolute,"[0.4045351742204163, 0.5753712532178661, 0.9472492683000144, 0.623232192753279]"
2025-11-24T15:54:26.450460,/muse/elements/beta_absolute,"[0.5139893564045241, 0.614167951036884, 0.9853979264338821, 0.629675213306604]"
2025-11-24T15:54:26.466013,/muse/elements/delta_absolute,"[1.2186263642357997, 0.7884606154145898, 0.9951193641341841, 1.1375657852812242]"
2025-11-24T15:54:26.512024,/muse/elements/theta_absolute,"[0.8915075801423525, 0.1883046189717146, 0.7240757446562845, 0.7403909231011206]"
2025-11-24T15:54:26.605351,/muse/elements/gamma_absolute,"[-0.008371394604298173, 0.10326163962620478, 0.5136139700309592, 0.2990767982929977]"
2025-11-24T15:54:26.698355,/muse/elements/alpha_relative,"[0.0815689897247914, 0.22350485458814992, 0.23952359640232274, 0.14150141943956976]"
2025-11-24T15:54:26.792470,/muse/elements/beta_relative,"[0.10494923217339593, 0.24439012774158356, 0.2615152154619236, 0.14361632751204395]"
2025-11-24T15:54:26.823314,/muse/elements/delta_relative,"[0.5316383156463491, 0.3650701487379619, 0.26743509587853037, 0.4624815255458561]"
2025-11-24T15:54:26.885987,/muse/elements/theta_relative,"[0.2503211176996629, 0.09166854251228956, 0.14327643941486778, 0.1853188202330313]"
2025-11-24T15:54:26.977936,/muse/elements/gamma_relative,"[0.031522344755800645, 0.07536632642001517, 0.08824965284235554, 0.06708190726949896]"
2025-11-24T15:54:27.118252,/muse/hsi,"[1.0, 1.0, 2.0, 1.0]"
2025-11-24T15:54:27.009776,/muse/is_good,"[0.0, 1.0, 0.0, 1.0]"
2025-11-24T15:54:27.180679,/muse/eeg,"[774.0293040293041, 788.1318681318681, 250.62271062271063, 775.2380952380953]"
2025-11-24T15:54:27.242705,/muse/eegAux,"[nan, nan, 0.0, 0.0]"
2025-11-24T15:54:27.305605,/muse/drlref,"[1618974.358974359, 1596410.2564102563]"
2025-11-24T15:54:27.428870,/muse/drlref,"[1618974.358974359, 1596410.2564102563]"
2025-11-24T15:54:27.538428,/muse/drlref,"[1618974.358974359, 1596410.2564102563]"
2025-11-24T15:54:27.616277,/muse/drlref,"[1618974.358974359, 1596410.2564102563]"
2025-11-24T15:54:27.601132,/muse/drlref,"[1618974.358974359, 1596410.2564102563]"
2025-11-24T15:54:27.662915,/muse/drlref,"[1618974.358974359, 1596410.2564102563]"
2025-11-24T15:54:27.678091,/muse/gyro,"[5.63751220703125, -12.5311279296875, 0.785064697265625]"
2025-11-24T15:54:27.724481,/muse/gyro,"[5.63751220703125, -12.5311279296875, 0.785064697265625]"
2025-11-24T15:54:27.816976,/muse/acc,"[0.21319580078125, -0.1199951171875, 0.97735595703125]"
2025-11-24T15:54:27.754825,/muse/gyro,"[5.63751220703125, -12.5311279296875, 0.785064697265625]"
2025-11-24T15:54:27.925757,/muse/acc,"[0.21319580078125, -0.1199951171875, 0.97735595703125]"
2025-11-24T15:54:27.848074,/muse/acc,"[0.21319580078125, -0.1199951171875, 0.97735595703125]"
2025-11-24T15:54:27.957027,/muse/eeg,"[781.6849816849817, 792.967032967033, 344.1025641025641, 782.0879120879121]"
2025-11-24T15:54:28.066281,/muse/eegAux,"[nan, nan, 0.0, 0.0]"
2025-11-24T15:54:28.127095,/muse/eeg,"[776.0439560439561, 776.0439560439561, 293.73626373626377, 789.3406593406594]"
2025-11-24T15:54:28.172887,/muse/eegAux,"[nan, nan, 0.0, 0.0]"
2025-11-24T15:54:28.203758,/muse/eeg,"[779.6703296703297, 788.5347985347986, 147.47252747252747, 802.2344322344322]"
2025-11-24T15:54:28.344411,/muse/eegAux,"[nan, nan, 0.0, 0.0]"
2025-11-24T15:54:28.390816,/muse/eeg,"[777.6556776556777, 787.3260073260074, 220.40293040293042, 786.9230769230769]"
2025-11-24T15:54:28.530847,/muse/eegAux,"[nan, nan, 0.0, 0.0]"
2025-11-24T15:54:28.609689,/muse/eeg,"[784.9084249084249, 784.5054945054945, 328.3882783882784, 798.6080586080586]"
2025-11-24T15:54:28.717866,/muse/eegAux,"[nan, nan, 0.0, 0.0]"
2025-11-24T15:54:28.781578,/muse/eeg,"[784.9084249084249, 784.5054945054945, 328.3882783882784, 798.6080586080586]"
2025-11-24T15:54:28.873812,/muse/eeg,"[784.9084249084249, 784.5054945054945, 328.3882783882784, 798.6080586080586]"
2025-11-24T15:54:28.858578,/muse/eegAux,"[nan, nan, 0.0, 0.0]"
2025-11-24T15:54:28.950828,/muse/eegAux,"[nan, nan, 0.0, 0.0]"
2025-11-24T15:54:28.997752,/muse/eeg,"[784.9084249084249, 784.5054945054945, 328.3882783882784, 798.6080586080586]"
2025-11-24T15:54:29.029568,/muse/eegAux,"[nan, nan, 0.0, 0.0]"
2025-11-24T15:54:29.045234,/muse/eeg,"[784.9084249084249, 784.5054945054945, 328.3882783882784, 798.6080586080586]"
2025-11-24T15:54:29.076494,/muse/eegAux,"[nan, nan, 0.0, 0.0]"
2025-11-24T15:54:29.138795,/muse/eeg,"[784.9084249084249, 784.5054945054945, 328.3882783882784, 798.6080586080586]"
2025-11-24T15:54:29.295562,/muse/eegAux,"[nan, nan, 0.0, 0.0]"
2025-11-24T15:54:29.389364,/muse/eegAux,"[nan, nan, 0.0, 0.0]"
2025-11-24T15:54:29.451201,/muse/eeg,"[784.9084249084249, 784.5054945054945, 328.3882783882784, 798.6080586080586]"
2025-11-24T15:54:29.341994,/muse/eeg,"[784.9084249084249, 784.5054945054945, 328.3882783882784, 798.6080586080586]"
2025-11-24T15:54:29.498584,/muse/eegAux,"[nan, nan, 0.0, 0.0]"
2025-11-24T15:54:29.514442,/muse/eeg,"[777.6556776556777, 787.3260073260074, 291.31868131868134, 789.3406593406594]"
2025-11-24T15:54:29.592849,/muse/eegAux,"[nan, nan, 0.0, 0.0]"
2025-11-24T15:54:29.686333,/muse/eeg,"[784.1025641025641, 773.6263736263736, 226.04395604395606, 783.6996336996338]"
2025-11-24T15:54:29.792538,/muse/eegAux,"[nan, nan, 0.0, 0.0]"
2025-11-24T15:54:29.746811,/muse/eeg,"[794.981684981685, 785.3113553113553, 145.05494505494505, 805.054945054945]"
2025-11-24T15:54:29.886147,/muse/eeg,"[775.2380952380953, 774.0293040293041, 140.62271062271063, 791.7582417582418]"
2025-11-24T15:54:29.731794,/muse/eegAux,"[nan, nan, 0.0, 0.0]"
2025-11-24T15:54:30.027302,/muse/eegAux,"[nan, nan, 0.0, 0.0]"
2025-11-24T15:54:30.088728,/muse/eeg,"[798.2051282051282, 768.3882783882784, 367.87545787545787, 807.4725274725275]"
2025-11-24T15:54:30.119547,/muse/eegAux,"[nan, nan, 0.0, 0.0]"
2025-11-24T15:54:30.197443,/muse/eeg,"[798.2051282051282, 768.3882783882784, 367.87545787545787, 807.4725274725275]"
2025-11-24T15:54:30.244865,/muse/eegAux,"[nan, nan, 0.0, 0.0]"
2025-11-24T15:54:30.276245,/muse/eeg,"[798.2051282051282, 768.3882783882784, 367.87545787545787, 807.4725274725275]"
2025-11-24T15:54:30.322321,/muse/eegAux,"[nan, nan, 0.0, 0.0]"
2025-11-24T15:54:30.384856,/muse/eeg,"[798.2051282051282, 768.3882783882784, 367.87545787545787, 807.4725274725275]"
2025-11-24T15:54:30.416655,/muse/eegAux,"[nan, nan, 0.0, 0.0]"
2025-11-24T15:54:30.493907,/muse/eeg,"[798.2051282051282, 768.3882783882784, 367.87545787545787, 807.4725274725275]"
2025-11-24T15:54:30.572694,/muse/eeg,"[790.1465201465202, 772.8205128205128, 508.09523809523813, 790.952380952381]"
2025-11-24T15:54:30.619733,/muse/eeg,"[777.6556776556777, 758.7179487179487, 240.54945054945057, 776.0439560439561]"
2025-11-24T15:54:30.634881,/muse/eegAux,"[nan, nan, 0.0, 0.0]"
2025-11-24T15:54:30.696879,/muse/acc,"[0.2764892578125, -0.12969970703125, 0.9779052734375]"
2025-11-24T15:54:30.758908,/muse/drlref,"[1618974.358974359, 1596410.2564102563]"
2025-11-24T15:54:30.804641,/muse/drlref,"[1618974.358974359, 1596410.2564102563]"
2025-11-24T15:54:30.851638,/muse/eeg,"[792.1611721611722, 769.1941391941392, 534.2857142857143, 790.5494505494506]"
2025-11-24T15:54:30.898442,/muse/eeg,"[826.007326007326, 771.2087912087912, 713.992673992674, 796.1904761904763]"
2025-11-24T15:54:30.991835,/muse/eeg,"[812.7106227106227, 760.7326007326008, 177.6923076923077, 799.0109890109891]"
2025-11-24T15:54:31.038597,/muse/eeg,"[801.4285714285714, 790.5494505494506, 469.4139194139194, 784.9084249084249]"
2025-11-24T15:54:31.116715,/muse/eeg,"[792.967032967033, 785.3113553113553, 733.3333333333334, 782.0879120879121]"
2025-11-24T15:54:31.147387,/muse/eegAux,"[nan, nan, 0.0, 0.0]"
2025-11-24T15:54:31.225385,/muse/eeg,"[818.3516483516484, 768.7912087912088, 821.1721611721612, 805.8608058608058]"
2025-11-24T15:54:31.334749,/muse/gyro,"[2.43743896484375, -2.669219970703125, 7.88055419921875]"
2025-11-24T15:54:31.397434,/muse/eeg,"[808.6813186813187, 771.6117216117216, 493.5897435897436, 786.9230769230769]"
2025-11-24T15:54:31.428914,/muse/eeg,"[801.025641025641, 770.0, 471.02564102564105, 803.4432234432235]"
2025-11-24T15:54:31.491860,/muse/eeg,"[785.3113553113553, 776.8498168498169, 523.0036630036631, 755.4945054945055]"
2025-11-24T15:54:31.538862,/muse/eegAux,"[nan, nan, 0.0, 0.0]"
2025-11-24T15:54:31.586537,/muse/eeg,"[723.2600732600732, 759.5238095238095, 477.0695970695971, 753.0769230769231]"
2025-11-24T15:54:31.632653,/muse/eegAux,"[nan, nan, 0.0, 0.0]"
2025-11-24T15:54:31.678457,/muse/eegAux,"[nan, nan, 0.0, 0.0]"
2025-11-24T15:54:31.708334,/muse/gyro,"[0.4486083984375, 4.65057373046875, 17.039642333984375]"
2025-11-24T15:54:31.771117,/muse/eeg,"[814.7252747252747, 766.7765567765568, 817.1428571428571, 829.6336996336996]"
2025-11-24T15:54:31.849251,/muse/eegAux,"[nan, nan, 0.0, 0.0]"
2025-11-24T15:54:31.926113,/muse/eeg,"[813.919413919414, 818.7545787545788, 549.1941391941392, 782.4908424908425]"
2025-11-24T15:54:31.988545,/muse/eegAux,"[nan, nan, 0.0, 0.0]"
2025-11-24T15:54:32.081751,/muse/eeg,"[819.5604395604396, 797.3992673992674, 426.3003663003663, 792.1611721611722]"
2025-11-24T15:54:32.159757,/muse/eegAux,"[nan, nan, 0.0, 0.0]"
2025-11-24T15:54:32.252850,/muse/eegAux,"[nan, nan, 0.0, 0.0]"
2025-11-24T15:54:32.221503,/muse/eeg,"[834.0659340659341, 789.7435897435897, 662.4175824175825, 800.2197802197802]"
2025-11-24T15:54:32.283657,/muse/acc,"[0.1021728515625, -0.319580078125, 0.95355224609375]"
2025-11-24T15:54:32.392958,/muse/eeg,"[770.0, 769.1941391941392, 245.78754578754578, 756.3003663003664]"
2025-11-24T15:54:32.347164,/muse/acc,"[0.1087646484375, -0.314208984375, 0.96466064453125]"
2025-11-24T15:54:32.454608,/muse/eeg,"[797.8021978021978, 757.9120879120879, 163.5897435897436, 794.5787545787546]"
2025-11-24T15:54:32.516468,/muse/eeg,"[783.6996336996338, 768.7912087912088, 648.7179487179487, 802.2344322344322]"
2025-11-24T15:54:32.704202,/muse/eegAux,"[nan, nan, 0.0, 0.0]"
2025-11-24T15:54:32.751073,/muse/eeg,"[783.2967032967033, 772.014652014652, 415.42124542124543, 815.1282051282052]"
2025-11-24T15:54:32.783073,/muse/gyro,"[0.85235595703125, -11.103057861328125, -1.158905029296875]"
2025-11-24T15:54:32.845664,/muse/eeg,"[796.1904761904763, 765.5677655677656, 348.93772893772893, 798.2051282051282]"
2025-11-24T15:54:32.937687,/muse/eeg,"[794.981684981685, 804.6520146520147, 455.7142857142857, 797.8021978021978]"
2025-11-24T15:54:32.983750,/muse/eeg,"[786.1172161172161, 918.2783882783883, 163.1868131868132, 785.3113553113553]"
2025-11-24T15:54:33.107284,/muse/eeg,"[782.0879120879121, 925.5311355311355, 329.1941391941392, 767.5824175824176]"
2025-11-24T15:54:33.061315,/muse/eegAux,"[nan, nan, 0.0, 0.0]"
2025-11-24T15:54:33.154883,/muse/eeg,"[790.5494505494506, 826.4102564102565, 179.7069597069597, 796.1904761904763]"
2025-11-24T15:54:33.186751,/muse/eegAux,"[nan, nan, 0.0, 0.0]"
2025-11-24T15:54:33.249701,/muse/eeg,"[819.96336996337, 803.4432234432235, 554.8351648351648, 813.5164835164835]"
2025-11-24T15:54:33.358490,/muse/eegAux,"[nan, nan, 0.0, 0.0]"
2025-11-24T15:54:33.421078,/muse/gyro,"[2.773895263671875, -5.330963134765625, -0.8673095703125]"
2025-11-24T15:54:33.513480,/muse/is_good,"[1.0, 0.0, 0.0, 1.0]"
2025-11-24T15:54:33.576469,/muse/gyro,"[6.108551025390625, -4.882354736328125, 0.067291259765625]"
2025-11-24T15:54:33.607236,/muse/gyro,"[6.05621337890625, -4.97955322265625, 0.31402587890625]"
2025-11-24T15:54:33.669211,/muse/gyro,"[6.05621337890625, -4.97955322265625, 0.31402587890625]"
2025-11-24T15:54:33.716624,/muse/eeg,"[778.0586080586081, 761.941391941392, 643.0769230769231, 798.6080586080586]"
2025-11-24T15:54:33.793743,/muse/eeg,"[800.6227106227107, 773.2234432234433, 352.967032967033, 801.4285714285714]"
2025-11-24T15:54:33.872120,/muse/eegAux,"[nan, nan, 0.0, 0.0]"
2025-11-24T15:54:33.965529,/muse/eeg,"[789.3406593406594, 767.5824175824176, 483.1135531135531, 789.3406593406594]"
2025-11-24T15:54:33.995938,/muse/eeg,"[800.2197802197802, 762.3443223443223, 566.5201465201466, 794.5787545787546]"
2025-11-24T15:54:34.104028,/muse/eeg,"[800.2197802197802, 762.3443223443223, 566.5201465201466, 794.5787545787546]"
2025-11-24T15:54:34.057203,/muse/eegAux,"[nan, nan, 0.0, 0.0]"
2025-11-24T15:54:34.197817,/muse/eeg,"[799.4139194139194, 774.4322344322345, 830.4395604395604, 795.7875457875458]"
2025-11-24T15:54:34.260656,/muse/eegAux,"[nan, nan, 0.0, 0.0]"
2025-11-24T15:54:34.464339,/muse/eeg,"[797.8021978021978, 776.0439560439561, 661.6117216117216, 787.3260073260074]"
2025-11-24T15:54:34.527473,/muse/drlref,"[1618974.358974359, 1596410.2564102563]"
2025-11-24T15:54:34.574500,/muse/drlref,"[1618974.358974359, 1596410.2564102563]"
2025-11-24T15:54:34.636210,/muse/eeg,"[797.3992673992674, 769.5970695970697, 625.7509157509157, 776.0439560439561]"
2025-11-24T15:54:34.699147,/muse/eegAux,"[nan, nan, 0.0, 0.0]"
2025-11-24T15:54:34.729510,/muse/gyro,"[4.725341796875, -3.611297607421875, 0.3887939453125]"
2025-11-24T15:54:34.775025,/muse/gyro,"[3.4393310546875, -4.119720458984375, 0.515899658203125]"
2025-11-24T15:54:34.822073,/muse/gyro,"[3.69354248046875, -4.42626953125, 0.500946044921875]"
2025-11-24T15:54:34.884481,/muse/eeg,"[797.8021978021978, 766.7765567765568, 760.3296703296703, 782.0879120879121]"
2025-11-24T15:54:34.962070,/muse/eeg,"[788.5347985347986, 768.3882783882784, 869.1208791208792, 795.7875457875458]"
2025-11-24T15:54:35.040759,/muse/eegAux,"[nan, nan, 0.0, 0.0]"
2025-11-24T15:54:35.148762,/muse/gyro,"[3.835601806640625, -3.6187744140625, 1.15142822265625]"
2025-11-24T15:54:35.242188,/muse/eegAux,"[nan, nan, 0.0, 0.0]"
2025-11-24T15:54:35.210466,/muse/eeg,"[789.3406593406594, 763.1501831501831, 409.7802197802198, 794.981684981685]"
2025-11-24T15:54:35.335681,/muse/elements/theta_absolute,"[0.5117554487411575, 0.04119204262189669, 0.7240757446562845, 0.5171764461297533]"
2025-11-24T15:54:35.367553,/muse/eeg,"[793.7728937728938, 768.7912087912088, 791.3553113553114, 790.5494505494506]"
2025-11-24T15:54:35.460536,/muse/eeg,"[797.3992673992674, 768.7912087912088, 1000.0732600732601, 820.3663003663004]"
2025-11-24T15:54:35.492386,/muse/elements/theta_relative,"[0.18425067102484863, 0.07846763705793977, 0.14327643941486778, 0.14083606541020327]"
2025-11-24T15:54:35.570944,/muse/gyro,"[4.5159912109375, -3.491668701171875, 0.22430419921875]"
2025-11-24T15:54:35.618458,/muse/eeg,"[802.6373626373627, 753.4798534798535, 1197.912087912088, 802.2344322344322]"
2025-11-24T15:54:35.696369,/muse/eegAux,"[nan, nan, 0.0, 0.0]"
2025-11-24T15:54:35.789641,/muse/eegAux,"[nan, nan, 0.0, 0.0]"
2025-11-24T15:54:35.742763,/muse/eeg,"[780.8791208791209, 759.5238095238095, 1146.739926739927, 804.2490842490843]"
2025-11-24T15:54:35.914596,/muse/eegAux,"[nan, nan, 0.0, 0.0]"
2025-11-24T15:54:35.976967,/muse/eeg,"[795.7875457875458, 778.4615384615385, 1183.003663003663, 789.7435897435897]"
2025-11-24T15:54:36.068950,/muse/eeg,"[785.3113553113553, 778.4615384615385, 921.5018315018315, 771.2087912087912]"
2025-11-24T15:54:36.161887,/muse/eeg,"[804.6520146520147, 754.2857142857143, 1160.8424908424909, 809.4871794871796]"
2025-11-24T15:54:36.130506,/muse/eegAux,"[nan, nan, 0.0, 0.0]"
2025-11-24T15:54:36.271089,/muse/eeg,"[807.8754578754579, 749.8534798534798, 1255.934065934066, 817.1428571428571]"
2025-11-24T15:54:36.286099,/muse/elements/theta_relative,"[0.1714172441876054, 0.11392926111421144, 0.14327643941486778, 0.11982994993918387]"
2025-11-24T15:54:36.380186,/muse/eeg,"[773.6263736263736, 775.6410256410256, 1158.0219780219782, 786.1172161172161]"
2025-11-24T15:54:36.333072,/muse/eeg,"[786.5201465201466, 774.8351648351648, 1160.8424908424909, 805.054945054945]"
2025-11-24T15:54:36.458989,/muse/eeg,"[787.7289377289378, 763.5531135531136, 1330.0732600732601, 787.7289377289378]"
2025-11-24T15:54:36.520764,/muse/eeg,"[783.2967032967033, 786.1172161172161, 977.5091575091575, 805.054945054945]"
2025-11-24T15:54:36.614328,/muse/elements/alpha_absolute,"[0.7721164445593716, 0.3979719807907443, 0.9472492683000144, 0.7754114824013852]"
2025-11-24T15:54:36.692516,/muse/gyro,"[2.773895263671875, -1.98883056640625, -0.179443359375]"
2025-11-24T15:54:36.737819,/muse/eeg,"[804.2490842490843, 777.6556776556777, 1456.5934065934066, 826.4102564102565]"
2025-11-24T15:54:36.816451,/muse/eeg,"[780.8791208791209, 763.1501831501831, 1255.5311355311355, 787.7289377289378]"
2025-11-24T15:54:36.909155,/muse/eegAux,"[nan, nan, 0.0, 0.0]"
2025-11-24T15:54:36.955777,/muse/eeg,"[775.6410256410256, 775.2380952380953, 921.0989010989011, 793.7728937728938]"
2025-11-24T15:54:37.140845,/muse/eeg,"[772.8205128205128, 781.6849816849817, 1183.8095238095239, 765.9706959706959]"
2025-11-24T15:54:37.017553,/muse/eegAux,"[nan, nan, 0.0, 0.0]"
2025-11-24T15:54:37.280062,/muse/hsi,"[1.0, 1.0, 4.0, 1.0]"
2025-11-24T15:54:37.356631,/muse/acc,"[0.21502685546875, -0.255859375, 0.95184326171875]"
2025-11-24T15:54:37.433617,/muse/acc,"[0.22991943359375, -0.251953125, 0.94757080078125]"
2025-11-24T15:54:37.480209,/muse/acc,"[0.22991943359375, -0.251953125, 0.94757080078125]"
2025-11-24T15:54:37.573109,/muse/eeg,"[792.967032967033, 780.0732600732601, 920.2930402930403, 812.3076923076924]"
2025-11-24T15:54:37.526075,/muse/drlref,"[1618974.358974359, 1596410.2564102563]"
2025-11-24T15:54:37.603554,/muse/gyro,"[3.2598876953125, -3.985137939453125, -0.4486083984375]"
2025-11-24T15:54:37.664711,/muse/acc,"[0.215087890625, -0.25103759765625, 0.95123291015625]"
2025-11-24T15:54:37.679671,/muse/eeg,"[775.2380952380953, 772.8205128205128, 496.8131868131868, 790.1465201465202]"
2025-11-24T15:54:37.727060,/muse/eeg,"[789.7435897435897, 778.4615384615385, 1453.772893772894, 786.5201465201466]"
2025-11-24T15:54:37.773934,/muse/drlref,"[1618974.358974359, 1596410.2564102563]"
2025-11-24T15:54:37.835769,/muse/eeg,"[793.7728937728938, 780.0732600732601, 1040.7692307692307, 788.5347985347986]"
2025-11-24T15:54:37.743017,/muse/eeg,"[774.0293040293041, 772.014652014652, 1089.9267399267399, 795.3846153846154]"
2025-11-24T15:54:37.882107,/muse/eeg,"[800.2197802197802, 788.5347985347986, 1039.5604395604396, 801.4285714285714]"
2025-11-24T15:54:37.958462,/muse/eegAux,"[nan, nan, 0.0, 0.0]"
2025-11-24T15:54:38.037493,/muse/elements/delta_absolute,"[0.6524974396104852, 0.8253669317893614, 0.9951193641341841, 0.5972528001612915]"
2025-11-24T15:54:38.146603,/muse/eeg,"[801.4285714285714, 777.2527472527473, 1114.1025641025642, 801.4285714285714]"
2025-11-24T15:54:38.209287,/muse/elements/alpha_absolute,"[0.8648337705839272, 0.9917636044868523, 0.9472492683000144, 1.1472900377943875]"
2025-11-24T15:54:38.287547,/muse/gyro,"[3.0206298828125, -5.1739501953125, 0.40374755859375]"
2025-11-24T15:54:38.379313,/muse/gyro,"[2.85614013671875, -5.525360107421875, 0.1495361328125]"
2025-11-24T15:54:38.410716,/muse/gyro,"[2.85614013671875, -5.525360107421875, 0.1495361328125]"
2025-11-24T15:54:38.426614,/muse/eeg,"[811.5018315018315, 779.6703296703297, 841.3186813186813, 809.4871794871796]"
2025-11-24T15:54:38.472588,/muse/eeg,"[788.1318681318681, 772.014652014652, 1127.3992673992675, 790.952380952381]"
2025-11-24T15:54:38.503620,/muse/drlref,"[1618974.358974359, 1596410.2564102563]"
2025-11-24T15:54:38.567249,/muse/eeg,"[803.040293040293, 791.3553113553114, 1254.3223443223444, 805.8608058608058]"
2025-11-24T15:54:38.659593,/muse/eeg,"[788.9377289377289, 780.4761904761905, 1090.7326007326008, 791.3553113553114]"
2025-11-24T15:54:38.781877,/muse/eeg,"[809.4871794871796, 786.5201465201466, 1175.7509157509157, 819.1575091575091]"
2025-11-24T15:54:38.827535,/muse/eegAux,"[nan, nan, 0.0, 0.0]"
2025-11-24T15:54:38.888950,/muse/eeg,"[788.9377289377289, 778.8644688644689, 906.996336996337, 809.8901098901099]"
2025-11-24T15:54:38.888950,/muse/gyro,"[3.102874755859375, -4.358978271484375, -0.3887939453125]"
2025-11-24T15:54:39.060615,/muse/eeg,"[806.2637362637363, 772.8205128205128, 1045.6043956043957, 797.3992673992674]"
2025-11-24T15:54:38.936428,/muse/gyro,"[3.102874755859375, -4.358978271484375, -0.3887939453125]"
2025-11-24T15:54:39.030585,/muse/eeg,"[801.025641025641, 769.5970695970697, 1096.3736263736264, 799.8168498168499]"
2025-11-24T15:54:39.123233,/muse/elements/alpha_absolute,"[0.9042277690756021, 1.0383972421847483, 0.9472492683000144, 1.145638962432098]"
2025-11-24T15:54:39.201867,/muse/elements/alpha_absolute,"[0.9054297164755543, 1.0383972421847483, 0.9472492683000144, 1.1369801579128054]"
2025-11-24T15:54:39.233157,/muse/eeg,"[791.3553113553114, 774.8351648351648, 320.73260073260076, 786.5201465201466]"
2025-11-24T15:54:39.280802,/muse/gyro,"[6.59454345703125, -4.9346923828125, 0.844879150390625]"
2025-11-24T15:54:39.295566,/muse/acc,"[0.2957763671875, -0.23797607421875, 0.934326171875]"
2025-11-24T15:54:39.358357,/muse/acc,"[0.2957763671875, -0.23797607421875, 0.934326171875]"
2025-11-24T15:54:39.421008,/muse/gyro,"[6.317901611328125, -4.239349365234375, 0.949554443359375]"
2025-11-24T15:54:39.576335,/muse/eegAux,"[nan, nan, 0.0, 0.0]"
2025-11-24T15:54:39.654574,/muse/eeg,"[792.5641025641025, 779.6703296703297, 648.7179487179487, 800.2197802197802]"
2025-11-24T15:54:39.483571,/muse/eeg,"[786.5201465201466, 773.6263736263736, 746.2271062271062, 799.4139194139194]"
2025-11-24T15:54:39.780061,/muse/eegAux,"[nan, nan, 0.0, 0.0]"
2025-11-24T15:54:39.874411,/muse/eeg,"[792.5641025641025, 779.6703296703297, 648.7179487179487, 800.2197802197802]"
2025-11-24T15:54:39.967858,/muse/eegAux,"[nan, nan, 0.0, 0.0]"
2025-11-24T15:54:39.999295,/muse/eeg,"[788.5347985347986, 770.0, 631.3919413919414, 793.3699633699634]"
2025-11-24T15:54:40.108194,/muse/gyro,"[6.856231689453125, 0.276641845703125, -0.097198486328125]"
2025-11-24T15:54:40.124118,/muse/eeg,"[796.996336996337, 778.0586080586081, 402.5274725274725, 802.2344322344322]"
2025-11-24T15:54:40.187340,/muse/eegAux,"[nan, nan, 0.0, 0.0]"
2025-11-24T15:54:40.280218,/muse/eeg,"[788.5347985347986, 767.1794871794872, 761.1355311355312, 794.981684981685]"
2025-11-24T15:54:40.343187,/muse/gyro,"[11.73858642578125, 3.45428466796875, -3.745880126953125]"
2025-11-24T15:54:40.405804,/muse/acc,"[0.261962890625, -0.2421875, 0.9326171875]"
2025-11-24T15:54:40.484356,/muse/acc,"[0.240234375, -0.16864013671875, 0.934326171875]"
2025-11-24T15:54:40.547892,/muse/gyro,"[19.910736083984375, 4.14215087890625, -3.63372802734375]"
2025-11-24T15:54:40.565693,/muse/eeg,"[794.981684981685, 780.0732600732601, 926.3369963369963, 805.8608058608058]"
2025-11-24T15:54:40.611216,/muse/eeg,"[807.4725274725275, 781.6849816849817, 535.8974358974359, 796.1904761904763]"
2025-11-24T15:54:40.641830,/muse/eeg,"[794.981684981685, 772.4175824175825, 470.21978021978026, 798.6080586080586]"
2025-11-24T15:54:40.704191,/muse/eeg,"[803.4432234432235, 773.6263736263736, 563.2967032967033, 798.6080586080586]"
2025-11-24T15:54:40.827853,/muse/elements/alpha_absolute,"[0.43695597215579796, 0.5478432474278364, 0.9472492683000144, 0.3636789273750648]"
2025-11-24T15:54:40.858497,/muse/gyro,"[12.000274658203125, -2.572021484375, -4.358978271484375]"
2025-11-24T15:54:40.889832,/muse/eeg,"[791.3553113553114, 778.8644688644689, 676.1172161172161, 796.996336996337]"
2025-11-24T15:54:40.952437,/muse/eeg,"[813.919413919414, 782.4908424908425, 875.1648351648352, 817.1428571428571]"
2025-11-24T15:54:40.982864,/muse/eeg,"[797.3992673992674, 793.7728937728938, 663.2234432234433, 803.040293040293]"
2025-11-24T15:54:41.044214,/muse/gyro,"[6.47491455078125, 9.04693603515625, -5.443115234375]"
2025-11-24T15:54:41.106299,/muse/eeg,"[799.0109890109891, 777.2527472527473, 668.4615384615385, 794.981684981685]"
2025-11-24T15:54:41.167082,/muse/eeg,"[786.5201465201466, 785.3113553113553, 780.4761904761905, 801.4285714285714]"
2025-11-24T15:54:41.244378,/muse/eeg,"[785.7142857142858, 761.1355311355312, 632.6007326007326, 802.2344322344322]"
2025-11-24T15:54:41.370218,/muse/eegAux,"[nan, nan, 0.0, 0.0]"
2025-11-24T15:54:41.417536,/muse/gyro,"[-5.72723388671875, 2.392578125, 2.639312744140625]"
2025-11-24T15:54:41.385797,/muse/eegAux,"[nan, nan, 0.0, 0.0]"
2025-11-24T15:54:41.479717,/muse/gyro,"[-10.654449462890625, -2.175750732421875, 2.6019287109375]"
2025-11-24T15:54:41.572179,/muse/eegAux,"[nan, nan, 0.0, 0.0]"
2025-11-24T15:54:41.510486,/muse/eeg,"[789.3406593406594, 769.1941391941392, 673.2967032967033, 792.967032967033]"
2025-11-24T15:54:41.651228,/muse/gyro,"[-8.486175537109375, -11.05072021484375, 7.110443115234375]"
2025-11-24T15:54:41.666882,/muse/gyro,"[-9.607696533203125, -13.44329833984375, 4.17205810546875]"
2025-11-24T15:54:41.712780,/muse/eeg,"[783.2967032967033, 786.5201465201466, 552.4175824175825, 805.8608058608058]"
2025-11-24T15:54:41.758978,/muse/eegAux,"[nan, nan, 0.0, 0.0]"
2025-11-24T15:54:41.882985,/muse/elements/alpha_absolute,"[0.33526265402091165, 0.5399482124504267, 0.9472492683000144, 0.06782825691621376]"
2025-11-24T15:54:41.976284,/muse/acc,"[0.16973876953125, -0.168701171875, 0.99163818359375]"
2025-11-24T15:54:42.023130,/muse/eeg,"[790.952380952381, 782.4908424908425, 774.4322344322345, 791.3553113553114]"
2025-11-24T15:54:42.069420,/muse/eeg,"[792.1611721611722, 774.0293040293041, 651.1355311355312, 812.3076923076924]"
2025-11-24T15:54:42.132369,/muse/eeg,"[747.8388278388279, 783.2967032967033, 753.8827838827839, 774.0293040293041]"
2025-11-24T15:54:42.178065,/muse/eeg,"[782.893772893773, 778.0586080586081, 680.5494505494506, 797.8021978021978]"
2025-11-24T15:54:42.224482,/muse/eeg,"[801.8315018315019, 788.1318681318681, 687.3992673992674, 807.0695970695971]"
2025-11-24T15:54:42.302590,/muse/eeg,"[803.040293040293, 781.6849816849817, 785.7142857142858, 799.4139194139194]"
2025-11-24T15:54:42.365086,/muse/eegAux,"[nan, nan, 0.0, 0.0]"
2025-11-24T15:54:42.488590,/muse/elements/alpha_absolute,"[0.38532582945486865, 0.5086263382667322, 0.9472492683000144, 0.38038167590969446]"
2025-11-24T15:54:42.519816,/muse/gyro,"[9.861907958984375, -0.5682373046875, 3.887939453125]"
2025-11-24T15:54:42.645324,/muse/gyro,"[11.005859375, -0.04486083984375, 3.701019287109375]"
2025-11-24T15:54:42.692210,/muse/gyro,"[11.005859375, -0.04486083984375, 3.701019287109375]"
2025-11-24T15:54:42.739276,/muse/gyro,"[18.923797607421875, 13.62274169921875, -6.841278076171875]"
2025-11-24T15:54:42.802639,/muse/acc,"[0.04638671875, -0.114501953125, 1.00946044921875]"
2025-11-24T15:54:42.849664,/muse/gyro,"[18.056488037109375, 9.757232666015625, -2.58697509765625]"
2025-11-24T15:54:42.910841,/muse/gyro,"[18.056488037109375, 9.757232666015625, -2.58697509765625]"
2025-11-24T15:54:42.941404,/muse/gyro,"[16.456451416015625, 9.1217041015625, -0.2691650390625]"
2025-11-24T15:54:43.002568,/muse/eeg,"[774.0293040293041, 776.8498168498169, 678.9377289377289, 772.8205128205128]"
2025-11-24T15:54:43.063548,/muse/gyro,"[-0.52337646484375, -14.99847412109375, -4.6356201171875]"
2025-11-24T15:54:43.125957,/muse/acc,"[0.02386474609375, -0.0537109375, 1.00408935546875]"
2025-11-24T15:54:43.203974,/muse/eeg,"[785.7142857142858, 755.4945054945055, 556.8498168498169, 778.0586080586081]"
2025-11-24T15:54:43.329655,/muse/eeg,"[926.3369963369963, 775.2380952380953, 891.2820512820513, 900.1465201465202]"
2025-11-24T15:54:43.422479,/muse/drlref,"[1618974.358974359, 1596410.2564102563]"
2025-11-24T15:54:43.499031,/muse/drlref,"[1618974.358974359, 1596410.2564102563]"
2025-11-24T15:54:43.528945,/muse/gyro,"[8.261871337890625, -8.77777099609375, -4.486083984375]"
2025-11-24T15:54:43.621369,/muse/acc,"[0.16888427734375, 0.02880859375, 0.97998046875]"
2025-11-24T15:54:43.668776,/muse/eeg,"[791.3553113553114, 788.5347985347986, 276.4102564102564, 779.2673992673992]"
2025-11-24T15:54:43.746593,/muse/eeg,"[798.2051282051282, 771.2087912087912, 749.047619047619, 790.5494505494506]"
2025-11-24T15:54:43.854120,/muse/eegAux,"[nan, nan, 0.0, 0.0]"
2025-11-24T15:54:43.916708,/muse/eeg,"[807.4725274725275, 763.1501831501831, 737.7655677655678, 782.0879120879121]"
2025-11-24T15:54:43.947979,/muse/eeg,"[777.2527472527473, 747.8388278388279, 465.3846153846154, 773.2234432234433]"
2025-11-24T15:54:44.010190,/muse/eegAux,"[nan, nan, 0.0, 0.0]"
2025-11-24T15:54:44.057516,/muse/eeg,"[805.4578754578755, 727.6923076923077, 390.84249084249086, 788.5347985347986]"
2025-11-24T15:54:44.103778,/muse/eegAux,"[nan, nan, 0.0, 0.0]"
2025-11-24T15:54:44.167473,/muse/acc,"[0.3072509765625, 0.03753662109375, 0.97235107421875]"
2025-11-24T15:54:44.293299,/muse/acc,"[0.3155517578125, 0.0367431640625, 0.9715576171875]"
2025-11-24T15:54:44.419989,/muse/elements/delta_relative,"[0.5225474758024712, 0.26331052080254297, 0.26743509587853037, 0.14278121443700914]"
2025-11-24T15:54:44.356752,/muse/acc,"[0.30499267578125, 0.03509521484375, 0.95904541015625]"
2025-11-24T15:54:44.528175,/muse/eeg,"[812.3076923076924, 736.5567765567765, 748.2417582417582, 815.1282051282052]"
2025-11-24T15:54:44.575451,/muse/gyro,"[3.940277099609375, -6.98333740234375, 1.1663818359375]"
2025-11-24T15:54:44.667994,/muse/eeg,"[790.1465201465202, 730.9157509157509, 906.1904761904763, 792.967032967033]"
2025-11-24T15:54:44.636705,/muse/eeg,"[782.4908424908425, 718.8278388278388, 414.61538461538464, 783.2967032967033]"
2025-11-24T15:54:44.713618,/muse/eegAux,"[nan, nan, 0.0, 0.0]"
2025-11-24T15:54:44.823307,/muse/gyro,"[1.24114990234375, -4.762725830078125, 2.280426025390625]"
2025-11-24T15:54:44.900359,/muse/eeg,"[788.9377289377289, 752.2710622710623, 590.2930402930403, 790.5494505494506]"
2025-11-24T15:54:44.869142,/muse/eegAux,"[nan, nan, 0.0, 0.0]"
2025-11-24T15:54:44.962446,/muse/eegAux,"[nan, nan, 0.0, 0.0]"
2025-11-24T15:54:45.086314,/muse/eeg,"[813.919413919414, 772.014652014652, 685.7875457875458, 794.1758241758242]"
2025-11-24T15:54:45.181388,/muse/eeg,"[804.2490842490843, 761.1355311355312, 851.7948717948718, 798.2051282051282]"
2025-11-24T15:54:45.212095,/muse/eegAux,"[nan, nan, 0.0, 0.0]"
2025-11-24T15:54:45.291090,/muse/eeg,"[791.7582417582418, 768.3882783882784, 174.06593406593407, 787.3260073260074]"
2025-11-24T15:54:45.243843,/muse/eeg,"[792.1611721611722, 751.4652014652015, 689.8168498168499, 799.8168498168499]"
2025-11-24T15:54:45.353155,/muse/gyro,"[3.132781982421875, -4.957122802734375, 0.16448974609375]"
2025-11-24T15:54:45.384105,/muse/acc,"[0.35296630859375, 0.0247802734375, 0.9453125]"
2025-11-24T15:54:45.462008,/muse/drlref,"[1618974.358974359, 1596410.2564102563]"
2025-11-24T15:54:45.492118,/muse/eeg,"[791.3553113553114, 791.7582417582418, 325.5677655677656, 795.3846153846154]"
2025-11-24T15:54:45.522222,/muse/eeg,"[796.996336996337, 774.0293040293041, 453.6996336996337, 793.7728937728938]"
2025-11-24T15:54:45.584526,/muse/gyro,"[3.6187744140625, -3.730926513671875, 1.2860107421875]"
2025-11-24T15:54:45.692748,/muse/gyro,"[3.7384033203125, -2.49725341796875, -0.179443359375]"
2025-11-24T15:54:45.786103,/muse/gyro,"[3.6187744140625, -1.024322509765625, -2.086029052734375]"
2025-11-24T15:54:45.817207,/muse/gyro,"[-1.1065673828125, 14.6246337890625, 2.953338623046875]"
2025-11-24T15:54:45.940973,/muse/eeg,"[755.8974358974359, 855.0183150183151, 567.7289377289377, 764.7619047619048]"
2025-11-24T15:54:45.894968,/muse/eeg,"[538.7179487179487, 807.4725274725275, 706.3369963369963, 543.956043956044]"
2025-11-24T15:54:46.002625,/muse/elements/alpha_absolute,"[0.9996635937403808, 0.28667697356468097, 0.9472492683000144, 0.8864286563986349]"
2025-11-24T15:54:46.080551,/muse/gyro,"[-6.68426513671875, 13.099365234375, 8.770294189453125]"
2025-11-24T15:54:46.142055,/muse/eeg,"[835.6776556776557, 863.4798534798535, 792.5641025641025, 819.1575091575091]"
2025-11-24T15:54:46.265919,/muse/eeg,"[823.1868131868132, 852.1978021978023, 765.5677655677656, 816.7399267399268]"
2025-11-24T15:54:46.298001,/muse/eeg,"[757.1062271062272, 853.4065934065934, 806.6666666666667, 751.0622710622711]"
2025-11-24T15:54:46.313303,/muse/eeg,"[813.919413919414, 828.4249084249085, 1133.8461538461538, 793.3699633699634]"
2025-11-24T15:54:46.375430,/muse/gyro,"[-6.77398681640625, 5.84686279296875, -1.15142822265625]"
2025-11-24T15:54:46.422611,/muse/gyro,"[-7.499237060546875, 6.452484130859375, -1.4056396484375]"
2025-11-24T15:54:46.500453,/muse/eeg,"[801.8315018315019, 831.6483516483516, 641.8681318681319, 798.6080586080586]"
2025-11-24T15:54:46.593836,/muse/eeg,"[782.0879120879121, 824.3956043956044, 820.7692307692308, 792.5641025641025]"
2025-11-24T15:54:46.734388,/muse/eeg,"[792.5641025641025, 803.040293040293, 751.8681318681319, 807.4725274725275]"
2025-11-24T15:54:46.845451,/muse/eeg,"[820.3663003663004, 798.2051282051282, 753.8827838827839, 796.5934065934066]"
2025-11-24T15:54:46.688420,/muse/gyro,"[-7.947845458984375, 6.220703125, 2.250518798828125]"
2025-11-24T15:54:46.938651,/muse/eeg,"[790.1465201465202, 809.8901098901099, 704.7252747252747, 786.1172161172161]"
2025-11-24T15:54:46.986017,/muse/gyro,"[-4.299163818359375, 4.957122802734375, 1.428070068359375]"
2025-11-24T15:54:47.063551,/muse/gyro,"[-3.5589599609375, 3.45428466796875, 0.478515625]"
2025-11-24T15:54:47.156656,/muse/gyro,"[-1.973876953125, 2.564544677734375, -0.059814453125]"
2025-11-24T15:54:47.172425,/muse/eeg,"[788.5347985347986, 772.4175824175825, 680.5494505494506, 786.5201465201466]"
2025-11-24T15:54:47.219761,/muse/eeg,"[786.1172161172161, 784.5054945054945, 688.2051282051282, 777.6556776556777]"
2025-11-24T15:54:47.312610,/muse/eegAux,"[nan, nan, 0.0, 0.0]"
2025-11-24T15:54:47.281800,/muse/eeg,"[799.8168498168499, 794.5787545787546, 1056.4835164835165, 798.6080586080586]"
2025-11-24T15:54:47.404918,/muse/eeg,"[796.1904761904763, 817.5457875457876, 747.4358974358975, 760.3296703296703]"
2025-11-24T15:54:47.513711,/muse/gyro,"[2.13836669921875, -2.415008544921875, -0.426177978515625]"
2025-11-24T15:54:47.575253,/muse/drlref,"[1618168.498168498, 1596410.2564102563]"
2025-11-24T15:54:47.669820,/muse/eeg,"[792.5641025641025, 783.2967032967033, 219.5970695970696, 781.6849816849817]"
2025-11-24T15:54:47.716692,/muse/eeg,"[778.4615384615385, 771.6117216117216, 876.3736263736264, 798.6080586080586]"
2025-11-24T15:54:47.795067,/muse/eeg,"[775.2380952380953, 783.2967032967033, 847.3626373626374, 802.6373626373627]"
2025-11-24T15:54:47.843675,/muse/eegAux,"[nan, nan, 0.0, 0.0]"
2025-11-24T15:54:47.952765,/muse/eeg,"[790.5494505494506, 787.7289377289378, 602.7838827838827, 788.5347985347986]"
2025-11-24T15:54:48.030369,/muse/eeg,"[783.6996336996338, 765.1648351648352, 769.5970695970697, 800.6227106227107]"
2025-11-24T15:54:48.138721,/muse/eeg,"[810.6959706959707, 796.996336996337, 642.2710622710623, 806.6666666666667]"
2025-11-24T15:54:48.184071,/muse/eeg,"[820.7692307692308, 737.3626373626374, 425.0915750915751, 833.2600732600733]"
2025-11-24T15:54:48.277140,/muse/eeg,"[821.978021978022, 773.6263736263736, 609.6336996336996, 821.978021978022]"
2025-11-24T15:54:48.370005,/muse/eeg,"[814.3223443223443, 765.5677655677656, 303.4065934065934, 805.4578754578755]"
2025-11-24T15:54:48.418278,/muse/eegAux,"[nan, nan, 0.0, 0.0]"
2025-11-24T15:54:48.448197,/muse/gyro,"[4.20196533203125, -4.94964599609375, -2.51220703125]"
2025-11-24T15:54:48.523418,/muse/eeg,"[786.5201465201466, 790.5494505494506, 700.2930402930403, 806.6666666666667]"
2025-11-24T15:54:48.617435,/muse/eeg,"[812.7106227106227, 766.3736263736264, 867.9120879120879, 804.6520146520147]"
2025-11-24T15:54:48.679974,/muse/gyro,"[1.734619140625, -0.3887939453125, 2.13836669921875]"
2025-11-24T15:54:48.758565,/muse/eeg,"[801.8315018315019, 771.6117216117216, 538.3150183150183, 818.7545787545788]"
2025-11-24T15:54:48.820237,/muse/eegAux,"[nan, nan, 0.0, 0.0]"
2025-11-24T15:54:48.911548,/muse/eegAux,"[nan, nan, 0.0, 0.0]"
2025-11-24T15:54:48.943071,/muse/gyro,"[-2.4822998046875, -26.15386962890625, 106.47720336914062]"
2025-11-24T15:54:49.005375,/muse/eeg,"[776.0439560439561, 710.7692307692308, 699.4871794871796, 914.6520146520147]"
2025-11-24T15:54:49.052192,/muse/eeg,"[801.025641025641, 737.7655677655678, 848.5714285714286, 897.7289377289378]"
2025-11-24T15:54:49.114154,/muse/gyro,"[-16.934967041015625, -38.243865966796875, 103.36685180664062]"
2025-11-24T15:54:49.160996,/muse/eeg,"[674.9084249084249, 790.952380952381, 926.7399267399268, 755.4945054945055]"
2025-11-24T15:54:49.270354,/muse/gyro,"[-10.669403076171875, -20.2471923828125, 67.171630859375]"
2025-11-24T15:54:49.316669,/muse/gyro,"[-11.103057861328125, -18.1536865234375, 51.462860107421875]"
2025-11-24T15:54:49.394115,/muse/drlref,"[1618168.498168498, 1596410.2564102563]"
2025-11-24T15:54:49.440217,/muse/eegAux,"[nan, nan, 0.0, 0.0]"
2025-11-24T15:54:49.487669,/muse/elements/delta_absolute,"[0.9943867346471741, 1.0942617642248824, 0.9951193641341841, 0.5090889959751074]"
2025-11-24T15:54:49.518529,/muse/eeg,"[817.948717948718, 797.8021978021978, 895.7142857142858, 764.3589743589744]"
2025-11-24T15:54:49.565231,/muse/eeg,"[830.0366300366301, 799.8168498168499, 1004.1025641025641, 787.7289377289378]"
2025-11-24T15:54:49.596107,/muse/eeg,"[815.5311355311355, 828.021978021978, 731.7216117216118, 796.996336996337]"
2025-11-24T15:54:49.736852,/muse/gyro,"[1.55517578125, -8.89739990234375, 4.74029541015625]"
2025-11-24T15:54:49.798193,/muse/eeg,"[848.5714285714286, 805.4578754578755, 765.1648351648352, 794.5787545787546]"
2025-11-24T15:54:49.690523,/muse/eegAux,"[nan, nan, 0.0, 0.0]"
2025-11-24T15:54:49.890304,/muse/eegAux,"[nan, nan, 0.0, 0.0]"
2025-11-24T15:54:49.951343,/muse/gyro,"[2.3028564453125, -5.84686279296875, -5.330963134765625]"
2025-11-24T15:54:50.013190,/muse/eeg,"[865.0915750915751, 793.7728937728938, 886.8498168498169, 795.3846153846154]"
2025-11-24T15:54:50.090086,/muse/eeg,"[860.2564102564103, 786.9230769230769, 518.1684981684982, 804.2490842490843]"
2025-11-24T15:54:50.121970,/muse/eegAux,"[nan, nan, 0.0, 0.0]"
2025-11-24T15:54:50.185350,/muse/elements/alpha_absolute,"[1.123078019917074, 1.0454166513532412, 0.9472492683000144, 1.3877782645734207]"
2025-11-24T15:54:50.216570,/muse/gyro,"[3.46923828125, -2.160797119140625, 0.3887939453125]"
2025-11-24T15:54:50.293904,/muse/eeg,"[804.6520146520147, 802.2344322344322, 873.5531135531136, 770.4029304029305]"
2025-11-24T15:54:50.466625,/muse/gyro,"[4.127197265625, -2.056121826171875, -1.263580322265625]"
2025-11-24T15:54:50.310223,/muse/eeg,"[833.2600732600733, 801.025641025641, 809.0842490842491, 820.7692307692308]"
2025-11-24T15:54:50.561293,/muse/drlref,"[1618974.358974359, 1596410.2564102563]"
2025-11-24T15:54:50.389030,/muse/eegAux,"[nan, nan, 0.0, 0.0]"
2025-11-24T15:54:50.592700,/muse/drlref,"[1618168.498168498, 1596410.2564102563]"
2025-11-24T15:54:50.670040,/muse/eeg,"[838.0952380952381, 782.893772893773, 649.1208791208792, 763.956043956044]"
2025-11-24T15:54:50.762378,/muse/eegAux,"[nan, nan, 0.0, 0.0]"
2025-11-24T15:54:50.825294,/muse/eeg,"[786.1172161172161, 779.6703296703297, 862.6739926739926, 784.5054945054945]"
2025-11-24T15:54:50.856183,/muse/eeg,"[830.4395604395604, 780.8791208791209, 943.6630036630037, 788.5347985347986]"
2025-11-24T15:54:50.934205,/muse/gyro,"[4.344024658203125, -5.8917236328125, -1.7645263671875]"
2025-11-24T15:54:51.150894,/muse/eeg,"[796.1904761904763, 788.9377289377289, 982.3443223443223, 767.5824175824176]"
2025-11-24T15:54:50.995693,/muse/gyro,"[3.671112060546875, -6.2506103515625, -1.74957275390625]"
2025-11-24T15:54:51.089064,/muse/elements/alpha_absolute,"[1.123078019917074, 0.5914858806455671, 0.9472492683000144, 0.9232355860603183]"
2025-11-24T15:54:51.212731,/muse/eegAux,"[nan, nan, 0.0, 0.0]"
2025-11-24T15:54:51.258132,/muse/is_good,"[0.0, 1.0, 0.0, 1.0]"
2025-11-24T15:54:51.320843,/muse/eegAux,"[nan, nan, 0.0, 0.0]"
2025-11-24T15:54:51.430964,/muse/eeg,"[779.6703296703297, 799.0109890109891, 455.7142857142857, 810.2930402930403]"
2025-11-24T15:54:51.493037,/muse/eeg,"[813.5164835164835, 814.7252747252747, 702.7106227106227, 776.4468864468864]"
2025-11-24T15:54:51.539798,/muse/gyro,"[5.263671875, -4.007568359375, -4.673004150390625]"
2025-11-24T15:54:51.586882,/muse/gyro,"[3.581390380859375, -4.605712890625, -3.132781982421875]"
2025-11-24T15:54:51.602434,/muse/gyro,"[3.252410888671875, -4.05242919921875, -0.9271240234375]"
2025-11-24T15:54:51.649143,/muse/eeg,"[810.2930402930403, 820.7692307692308, 715.2014652014652, 807.0695970695971]"
2025-11-24T15:54:51.726911,/muse/acc,"[-0.01983642578125, -0.46844482421875, 0.89495849609375]"
2025-11-24T15:54:51.773044,/muse/eeg,"[832.8571428571429, 811.5018315018315, 587.4725274725275, 836.0805860805862]"
2025-11-24T15:54:51.818172,/muse/eeg,"[768.7912087912088, 801.025641025641, 849.3772893772895, 798.6080586080586]"
2025-11-24T15:54:51.894260,/muse/eeg,"[800.2197802197802, 803.040293040293, 847.7655677655678, 808.2783882783883]"
2025-11-24T15:54:51.986641,/muse/eeg,"[818.3516483516484, 816.7399267399268, 942.4542124542124, 799.0109890109891]"
2025-11-24T15:54:52.018077,/muse/drlref,"[1618974.358974359, 1596410.2564102563]"
2025-11-24T15:54:52.080105,/muse/drlref,"[1618974.358974359, 1596410.2564102563]"
2025-11-24T15:54:52.174111,/muse/elements/alpha_absolute,"[0.9360201853828894, 0.43275106708189953, 0.9472492683000144, 1.3374826077404072]"
2025-11-24T15:54:52.143355,/muse/elements/theta_absolute,"[0.885128987251957, 0.59935873114664, 0.7240757446562845, 0.4270211175696331]"
2025-11-24T15:54:52.236155,/muse/eeg,"[780.0732600732601, 779.2673992673992, 989.5970695970697, 792.5641025641025]"
2025-11-24T15:54:52.345321,/muse/gyro,"[6.759033203125, -2.863616943359375, -1.428070068359375]"
2025-11-24T15:54:52.391659,/muse/eeg,"[805.4578754578755, 784.9084249084249, 919.8901098901099, 801.4285714285714]"
2025-11-24T15:54:52.422921,/muse/eegAux,"[nan, nan, 0.0, 0.0]"
2025-11-24T15:54:52.453574,/muse/is_good,"[0.0, 1.0, 0.0, 0.0]"
2025-11-24T15:54:52.545642,/muse/eeg,"[879.5970695970697, 806.6666666666667, 991.2087912087912, 892.0879120879121]"
2025-11-24T15:54:52.591436,/muse/eeg,"[846.1538461538462, 778.0586080586081, 900.952380952381, 858.6446886446887]"
2025-11-24T15:54:52.666966,/muse/eegAux,"[nan, nan, 0.0, 0.0]"
2025-11-24T15:54:52.713280,/muse/acc,"[-0.09075927734375, -0.2620849609375, 1.00714111328125]"
2025-11-24T15:54:52.760020,/muse/gyro,"[12.344207763671875, 27.058563232421875, -58.102264404296875]"
2025-11-24T15:54:52.868576,/muse/elements/alpha_absolute,"[0.9411948226632242, 0.6563131139237722, 0.9472492683000144, 1.3092481570333732]"
2025-11-24T15:54:52.837425,/muse/acc,"[-0.06097412109375, -0.24249267578125, 0.94305419921875]"
2025-11-24T15:54:52.883445,/muse/gyro,"[3.372039794921875, 0.4486083984375, -20.957489013671875]"
2025-11-24T15:54:52.930201,/muse/eeg,"[799.8168498168499, 786.5201465201466, 1043.992673992674, 809.4871794871796]"
2025-11-24T15:54:52.991913,/muse/gyro,"[-4.403839111328125, -5.66741943359375, -23.387451171875]"
2025-11-24T15:54:53.023942,/muse/elements/delta_relative,"[0.20338825760703436, 0.3148090613586889, 0.26743509587853037, 0.03534859328757873]"
2025-11-24T15:54:53.071058,/muse/elements/theta_relative,"[0.17401146780693905, 0.1729703426321143, 0.14327643941486778, 0.04917636135586636]"
2025-11-24T15:54:53.101821,/muse/acc,"[0.037841796875, -0.24981689453125, 1.0145263671875]"
2025-11-24T15:54:53.164582,/muse/acc,"[0.07318115234375, -0.25457763671875, 0.97198486328125]"
2025-11-24T15:54:53.227191,/muse/acc,"[0.07318115234375, -0.25457763671875, 0.97198486328125]"
2025-11-24T15:54:53.289292,/muse/gyro,"[0.785064697265625, 0.171966552734375, -14.833984375]"
2025-11-24T15:54:53.350600,/muse/eeg,"[758.7179487179487, 794.981684981685, 933.992673992674, 789.7435897435897]"
2025-11-24T15:54:53.380813,/muse/eegAux,"[nan, nan, 0.0, 0.0]"
2025-11-24T15:54:53.459560,/muse/elements/theta_relative,"[0.18540078577685298, 0.15012919624893356, 0.14327643941486778, 0.05229357708956112]"
2025-11-24T15:54:53.521576,/muse/elements/gamma_relative,"[0.12445906101526585, 0.11172513371360288, 0.08824965284235554, 0.22129726788603518]"
2025-11-24T15:54:53.568115,/muse/eegAux,"[nan, nan, 0.0, 0.0]"
2025-11-24T15:54:53.645677,/muse/eeg,"[842.5274725274726, 742.6007326007326, 1219.2673992673992, 847.3626373626374]"
2025-11-24T15:54:53.660869,/muse/eegAux,"[nan, nan, 0.0, 0.0]"
2025-11-24T15:54:53.724464,/muse/elements/alpha_absolute,"[0.7068753660822445, 0.5313869948829504, 0.9472492683000144, 1.0786798883525872]"
2025-11-24T15:54:53.770561,/muse/eeg,"[815.1282051282052, 779.2673992673992, 840.5128205128206, 815.1282051282052]"
2025-11-24T15:54:53.879512,/muse/gyro,"[5.18890380859375, 6.138458251953125, -9.8095703125]"
2025-11-24T15:54:53.927074,/muse/gyro,"[5.18890380859375, 6.138458251953125, -9.8095703125]"
2025-11-24T15:54:53.957400,/muse/gyro,"[5.18890380859375, 6.138458251953125, -9.8095703125]"
2025-11-24T15:54:53.987258,/muse/acc,"[-0.053955078125, -0.26458740234375, 0.9949951171875]"
2025-11-24T15:54:54.079533,/muse/elements/alpha_absolute,"[0.7068753660822445, 0.5313869948829504, 0.9472492683000144, 1.0786798883525872]"
2025-11-24T15:54:54.156548,/muse/eeg,"[794.5787545787546, 791.7582417582418, 1177.7655677655678, 805.8608058608058]"
2025-11-24T15:54:54.217605,/muse/eegAux,"[nan, nan, 0.0, 0.0]"
2025-11-24T15:54:54.327118,/muse/gyro,"[12.919921875, 1.158905029296875, -91.83013916015625]"
2025-11-24T15:54:54.394147,/muse/gyro,"[13.540496826171875, 8.74786376953125, -73.47457885742188]"
2025-11-24T15:54:54.487366,/muse/gyro,"[13.540496826171875, 8.74786376953125, -73.47457885742188]"
2025-11-24T15:54:54.565122,/muse/eeg,"[797.3992673992674, 784.5054945054945, 1164.4688644688645, 809.4871794871796]"
2025-11-24T15:54:54.658438,/muse/gyro,"[0.545806884765625, 0.97198486328125, -9.517974853515625]"
2025-11-24T15:54:54.706944,/muse/gyro,"[1.79443359375, -0.695343017578125, -12.44140625]"
2025-11-24T15:54:54.768117,/muse/eeg,"[760.7326007326008, 770.4029304029305, 784.1025641025641, 797.3992673992674]"
2025-11-24T15:54:54.876466,/muse/eeg,"[730.5128205128206, 785.3113553113553, 999.2673992673992, 804.2490842490843]"
2025-11-24T15:54:54.938187,/muse/eeg,"[743.4065934065934, 758.7179487179487, 256.2637362637363, 832.0512820512821]"
2025-11-24T15:54:54.969080,/muse/eeg,"[804.2490842490843, 778.4615384615385, 1123.3699633699634, 851.3919413919414]"
2025-11-24T15:54:55.046325,/muse/eeg,"[864.6886446886447, 798.6080586080586, 1391.7216117216117, 834.8717948717949]"
2025-11-24T15:54:55.108639,/muse/eegAux,"[nan, nan, 0.0, 0.0]"
2025-11-24T15:54:55.171312,/muse/eeg,"[853.4065934065934, 779.2673992673992, 1570.2197802197802, 790.952380952381]"
2025-11-24T15:54:55.233111,/muse/eegAux,"[nan, nan, 0.0, 0.0]"
2025-11-24T15:54:55.264134,/muse/eeg,"[827.6190476190476, 770.8058608058608, 1554.9084249084249, 807.0695970695971]"
2025-11-24T15:54:55.309664,/muse/eegAux,"[nan, nan, 0.0, 0.0]"
2025-11-24T15:54:55.357529,/muse/eeg,"[853.8095238095239, 782.893772893773, 1134.2490842490843, 794.1758241758242]"
2025-11-24T15:54:55.404108,/muse/eeg,"[794.981684981685, 763.1501831501831, 1440.4761904761906, 815.934065934066]"
2025-11-24T15:54:55.435953,/muse/eegAux,"[nan, nan, 0.0, 0.0]"
2025-11-24T15:54:55.559749,/muse/eeg,"[807.8754578754579, 759.92673992674, 1419.1208791208792, 806.2637362637363]"
2025-11-24T15:54:55.638131,/muse/gyro,"[-5.794525146484375, -4.702911376953125, -0.6878662109375]"
2025-11-24T15:54:55.607303,/muse/eeg,"[773.6263736263736, 776.4468864468864, 1373.1868131868132, 793.3699633699634]"
2025-11-24T15:54:55.699841,/muse/eegAux,"[nan, nan, 0.0, 0.0]"
2025-11-24T15:54:55.669377,/muse/eeg,"[784.5054945054945, 839.7069597069598, 1500.5128205128206, 805.054945054945]"
2025-11-24T15:54:55.730563,/muse/elements/theta_relative,"[0.18540078577685298, 0.22310798632330528, 0.14327643941486778, 0.31863215609401974]"
2025-11-24T15:54:55.840265,/muse/gyro,"[-1.2860107421875, -7.095489501953125, -3.476715087890625]"
2025-11-24T15:54:55.933478,/muse/acc,"[0.13507080078125, -0.339111328125, 0.9453125]"
2025-11-24T15:54:55.995829,/muse/acc,"[0.142333984375, -0.341552734375, 0.953369140625]"
2025-11-24T15:54:56.057590,/muse/eeg,"[798.2051282051282, 847.7655677655678, 1617.7655677655678, 828.021978021978]"
2025-11-24T15:54:56.165980,/muse/eeg,"[848.1684981684982, 855.8241758241759, 1375.6043956043957, 820.7692307692308]"
2025-11-24T15:54:56.258035,/muse/gyro,"[16.725616455078125, -14.676971435546875, -8.919830322265625]"
2025-11-24T15:54:56.288702,/muse/gyro,"[16.725616455078125, -14.676971435546875, -8.919830322265625]"
2025-11-24T15:54:56.350769,/muse/gyro,"[18.34808349609375, -8.5235595703125, -8.815155029296875]"
2025-11-24T15:54:56.460332,/muse/eeg,"[791.3553113553114, 647.1062271062272, 1339.3406593406594, 801.025641025641]"
2025-11-24T15:54:56.583316,/muse/eeg,"[787.3260073260074, 748.2417582417582, 1029.0842490842492, 794.1758241758242]"
2025-11-24T15:54:56.707645,/muse/eeg,"[799.8168498168499, 826.007326007326, 1252.3076923076924, 801.025641025641]"
2025-11-24T15:54:56.614309,/muse/elements/alpha_absolute,"[0.7068753660822445, 0.3061396609025578, 0.9472492683000144, 0.9968363866963025]"
2025-11-24T15:54:56.738288,/muse/eeg,"[828.8278388278388, 785.3113553113553, 1243.0402930402931, 801.4285714285714]"
2025-11-24T15:54:56.799794,/muse/eeg,"[812.3076923076924, 676.9230769230769, 1234.5787545787546, 824.7985347985348]"
2025-11-24T15:54:56.861464,/muse/eeg,"[782.0879120879121, 826.8131868131868, 1106.849816849817, 803.040293040293]"
2025-11-24T15:54:56.938602,/muse/acc,"[0.17401123046875, -0.2596435546875, 0.958740234375]"
2025-11-24T15:54:57.014734,/muse/eegAux,"[nan, nan, 0.0, 0.0]"
2025-11-24T15:54:57.092571,/muse/eeg,"[777.6556776556777, 645.4945054945055, 1283.7362637362637, 791.7582417582418]"
2025-11-24T15:54:57.140497,/muse/gyro,"[6.751556396484375, -1.18133544921875, -3.087921142578125]"
2025-11-24T15:54:57.186205,/muse/eeg,"[749.047619047619, 892.0879120879121, 1055.2747252747254, 748.6446886446887]"
2025-11-24T15:54:57.295179,/muse/gyro,"[7.357177734375, -4.149627685546875, 0.2392578125]"
2025-11-24T15:54:57.342824,/muse/eeg,"[784.9084249084249, 777.2527472527473, 916.6666666666667, 798.2051282051282]"
2025-11-24T15:54:57.435183,/muse/gyro,"[6.34033203125, -2.086029052734375, 0.441131591796875]"
2025-11-24T15:54:57.510850,/muse/gyro,"[6.34033203125, -2.086029052734375, 0.441131591796875]"
2025-11-24T15:54:57.556835,/muse/eeg,"[791.7582417582418, 851.7948717948718, 985.1648351648352, 802.2344322344322]"
2025-11-24T15:54:57.636035,/muse/gyro,"[5.480499267578125, -1.009368896484375, 1.114044189453125]"
2025-11-24T15:54:57.682268,/muse/eeg,"[803.040293040293, 806.2637362637363, 1001.6849816849817, 793.7728937728938]"
2025-11-24T15:54:57.728893,/muse/gyro,"[5.1739501953125, -0.61309814453125, 0.874786376953125]"
2025-11-24T15:54:57.778354,/muse/eeg,"[822.3809523809524, 706.7399267399268, 1201.9413919413919, 799.8168498168499]"
2025-11-24T15:54:57.825365,/muse/eeg,"[774.0293040293041, 715.6043956043957, 1008.5347985347986, 791.3553113553114]"
2025-11-24T15:54:57.949438,/muse/acc,"[0.173095703125, -0.1881103515625, 0.95751953125]"
2025-11-24T15:54:57.918375,/muse/eeg,"[766.7765567765568, 821.5750915750916, 872.7472527472528, 783.6996336996338]"
2025-11-24T15:54:58.026140,/muse/eeg,"[807.8754578754579, 802.2344322344322, 1355.4578754578754, 784.9084249084249]"
2025-11-24T15:54:58.072667,/muse/eegAux,"[nan, nan, 0.0, 0.0]"
2025-11-24T15:54:58.166641,/muse/eegAux,"[nan, nan, 0.0, 0.0]"
2025-11-24T15:54:58.243450,/muse/eeg,"[745.0183150183151, 621.3186813186813, 1012.967032967033, 784.1025641025641]"
2025-11-24T15:54:58.259081,/muse/gyro,"[7.932891845703125, 1.27105712890625, 6.497344970703125]"
2025-11-24T15:54:58.337055,/muse/gyro,"[1.697235107421875, 1.48040771484375, -0.01495361328125]"
2025-11-24T15:54:58.414770,/muse/eeg,"[778.0586080586081, 893.2967032967033, 1208.7912087912089, 791.3553113553114]"
2025-11-24T15:54:58.446506,/muse/acc,"[0.1885986328125, -0.20068359375, 0.96051025390625]"
2025-11-24T15:54:58.462577,/muse/acc,"[0.20245361328125, -0.2032470703125, 0.9615478515625]"
2025-11-24T15:54:58.508305,/muse/eeg,"[811.5018315018315, 802.2344322344322, 1201.5384615384617, 807.4725274725275]"
2025-11-24T15:54:58.570519,/muse/eeg,"[804.6520146520147, 797.3992673992674, 1140.6959706959708, 802.6373626373627]"
2025-11-24T15:54:58.616476,/muse/eeg,"[805.054945054945, 776.4468864468864, 858.2417582417582, 792.967032967033]"
2025-11-24T15:54:58.679580,/muse/gyro,"[4.20196533203125, -4.433746337890625, -0.73272705078125]"
2025-11-24T15:54:58.725908,/muse/gyro,"[4.5458984375, -2.6318359375, 0.426177978515625]"
2025-11-24T15:54:58.771970,/muse/gyro,"[4.306640625, -1.98883056640625, 0.097198486328125]"
2025-11-24T15:54:58.802624,/muse/gyro,"[4.08233642578125, -2.519683837890625, -2.6617431640625]"
2025-11-24T15:54:58.942363,/muse/gyro,"[4.523468017578125, -2.026214599609375, -2.75146484375]"
2025-11-24T15:54:59.053342,/muse/eeg,"[761.5384615384615, 869.92673992674, 1273.6630036630038, 796.996336996337]"
2025-11-24T15:54:59.099236,/muse/eeg,"[798.2051282051282, 813.1135531135532, 1186.2271062271063, 793.3699633699634]"
2025-11-24T15:54:59.159638,/muse/eeg,"[778.8644688644689, 791.7582417582418, 878.3882783882784, 792.967032967033]"
2025-11-24T15:54:59.190871,/muse/eeg,"[806.2637362637363, 784.5054945054945, 906.996336996337, 794.981684981685]"
2025-11-24T15:54:59.267805,/muse/gyro,"[6.916046142578125, -2.4224853515625, 4.972076416015625]"
2025-11-24T15:54:59.328360,/muse/gyro,"[6.916046142578125, -2.4224853515625, 4.972076416015625]"
2025-11-24T15:54:59.422446,/muse/eeg,"[824.7985347985348, 788.9377289377289, 945.6776556776557, 801.4285714285714]"
2025-11-24T15:54:59.531889,/muse/eeg,"[781.2820512820513, 674.1025641025641, 1129.8168498168498, 801.4285714285714]"
2025-11-24T15:54:59.609475,/muse/gyro,"[3.9178466796875, -5.562744140625, 9.099273681640625]"
2025-11-24T15:54:59.641028,/muse/eeg,"[790.5494505494506, 758.3150183150184, 958.5714285714286, 778.0586080586081]"
2025-11-24T15:54:59.702133,/muse/elements/gamma_absolute,"[0.5567320166713661, 0.322515300650991, 0.5136139700309592, 0.1578679928694325]"
2025-11-24T15:54:59.765161,/muse/eeg,"[803.040293040293, 902.5641025641025, 689.4139194139194, 805.4578754578755]"
2025-11-24T15:54:59.843695,/muse/elements/alpha_absolute,"[1.0817295331351413, 0.3061396609025578, 0.9472492683000144, 0.7737146273994112]"
2025-11-24T15:54:59.905820,/muse/gyro,"[2.52716064453125, -4.62066650390625, -3.820648193359375]"
2025-11-24T15:54:59.951819,/muse/gyro,"[2.758941650390625, -5.00946044921875, -3.192596435546875]"
2025-11-24T15:55:00.014385,/muse/eeg,"[802.2344322344322, 794.1758241758242, 1237.3992673992675, 787.7289377289378]"
2025-11-24T15:55:00.121440,/muse/eeg,"[771.2087912087912, 794.981684981685, 1273.2600732600733, 793.7728937728938]"
2025-11-24T15:55:00.168157,/muse/gyro,"[4.508514404296875, -3.805694580078125, -1.218719482421875]"
2025-11-24T15:55:00.246419,/muse/eeg,"[777.2527472527473, 627.7655677655678, 914.2490842490843, 783.2967032967033]"
2025-11-24T15:55:00.309114,/muse/eeg,"[790.5494505494506, 768.7912087912088, 882.8205128205128, 800.2197802197802]"
2025-11-24T15:55:00.388326,/muse/eegAux,"[nan, nan, 0.0, 0.0]"
2025-11-24T15:55:00.544398,/muse/eeg,"[781.2820512820513, 805.054945054945, 888.8644688644689, 795.7875457875458]"
2025-11-24T15:55:00.590393,/muse/gyro,"[3.043060302734375, -3.252410888671875, 0.07476806640625]"
2025-11-24T15:55:00.622612,/muse/eeg,"[792.5641025641025, 814.3223443223443, 1043.1868131868132, 797.3992673992674]"
2025-11-24T15:55:00.652977,/muse/eegAux,"[nan, nan, 0.0, 0.0]"
2025-11-24T15:55:00.699563,/muse/eeg,"[790.952380952381, 797.8021978021978, 1220.4761904761906, 802.2344322344322]"
2025-11-24T15:55:00.745414,/muse/eegAux,"[nan, nan, 0.0, 0.0]"
2025-11-24T15:55:00.824232,/muse/gyro,"[3.357086181640625, -3.70849609375, -1.114044189453125]"
2025-11-24T15:55:00.978501,/muse/gyro,"[3.050537109375, -4.0673828125, -0.82244873046875]"
2025-11-24T15:55:00.902490,/muse/gyro,"[3.050537109375, -4.0673828125, -0.82244873046875]"
2025-11-24T15:55:01.040752,/muse/acc,"[0.18603515625, -0.1715087890625, 0.97686767578125]"
2025-11-24T15:55:01.134221,/muse/gyro,"[4.85992431640625, -3.170166015625, 0.201873779296875]"
2025-11-24T15:55:01.243406,/muse/eeg,"[796.996336996337, 763.956043956044, 1003.2967032967033, 796.5934065934066]"
2025-11-24T15:55:01.305400,/muse/eegAux,"[nan, nan, 0.0, 0.0]"
2025-11-24T15:55:01.383924,/muse/eegAux,"[nan, nan, 0.0, 0.0]"
2025-11-24T15:55:01.446455,/muse/eeg,"[793.3699633699634, 767.1794871794872, 1309.1208791208792, 792.1611721611722]"
2025-11-24T15:55:01.524147,/muse/eeg,"[785.3113553113553, 796.996336996337, 1267.2161172161173, 793.3699633699634]"
2025-11-24T15:55:01.632639,/muse/eegAux,"[nan, nan, 0.0, 0.0]"
2025-11-24T15:55:01.570599,/muse/eeg,"[798.2051282051282, 806.2637362637363, 998.0586080586081, 793.3699633699634]"
2025-11-24T15:55:01.663370,/muse/gyro,"[3.267364501953125, -2.444915771484375, 1.263580322265625]"
2025-11-24T15:55:01.727055,/muse/gyro,"[3.3795166015625, -2.400054931640625, 1.15142822265625]"
2025-11-24T15:55:01.758768,/muse/gyro,"[3.3795166015625, -2.400054931640625, 1.15142822265625]"
2025-11-24T15:55:01.774540,/muse/acc,"[0.179443359375, -0.1597900390625, 0.96929931640625]"
2025-11-24T15:55:01.870421,/muse/eegAux,"[nan, nan, 0.0, 0.0]"
2025-11-24T15:55:01.839286,/muse/eeg,"[794.981684981685, 821.1721611721612, 864.6886446886447, 786.9230769230769]"
2025-11-24T15:55:01.932036,/muse/elements/alpha_absolute,"[0.9473515826956292, 0.3061396609025578, 0.9472492683000144, 0.4609698184095883]"
2025-11-24T15:55:02.038788,/muse/eeg,"[811.5018315018315, 790.5494505494506, 1477.142857142857, 802.2344322344322]"
2025-11-24T15:55:02.070604,/muse/eegAux,"[nan, nan, 0.0, 0.0]"
2025-11-24T15:55:02.163060,/muse/eeg,"[798.2051282051282, 794.1758241758242, 1162.051282051282, 799.0109890109891]"
2025-11-24T15:55:02.271944,/muse/gyro,"[2.684173583984375, -12.32177734375, 17.906951904296875]"
2025-11-24T15:55:02.257075,/muse/gyro,"[3.51409912109375, -10.6768798828125, 10.40771484375]"
2025-11-24T15:55:02.380133,/muse/eeg,"[853.8095238095239, 738.5714285714286, 923.5164835164835, 849.7802197802198]"
2025-11-24T15:55:02.411033,/muse/eeg,"[715.2014652014652, 764.3589743589744, 1222.8937728937728, 689.0109890109891]"
2025-11-24T15:55:02.457037,/muse/gyro,"[3.99261474609375, -0.844879150390625, -5.076751708984375]"
2025-11-24T15:55:02.503616,/muse/eeg,"[780.0732600732601, 772.014652014652, 975.4945054945056, 791.7582417582418]"
2025-11-24T15:55:02.611366,/muse/gyro,"[5.495452880859375, -4.20196533203125, -0.605621337890625]"
2025-11-24T15:55:02.672627,/muse/eeg,"[814.7252747252747, 837.6923076923077, 1174.5421245421246, 791.3553113553114]"
2025-11-24T15:55:02.734657,/muse/eeg,"[811.5018315018315, 842.9304029304029, 1093.956043956044, 803.4432234432235]"
2025-11-24T15:55:02.812773,/muse/eeg,"[818.7545787545788, 827.2161172161173, 992.8205128205128, 792.1611721611722]"
2025-11-24T15:55:02.875050,/muse/gyro,"[3.297271728515625, -3.24493408203125, -0.70281982421875]"
2025-11-24T15:55:03.015783,/muse/eeg,"[799.8168498168499, 778.4615384615385, 1062.5274725274726, 788.1318681318681]"
2025-11-24T15:55:03.061460,/muse/acc,"[0.1602783203125, -0.17236328125, 0.97265625]"
2025-11-24T15:55:03.214741,/muse/is_good,"[0.0, 0.0, 0.0, 0.0]"
2025-11-24T15:55:03.245998,/muse/eeg,"[794.5787545787546, 704.7252747252747, 815.934065934066, 792.967032967033]"
2025-11-24T15:55:03.307748,/muse/eeg,"[819.1575091575091, 757.9120879120879, 792.967032967033, 854.2124542124542]"
2025-11-24T15:55:03.383399,/muse/gyro,"[5.345916748046875, -4.26177978515625, 4.20196533203125]"
2025-11-24T15:55:03.461513,/muse/gyro,"[5.061798095703125, -3.461761474609375, 3.028106689453125]"
2025-11-24T15:55:03.538639,/muse/elements/beta_relative,"[0.1859963652777851, 0.24328808971525534, 0.2615152154619236, 0.18760991596497875]"
2025-11-24T15:55:03.615456,/muse/gyro,"[3.529052734375, 0.844879150390625, -12.089996337890625]"
2025-11-24T15:55:03.678403,/muse/gyro,"[0.6280517578125, -0.82244873046875, -12.3516845703125]"
2025-11-24T15:55:03.709138,/muse/eeg,"[766.7765567765568, 814.3223443223443, 944.4688644688645, 789.3406593406594]"
2025-11-24T15:55:03.817861,/muse/eeg,"[803.4432234432235, 804.2490842490843, 696.6666666666667, 805.8608058608058]"
2025-11-24T15:55:03.896270,/muse/eeg,"[791.3553113553114, 789.3406593406594, 527.032967032967, 795.3846153846154]"
2025-11-24T15:55:03.942197,/muse/eeg,"[805.8608058608058, 777.2527472527473, 1110.0732600732601, 796.1904761904763]"
2025-11-24T15:55:03.957982,/muse/eegAux,"[nan, nan, 0.0, 0.0]"
2025-11-24T15:55:04.036002,/muse/eeg,"[805.8608058608058, 777.2527472527473, 1110.0732600732601, 796.1904761904763]"
2025-11-24T15:55:04.098702,/muse/eegAux,"[nan, nan, 0.0, 0.0]"
2025-11-24T15:55:04.191205,/muse/eeg,"[806.6666666666667, 730.9157509157509, 948.4981684981685, 804.2490842490843]"
2025-11-24T15:55:04.377883,/muse/eeg,"[807.8754578754579, 795.3846153846154, 664.0293040293041, 801.8315018315019]"
2025-11-24T15:55:04.283901,/muse/eegAux,"[nan, nan, 0.0, 0.0]"
2025-11-24T15:55:04.471863,/muse/eeg,"[791.3553113553114, 795.7875457875458, 948.0952380952381, 796.996336996337]"
2025-11-24T15:55:04.549850,/muse/gyro,"[19.678955078125, 4.5758056640625, 1.996307373046875]"
2025-11-24T15:55:04.628431,/muse/eegAux,"[nan, nan, 0.0, 0.0]"
2025-11-24T15:55:04.783668,/muse/eeg,"[753.4798534798535, 802.6373626373627, 1625.018315018315, 789.7435897435897]"
2025-11-24T15:55:04.845992,/muse/eeg,"[781.6849816849817, 792.1611721611722, 708.3516483516484, 796.5934065934066]"
2025-11-24T15:55:04.876862,/muse/eeg,"[776.8498168498169, 790.1465201465202, 789.3406593406594, 786.9230769230769]"
2025-11-24T15:55:04.922904,/muse/gyro,"[4.448699951171875, -4.14215087890625, -12.84515380859375]"
2025-11-24T15:55:05.002307,/muse/eeg,"[805.4578754578755, 635.4212454212454, 857.032967032967, 807.0695970695971]"
2025-11-24T15:55:05.048050,/muse/eeg,"[790.5494505494506, 699.0842490842491, 861.8681318681319, 792.1611721611722]"
2025-11-24T15:55:05.078028,/muse/gyro,"[3.1103515625, -2.572021484375, 3.835601806640625]"
2025-11-24T15:55:05.139485,/muse/gyro,"[2.9010009765625, -3.48419189453125, 4.007568359375]"
2025-11-24T15:55:05.202415,/muse/gyro,"[2.9010009765625, -3.48419189453125, 4.007568359375]"
2025-11-24T15:55:05.230129,/muse/eeg,"[788.1318681318681, 812.7106227106227, 812.3076923076924, 794.1758241758242]"
2025-11-24T15:55:05.246034,/muse/gyro,"[5.166473388671875, -7.3272705078125, -6.213226318359375]"
2025-11-24T15:55:05.292281,/muse/gyro,"[5.166473388671875, -7.3272705078125, -6.213226318359375]"
2025-11-24T15:55:05.495290,/muse/eeg,"[781.2820512820513, 795.7875457875458, 982.3443223443223, 792.5641025641025]"
2025-11-24T15:55:05.447863,/muse/eeg,"[855.4212454212454, 794.5787545787546, 855.8241758241759, 786.9230769230769]"
2025-11-24T15:55:05.602211,/muse/gyro,"[5.323486328125, -9.8992919921875, 0.2093505859375]"
2025-11-24T15:55:05.665093,/muse/gyro,"[5.323486328125, -9.8992919921875, 0.2093505859375]"
2025-11-24T15:55:05.788831,/muse/gyro,"[5.323486328125, -9.8992919921875, 0.2093505859375]"
2025-11-24T15:55:05.866090,/muse/eeg,"[769.5970695970697, 780.4761904761905, 1027.8754578754579, 786.5201465201466]"
2025-11-24T15:55:05.943662,/muse/eegAux,"[nan, nan, 0.0, 0.0]"
2025-11-24T15:55:05.975431,/muse/eeg,"[781.6849816849817, 776.8498168498169, 1025.0549450549452, 799.8168498168499]"
2025-11-24T15:55:06.069725,/muse/eegAux,"[nan, nan, 0.0, 0.0]"
2025-11-24T15:55:06.149653,/muse/eegAux,"[nan, nan, 0.0, 0.0]"
2025-11-24T15:55:06.227128,/muse/gyro,"[7.49176025390625, -3.5888671875, -3.805694580078125]"
2025-11-24T15:55:06.273574,/muse/eeg,"[817.948717948718, 672.893772893773, 939.2307692307693, 789.3406593406594]"
2025-11-24T15:55:06.305284,/muse/eegAux,"[nan, nan, 0.0, 0.0]"
2025-11-24T15:55:06.352839,/muse/eeg,"[793.3699633699634, 752.6739926739926, 947.2893772893773, 795.7875457875458]"
2025-11-24T15:55:06.430588,/muse/eegAux,"[nan, nan, 0.0, 0.0]"
2025-11-24T15:55:06.492483,/muse/eeg,"[825.2014652014652, 861.4652014652015, 950.5128205128206, 795.7875457875458]"
2025-11-24T15:55:06.570147,/muse/eegAux,"[nan, nan, 0.0, 0.0]"
2025-11-24T15:55:06.647172,/muse/eeg,"[812.7106227106227, 810.2930402930403, 1193.882783882784, 797.8021978021978]"
2025-11-24T15:55:06.709027,/muse/acc,"[0.12457275390625, 0.06219482421875, 1.03009033203125]"
2025-11-24T15:55:06.849591,/muse/eeg,"[818.3516483516484, 802.2344322344322, 1096.7765567765568, 794.5787545787546]"
2025-11-24T15:55:06.927853,/muse/eegAux,"[nan, nan, 0.0, 0.0]"
2025-11-24T15:55:06.755633,/muse/acc,"[0.12457275390625, 0.06219482421875, 1.03009033203125]"
2025-11-24T15:55:06.989553,/muse/eeg,"[828.8278388278388, 786.5201465201466, 617.2893772893773, 798.6080586080586]"
2025-11-24T15:55:07.021473,/muse/gyro,"[4.000091552734375, -4.643096923828125, 0.216827392578125]"
2025-11-24T15:55:07.115001,/muse/eeg,"[820.3663003663004, 764.7619047619048, 777.6556776556777, 810.2930402930403]"
2025-11-24T15:55:07.146019,/muse/eeg,"[810.6959706959707, 781.2820512820513, 501.24542124542126, 807.4725274725275]"
2025-11-24T15:55:07.162288,/muse/gyro,"[7.2674560546875, -8.545989990234375, -0.3289794921875]"
2025-11-24T15:55:07.239357,/muse/gyro,"[7.65625, -6.05621337890625, 0.3289794921875]"
2025-11-24T15:55:07.317645,/muse/gyro,"[7.65625, -6.05621337890625, 0.3289794921875]"
2025-11-24T15:55:07.363839,/muse/acc,"[0.206298828125, 0.06427001953125, 1.00537109375]"
2025-11-24T15:55:07.441408,/muse/elements/beta_absolute,"[0.8581264112779351, 0.6940556392072567, 0.9853979264338821, 0.4719479571657339]"
2025-11-24T15:55:07.580670,/muse/eeg,"[819.1575091575091, 762.3443223443223, 783.6996336996338, 807.8754578754579]"
2025-11-24T15:55:07.549996,/muse/elements/delta_absolute,"[0.9524464857901896, 0.8272404453709136, 0.9951193641341841, 0.23104012488771208]"
2025-11-24T15:55:07.627340,/muse/eegAux,"[nan, nan, 0.0, 0.0]"
2025-11-24T15:55:07.704554,/muse/eeg,"[784.9084249084249, 773.2234432234433, 701.9047619047619, 810.6959706959707]"
2025-11-24T15:55:07.752801,/muse/eegAux,"[nan, nan, 0.0, 0.0]"
2025-11-24T15:55:07.783595,/muse/eeg,"[831.2454212454213, 764.7619047619048, 661.6117216117216, 809.8901098901099]"
2025-11-24T15:55:07.829639,/muse/eegAux,"[nan, nan, 0.0, 0.0]"
2025-11-24T15:55:07.892202,/muse/eeg,"[786.1172161172161, 769.1941391941392, 163.1868131868132, 810.2930402930403]"
2025-11-24T15:55:07.953370,/muse/eegAux,"[nan, nan, 0.0, 0.0]"
2025-11-24T15:55:08.017039,/muse/eeg,"[811.5018315018315, 749.8534798534798, 701.0989010989011, 799.4139194139194]"
2025-11-24T15:55:08.047585,/muse/eegAux,"[nan, nan, 0.0, 0.0]"
2025-11-24T15:55:08.078800,/muse/eeg,"[815.1282051282052, 744.6153846153846, 641.8681318681319, 811.9047619047619]"
2025-11-24T15:55:08.124305,/muse/eegAux,"[nan, nan, 0.0, 0.0]"
2025-11-24T15:55:08.170407,/muse/eeg,"[761.1355311355312, 731.7216117216118, 779.6703296703297, 801.4285714285714]"
2025-11-24T15:55:08.249029,/muse/eegAux,"[nan, nan, 0.0, 0.0]"
2025-11-24T15:55:08.295168,/muse/eeg,"[761.1355311355312, 731.7216117216118, 779.6703296703297, 801.4285714285714]"
2025-11-24T15:55:08.340744,/muse/eegAux,"[nan, nan, 0.0, 0.0]"
2025-11-24T15:55:08.419738,/muse/eeg,"[761.1355311355312, 731.7216117216118, 779.6703296703297, 801.4285714285714]"
2025-11-24T15:55:08.467038,/muse/eegAux,"[nan, nan, 0.0, 0.0]"
2025-11-24T15:55:08.513349,/muse/eeg,"[761.1355311355312, 731.7216117216118, 779.6703296703297, 801.4285714285714]"
2025-11-24T15:55:08.559387,/muse/eegAux,"[nan, nan, 0.0, 0.0]"
2025-11-24T15:55:08.606531,/muse/eeg,"[761.1355311355312, 731.7216117216118, 779.6703296703297, 801.4285714285714]"
2025-11-24T15:55:08.668409,/muse/eeg,"[799.4139194139194, 720.4395604395604, 960.5860805860806, 795.3846153846154]"
2025-11-24T15:55:08.759572,/muse/eegAux,"[nan, nan, 0.0, 0.0]"
2025-11-24T15:55:08.805634,/muse/eeg,"[807.8754578754579, 748.2417582417582, 639.8534798534798, 794.1758241758242]"
2025-11-24T15:55:08.837205,/muse/eegAux,"[nan, nan, 0.0, 0.0]"
2025-11-24T15:55:08.869217,/muse/eeg,"[811.9047619047619, 856.2271062271062, 793.3699633699634, 815.1282051282052]"
2025-11-24T15:55:08.899270,/muse/eegAux,"[nan, nan, 0.0, 0.0]"
2025-11-24T15:55:08.993012,/muse/eeg,"[817.5457875457876, 771.6117216117216, 699.0842490842491, 797.3992673992674]"
2025-11-24T15:55:09.099992,/muse/eegAux,"[nan, nan, 0.0, 0.0]"
2025-11-24T15:55:08.946836,/muse/eeg,"[810.6959706959707, 794.981684981685, 665.6410256410256, 813.919413919414]"
2025-11-24T15:55:09.178955,/muse/gyro,"[2.930908203125, -2.818756103515625, -0.67291259765625]"
2025-11-24T15:55:09.316976,/muse/eegAux,"[nan, nan, 0.0, 0.0]"
2025-11-24T15:55:09.347871,/muse/eeg,"[788.5347985347986, 819.5604395604396, 509.3040293040293, 787.7289377289378]"
2025-11-24T15:55:09.409332,/muse/drlref,"[1618168.498168498, 1596410.2564102563]"
2025-11-24T15:55:09.378794,/muse/eegAux,"[nan, nan, 0.0, 0.0]"
2025-11-24T15:55:09.532274,/muse/eeg,"[790.5494505494506, 770.0, 818.7545787545788, 798.2051282051282]"
2025-11-24T15:55:09.501553,/muse/eeg,"[786.5201465201466, 774.4322344322345, 477.87545787545787, 786.1172161172161]"
2025-11-24T15:55:09.640170,/muse/eegAux,"[nan, nan, 0.0, 0.0]"
2025-11-24T15:55:09.655036,/muse/eeg,"[817.948717948718, 757.9120879120879, 467.80219780219784, 820.3663003663004]"
2025-11-24T15:55:09.718017,/muse/eegAux,"[nan, nan, 0.0, 0.0]"
2025-11-24T15:55:09.779797,/muse/eeg,"[794.981684981685, 761.1355311355312, 312.2710622710623, 807.0695970695971]"
2025-11-24T15:55:09.811462,/muse/eegAux,"[nan, nan, 0.0, 0.0]"
2025-11-24T15:55:09.889483,/muse/eeg,"[788.9377289377289, 765.9706959706959, 346.1172161172161, 797.3992673992674]"
2025-11-24T15:55:09.921689,/muse/eegAux,"[nan, nan, 0.0, 0.0]"
2025-11-24T15:55:10.000476,/muse/eeg,"[815.5311355311355, 767.5824175824176, 595.1282051282052, 807.8754578754579]"
2025-11-24T15:55:10.064771,/muse/eegAux,"[nan, nan, 0.0, 0.0]"
2025-11-24T15:55:10.095897,/muse/eeg,"[800.6227106227107, 788.5347985347986, 569.3406593406594, 815.934065934066]"
2025-11-24T15:55:10.203151,/muse/eeg,"[825.6043956043957, 767.1794871794872, 1004.1025641025641, 811.0989010989011]"
2025-11-24T15:55:10.157137,/muse/eeg,"[817.1428571428571, 782.893772893773, 942.4542124542124, 809.8901098901099]"
2025-11-24T15:55:10.265404,/muse/eegAux,"[nan, nan, 0.0, 0.0]"
2025-11-24T15:55:10.312239,/muse/eeg,"[787.3260073260074, 780.0732600732601, 475.45787545787545, 788.9377289377289]"
2025-11-24T15:55:10.390927,/muse/eegAux,"[nan, nan, 0.0, 0.0]"
2025-11-24T15:55:10.421975,/muse/eeg,"[819.1575091575091, 805.054945054945, 887.2527472527473, 798.2051282051282]"
2025-11-24T15:55:10.512965,/muse/eegAux,"[nan, nan, 0.0, 0.0]"
2025-11-24T15:55:10.636601,/muse/eeg,"[769.5970695970697, 771.6117216117216, 617.6923076923077, 789.7435897435897]"
2025-11-24T15:55:10.573487,/muse/eeg,"[801.025641025641, 784.1025641025641, 323.5531135531136, 796.5934065934066]"
2025-11-24T15:55:10.698812,/muse/eegAux,"[nan, nan, 0.0, 0.0]"
2025-11-24T15:55:10.839785,/muse/gyro,"[4.299163818359375, -2.88604736328125, 1.51031494140625]"
2025-11-24T15:55:10.916535,/muse/eegAux,"[nan, nan, 0.0, 0.0]"
2025-11-24T15:55:10.869930,/muse/eeg,"[827.2161172161173, 784.9084249084249, 799.0109890109891, 790.1465201465202]"
2025-11-24T15:55:11.026202,/muse/gyro,"[4.9346923828125, -5.084228515625, -1.7645263671875]"
2025-11-24T15:55:11.104077,/muse/elements/alpha_relative,"[0.4135850586168962, 0.23930469019723727, 0.23952359640232274, 0.3616167890291046]"
2025-11-24T15:55:11.041826,/muse/eeg,"[808.2783882783883, 777.6556776556777, 677.7289377289377, 808.6813186813187]"
2025-11-24T15:55:11.212820,/muse/elements/beta_relative,"[0.1425594981926947, 0.3026560939912526, 0.2615152154619236, 0.09142575801358557]"
2025-11-24T15:55:11.259086,/muse/elements/theta_relative,"[0.17140611154232818, 0.24188022360901404, 0.14327643941486778, 0.2105676865337496]"
2025-11-24T15:55:11.367094,/muse/eegAux,"[nan, nan, 0.0, 0.0]"
69230769231, 874.3589743589744, 838.901098901099]"
2025-11-24T15:55:11.460530,/muse/eeg,"[841.7216117216118, 751.0622710622711, 404.13919413919416, 846.959706959707]"
2025-11-24T15:55:11.537315,/muse/eegAux,"[nan, nan, 0.0, 0.0]"
2025-11-24T15:55:11.629469,/muse/gyro,"[2.325286865234375, -3.895416259765625, 2.729034423828125]"
2025-11-24T15:55:11.692034,/muse/gyro,"[2.325286865234375, -3.895416259765625, 2.729034423828125]"
2025-11-24T15:55:11.753510,/muse/eeg,"[786.9230769230769, 780.0732600732601, 629.3772893772893, 791.3553113553114]"
2025-11-24T15:55:11.799248,/muse/elements/delta_relative,"[0.16936874216703307, 0.17099995604346702, 0.26743509587853037, 0.29910458372697646]"
2025-11-24T15:55:11.861954,/muse/eeg,"[816.3369963369963, 731.7216117216118, 781.6849816849817, 784.1025641025641]"
2025-11-24T15:55:11.940070,/muse/eeg,"[778.8644688644689, 770.0, 786.1172161172161, 808.2783882783883]"
2025-11-24T15:55:12.032734,/muse/gyro,"[0.61309814453125, -6.183319091796875, 21.406097412109375]"
2025-11-24T15:55:12.111098,/muse/drlref,"[1618168.498168498, 1596410.2564102563]"
2025-11-24T15:55:12.142103,/muse/eegAux,"[nan, nan, 0.0, 0.0]"
2025-11-24T15:55:12.187408,/muse/eeg,"[816.3369963369963, 782.4908424908425, 1076.6300366300366, 797.8021978021978]"
2025-11-24T15:55:12.296117,/muse/gyro,"[3.342132568359375, 1.39068603515625, 34.041900634765625]"
2025-11-24T15:55:12.387704,/muse/eeg,"[793.3699633699634, 794.981684981685, 736.959706959707, 808.2783882783883]"
2025-11-24T15:55:12.540991,/muse/eegAux,"[nan, nan, 0.0, 0.0]"
2025-11-24T15:55:12.587361,/muse/drlref,"[1618168.498168498, 1596410.2564102563]"
2025-11-24T15:55:12.741682,/muse/drlref,"[1618168.498168498, 1596410.2564102563]"
2025-11-24T15:55:12.786721,/muse/eeg,"[803.4432234432235, 790.952380952381, 805.8608058608058, 799.4139194139194]"
2025-11-24T15:55:12.925338,/muse/eegAux,"[nan, nan, 0.0, 0.0]"
2025-11-24T15:55:12.971954,/muse/gyro,"[4.8748779296875, -5.60760498046875, 9.218902587890625]"
2025-11-24T15:55:13.065160,/muse/gyro,"[5.63751220703125, -2.130889892578125, 8.501129150390625]"
2025-11-24T15:55:13.018295,/muse/eeg,"[788.1318681318681, 793.7728937728938, 712.7838827838829, 791.3553113553114]"
2025-11-24T15:55:13.127531,/muse/gyro,"[4.26177978515625, -2.026214599609375, 10.00396728515625]"
2025-11-24T15:55:13.143103,/muse/gyro,"[4.26177978515625, -2.026214599609375, 10.00396728515625]"
2025-11-24T15:55:13.173772,/muse/gyro,"[2.773895263671875, -2.9010009765625, 8.590850830078125]"
2025-11-24T15:55:13.219961,/muse/eeg,"[794.5787545787546, 785.7142857142858, 652.3443223443223, 790.952380952381]"
2025-11-24T15:55:13.251630,/muse/eeg,"[795.7875457875458, 798.6080586080586, 629.7802197802198, 791.3553113553114]"
2025-11-24T15:55:13.298947,/muse/eegAux,"[nan, nan, 0.0, 0.0]"
2025-11-24T15:55:13.330025,/muse/eeg,"[810.2930402930403, 784.5054945054945, 712.3809523809524, 808.2783882783883]"
2025-11-24T15:55:13.360432,/muse/eeg,"[804.2490842490843, 774.0293040293041, 569.3406593406594, 796.996336996337]"
2025-11-24T15:55:13.438718,/muse/gyro,"[5.4132080078125, -6.041259765625, 4.1571044921875]"
2025-11-24T15:55:13.485409,/muse/gyro,"[4.059906005859375, -4.8748779296875, 5.60760498046875]"
2025-11-24T15:55:13.561651,/muse/eeg,"[784.5054945054945, 764.7619047619048, 154.32234432234432, 788.1318681318681]"
2025-11-24T15:55:13.640342,/muse/eeg,"[796.5934065934066, 788.5347985347986, 609.2307692307693, 790.5494505494506]"
2025-11-24T15:55:13.702035,/muse/eegAux,"[nan, nan, 0.0, 0.0]"
2025-11-24T15:55:13.670240,/muse/elements/beta_relative,"[0.20999614285723578, 0.10409341835018014, 0.2615152154619236, 0.18389098123964087]"
2025-11-24T15:55:13.827099,/muse/eeg,"[777.2527472527473, 779.2673992673992, 804.2490842490843, 791.7582417582418]"
2025-11-24T15:55:13.842705,/muse/elements/alpha_absolute,"[1.1079398460401002, 1.3041561256379632, 0.9472492683000144, 1.243023601560471]"
2025-11-24T15:55:13.918546,/muse/gyro,"[5.884246826171875, -3.940277099609375, 7.28240966796875]"
2025-11-24T15:55:14.011559,/muse/gyro,"[5.884246826171875, -3.940277099609375, 7.28240966796875]"
2025-11-24T15:55:14.072970,/muse/gyro,"[5.884246826171875, -3.940277099609375, 7.28240966796875]"
2025-11-24T15:55:14.120285,/muse/eeg,"[810.6959706959707, 792.5641025641025, 880.8058608058608, 813.1135531135532]"
2025-11-24T15:55:14.181702,/muse/acc,"[0.1202392578125, -0.085205078125, 0.9886474609375]"
2025-11-24T15:55:14.244443,/muse/eegAux,"[nan, nan, 0.0, 0.0]"
2025-11-24T15:55:14.275674,/muse/eegAux,"[nan, nan, 0.0, 0.0]"
2025-11-24T15:55:14.368454,/muse/eeg,"[800.2197802197802, 810.2930402930403, 893.6996336996338, 789.7435897435897]"
2025-11-24T15:55:14.415914,/muse/eegAux,"[nan, nan, 0.0, 0.0]"
2025-11-24T15:55:14.541076,/muse/gyro,"[1.353302001953125, -3.985137939453125, 0.859832763671875]"
2025-11-24T15:55:14.650266,/muse/acc,"[0.159423828125, -0.08770751953125, 0.991943359375]"
2025-11-24T15:55:14.711239,/muse/eeg,"[823.992673992674, 783.2967032967033, 554.4322344322344, 794.1758241758242]"
2025-11-24T15:55:14.772091,/muse/eeg,"[803.8461538461539, 792.5641025641025, 448.8644688644689, 796.1904761904763]"
2025-11-24T15:55:14.756861,/muse/eeg,"[784.1025641025641, 784.1025641025641, 567.3260073260074, 776.4468864468864]"
2025-11-24T15:55:14.849525,/muse/eeg,"[813.1135531135532, 769.1941391941392, 626.959706959707, 799.8168498168499]"
2025-11-24T15:55:14.911199,/muse/eeg,"[822.3809523809524, 784.5054945054945, 282.05128205128204, 809.0842490842491]"
2025-11-24T15:55:14.958473,/muse/gyro,"[2.788848876953125, -0.201873779296875, -2.938385009765625]"
2025-11-24T15:55:15.052068,/muse/eeg,"[785.3113553113553, 797.8021978021978, 838.0952380952381, 807.4725274725275]"
2025-11-24T15:55:15.114902,/muse/elements/alpha_absolute,"[0.8639455293921338, 1.3358125146585331, 0.9472492683000144, 0.7967371261617895]"
2025-11-24T15:55:15.238899,/muse/eeg,"[819.96336996337, 785.7142857142858, 831.6483516483516, 802.6373626373627]"
2025-11-24T15:55:15.269679,/muse/acc,"[0.107666015625, -0.09222412109375, 0.9884033203125]"
2025-11-24T15:55:15.300198,/muse/acc,"[0.107666015625, -0.09222412109375, 0.9884033203125]"
2025-11-24T15:55:15.347246,/muse/eeg,"[860.2564102564103, 765.9706959706959, 701.9047619047619, 812.7106227106227]"
2025-11-24T15:55:15.393653,/muse/gyro,"[6.80389404296875, -4.42626953125, -57.0330810546875]"
2025-11-24T15:55:15.469356,/muse/eegAux,"[nan, nan, 0.0, 0.0]"
2025-11-24T15:55:15.454330,/muse/eeg,"[790.1465201465202, 722.8571428571429, 47.54578754578755, 814.7252747252747]"
2025-11-24T15:55:15.531472,/muse/eeg,"[789.3406593406594, 738.5714285714286, 512.5274725274726, 813.919413919414]"
2025-11-24T15:55:15.593881,/muse/eegAux,"[nan, nan, 0.0, 0.0]"
2025-11-24T15:55:15.654779,/muse/acc,"[0.17828369140625, -0.05126953125, 0.994384765625]"
2025-11-24T15:55:15.763324,/muse/acc,"[0.17828369140625, -0.05126953125, 0.994384765625]"
2025-11-24T15:55:15.809844,/muse/acc,"[0.17828369140625, -0.05126953125, 0.994384765625]"
2025-11-24T15:55:15.919189,/muse/eeg,"[835.2747252747253, 730.1098901098901, 462.16117216117215, 799.4139194139194]"
2025-11-24T15:55:15.981028,/muse/eegAux,"[nan, nan, 0.0, 0.0]"
2025-11-24T15:55:16.043122,/muse/elements/alpha_absolute,"[1.1713278530510582, 1.1352018954725542, 0.9472492683000144, 1.075338430937026]"
2025-11-24T15:55:16.120608,/muse/elements/beta_absolute,"[0.7228822481481443, 0.5155647456028465, 0.9853979264338821, 0.5258316829172823]"
2025-11-24T15:55:16.150804,/muse/elements/delta_absolute,"[0.6759472121177221, 1.4087322689844988, 0.9951193641341841, 0.5710102852788004]"
2025-11-24T15:55:16.259680,/muse/eeg,"[759.1208791208792, 794.1758241758242, 547.5824175824176, 792.5641025641025]"
2025-11-24T15:55:16.353609,/muse/eegAux,"[nan, nan, 0.0, 0.0]"
2025-11-24T15:55:16.415151,/muse/elements/alpha_absolute,"[1.1713278530510582, 1.1352018954725542, 0.9472492683000144, 1.0571527249552797]"
2025-11-24T15:55:16.460598,/muse/elements/beta_absolute,"[0.713616370658093, 0.46400324725618003, 0.9853979264338821, 0.519842886420124]"
2025-11-24T15:55:16.506345,/muse/eegAux,"[nan, nan, 0.0, 0.0]"
2025-11-24T15:55:16.552631,/muse/eeg,"[770.8058608058608, 773.2234432234433, 850.989010989011, 800.6227106227107]"
2025-11-24T15:55:16.598365,/muse/eegAux,"[nan, nan, 0.0, 0.0]"
2025-11-24T15:55:16.660439,/muse/elements/alpha_absolute,"[1.1957500753397512, 1.1343369065628268, 0.9472492683000144, 1.0278850663045194]"
2025-11-24T15:55:16.752688,/muse/elements/beta_absolute,"[0.8706068299322934, 0.4596693999858435, 0.9853979264338821, 0.46505966957555256]"
2025-11-24T15:55:16.800493,/muse/eeg,"[799.8168498168499, 765.5677655677656, 931.978021978022, 816.3369963369963]"
2025-11-24T15:55:16.877801,/muse/eeg,"[829.2307692307693, 773.6263736263736, 794.5787545787546, 802.6373626373627]"
2025-11-24T15:55:16.954158,/muse/eegAux,"[nan, nan, 0.0, 0.0]"
2025-11-24T15:55:17.014881,/muse/eeg,"[793.3699633699634, 788.9377289377289, 475.45787545787545, 792.967032967033]"
2025-11-24T15:55:17.078027,/muse/eeg,"[790.5494505494506, 768.7912087912088, 574.1758241758242, 757.9120879120879]"
2025-11-24T15:55:17.109573,/muse/eegAux,"[nan, nan, 0.0, 0.0]"
2025-11-24T15:55:17.141174,/muse/eeg,"[768.3882783882784, 780.4761904761905, 278.42490842490844, 778.4615384615385]"
2025-11-24T15:55:17.219694,/muse/elements/gamma_relative,"[0.08362452140641713, 0.030231689119262245, 0.08824965284235554, 0.0672009651293305]"
2025-11-24T15:55:17.296565,/muse/eeg,"[734.1391941391942, 762.3443223443223, 864.2857142857143, 769.1941391941392]"
2025-11-24T15:55:17.358084,/muse/eegAux,"[nan, nan, 0.0, 0.0]"
2025-11-24T15:55:17.405186,/muse/eeg,"[792.5641025641025, 789.7435897435897, 802.2344322344322, 780.0732600732601]"
2025-11-24T15:55:17.451784,/muse/eegAux,"[nan, nan, 0.0, 0.0]"
2025-11-24T15:55:17.498885,/muse/eeg,"[766.7765567765568, 780.4761904761905, 704.3223443223443, 786.9230769230769]"
2025-11-24T15:55:17.561090,/muse/gyro,"[1.353302001953125, -4.486083984375, 2.474822998046875]"
2025-11-24T15:55:17.593191,/muse/eeg,"[775.6410256410256, 782.893772893773, 462.5641025641026, 803.040293040293]"
2025-11-24T15:55:17.655833,/muse/eeg,"[842.9304029304029, 794.981684981685, 800.6227106227107, 803.8461538461539]"
2025-11-24T15:55:17.763704,/muse/eeg,"[792.1611721611722, 796.996336996337, 995.2380952380953, 791.3553113553114]"
2025-11-24T15:55:17.732451,/muse/elements/alpha_absolute,"[1.0460823026700583, 0.6895936936269444, 0.9472492683000144, 0.5837991046374941]"
2025-11-24T15:55:17.810821,/muse/eeg,"[799.0109890109891, 771.2087912087912, 929.96336996337, 800.6227106227107]"
2025-11-24T15:55:17.841852,/muse/eegAux,"[nan, nan, 0.0, 0.0]"
2025-11-24T15:55:17.888808,/muse/eeg,"[777.6556776556777, 797.8021978021978, 695.054945054945, 798.2051282051282]"
2025-11-24T15:55:17.920122,/muse/eeg,"[809.4871794871796, 803.8461538461539, 872.7472527472528, 799.8168498168499]"
2025-11-24T15:55:18.012971,/muse/eegAux,"[nan, nan, 0.0, 0.0]"
2025-11-24T15:55:18.104466,/muse/eeg,"[785.3113553113553, 782.893772893773, 744.6153846153846, 814.7252747252747]"
2025-11-24T15:55:18.059462,/muse/eeg,"[845.3479853479854, 788.5347985347986, 367.4725274725275, 855.4212454212454]"
2025-11-24T15:55:18.196781,/muse/eeg,"[776.0439560439561, 781.6849816849817, 726.4835164835165, 800.6227106227107]"
2025-11-24T15:55:18.259766,/muse/eegAux,"[nan, nan, 0.0, 0.0]"
2025-11-24T15:55:18.321694,/muse/eeg,"[776.4468864468864, 778.0586080586081, 417.43589743589746, 799.8168498168499]"
2025-11-24T15:55:18.352837,/muse/eeg,"[788.5347985347986, 767.5824175824176, 262.7106227106227, 784.9084249084249]"
2025-11-24T15:55:18.429434,/muse/eeg,"[766.3736263736264, 784.9084249084249, 608.4249084249085, 794.5787545787546]"
2025-11-24T15:55:18.491397,/muse/eegAux,"[nan, nan, 0.0, 0.0]"
2025-11-24T15:55:18.552662,/muse/eeg,"[766.3736263736264, 784.9084249084249, 608.4249084249085, 794.5787545787546]"
2025-11-24T15:55:18.568544,/muse/eegAux,"[nan, nan, 0.0, 0.0]"
2025-11-24T15:55:18.598983,/muse/eeg,"[792.967032967033, 782.0879120879121, 758.3150183150184, 798.2051282051282]"
2025-11-24T15:55:18.708430,/muse/eeg,"[794.5787545787546, 778.8644688644689, 188.16849816849816, 772.4175824175825]"
2025-11-24T15:55:18.771192,/muse/eegAux,"[nan, nan, 0.0, 0.0]"
2025-11-24T15:55:18.832651,/muse/eeg,"[819.96336996337, 786.1172161172161, 771.2087912087912, 824.7985347985348]"
2025-11-24T15:55:18.878770,/muse/elements/theta_absolute,"[0.6365239225269701, 0.731180932942716, 0.7240757446562845, 0.20141412449173696]"
2025-11-24T15:55:18.925004,/muse/elements/gamma_absolute,"[0.5059235459077205, 0.16701253554789464, 0.5136139700309592, -0.055054666888630276]"
2025-11-24T15:55:18.971967,/muse/elements/alpha_relative,"[0.26849020537015017, 0.2657791205128702, 0.23952359640232274, 0.32126897594877507]"
2025-11-24T15:55:19.112749,/muse/eeg,"[802.6373626373627, 799.0109890109891, 777.6556776556777, 790.5494505494506]"
2025-11-24T15:55:19.176102,/muse/elements/gamma_absolute,"[0.5059235459077205, 0.1468482556830296, 0.5136139700309592, -0.055054666888630276]"
2025-11-24T15:55:19.221652,/muse/elements/alpha_relative,"[0.26849020537015017, 0.229150031520112, 0.23952359640232274, 0.32126897594877507]"
2025-11-24T15:55:19.313820,/muse/hsi,"[2.0, 1.0, 4.0, 2.0]"
2025-11-24T15:55:19.252931,/muse/eeg,"[764.7619047619048, 794.5787545787546, 327.5824175824176, 815.934065934066]"
2025-11-24T15:55:19.360532,/muse/eeg,"[791.3553113553114, 801.025641025641, 341.28205128205127, 805.054945054945]"
2025-11-24T15:55:19.442971,/muse/eegAux,"[nan, nan, 0.0, 0.0]"
2025-11-24T15:55:19.536804,/muse/eeg,"[802.2344322344322, 791.3553113553114, 541.1355311355311, 788.5347985347986]"
2025-11-24T15:55:19.598893,/muse/eegAux,"[nan, nan, 0.0, 0.0]"
2025-11-24T15:55:19.676678,/muse/eeg,"[807.0695970695971, 788.5347985347986, 526.6300366300367, 799.4139194139194]"
2025-11-24T15:55:19.754470,/muse/eegAux,"[nan, nan, 0.0, 0.0]"
2025-11-24T15:55:19.800668,/muse/eeg,"[784.9084249084249, 789.3406593406594, 446.8498168498169, 788.9377289377289]"
2025-11-24T15:55:19.877117,/muse/eeg,"[757.5091575091575, 786.5201465201466, 722.8571428571429, 791.3553113553114]"
2025-11-24T15:55:19.952844,/muse/eegAux,"[nan, nan, 0.0, 0.0]"
2025-11-24T15:55:20.015855,/muse/eeg,"[793.7728937728938, 790.5494505494506, 584.6520146520147, 803.040293040293]"
2025-11-24T15:55:20.092608,/muse/eeg,"[782.0879120879121, 796.996336996337, 510.91575091575095, 786.5201465201466]"
2025-11-24T15:55:20.153734,/muse/is_good,"[1.0, 0.0, 0.0, 1.0]"
2025-11-24T15:55:20.169325,/muse/eeg,"[783.6996336996338, 805.4578754578755, 591.0989010989011, 783.6996336996338]"
2025-11-24T15:55:20.307705,/muse/eeg,"[766.3736263736264, 772.8205128205128, 234.9084249084249, 781.2820512820513]"
2025-11-24T15:55:20.415006,/muse/eeg,"[779.6703296703297, 781.6849816849817, 482.3076923076923, 790.5494505494506]"
2025-11-24T15:55:20.337851,/muse/eeg,"[762.7472527472528, 784.1025641025641, 545.9706959706959, 784.9084249084249]"
2025-11-24T15:55:20.507846,/muse/drlref,"[1618168.498168498, 1596410.2564102563]"
2025-11-24T15:55:20.537761,/muse/eeg,"[807.0695970695971, 781.2820512820513, 595.5311355311355, 808.2783882783883]"
2025-11-24T15:55:20.601295,/muse/eeg,"[795.3846153846154, 786.9230769230769, 346.9230769230769, 795.3846153846154]"
2025-11-24T15:55:20.678536,/muse/eeg,"[770.8058608058608, 773.2234432234433, 587.0695970695971, 790.1465201465202]"
2025-11-24T15:55:20.725826,/muse/eegAux,"[nan, nan, 0.0, 0.0]"
2025-11-24T15:55:20.757396,/muse/eeg,"[800.2197802197802, 764.3589743589744, 251.83150183150184, 811.5018315018315]"
2025-11-24T15:55:20.852170,/muse/eeg,"[807.8754578754579, 780.8791208791209, 528.6446886446887, 794.981684981685]"
2025-11-24T15:55:20.897920,/muse/eegAux,"[nan, nan, 0.0, 0.0]"
2025-11-24T15:55:20.959511,/muse/eeg,"[796.996336996337, 780.8791208791209, 701.9047619047619, 798.2051282051282]"
2025-11-24T15:55:21.006270,/muse/hsi,"[1.0, 1.0, 4.0, 1.0]"
2025-11-24T15:55:21.083827,/muse/eeg,"[806.2637362637363, 778.0586080586081, 487.14285714285717, 813.5164835164835]"
2025-11-24T15:55:21.162246,/muse/eegAux,"[nan, nan, 0.0, 0.0]"
2025-11-24T15:55:21.299292,/muse/eegAux,"[nan, nan, 0.0, 0.0]"
2025-11-24T15:55:21.222975,/muse/gyro,"[4.104766845703125, -3.5888671875, -3.289794921875]"
2025-11-24T15:55:21.376422,/muse/eeg,"[816.7399267399268, 780.8791208791209, 383.5897435897436, 805.4578754578755]"
2025-11-24T15:55:21.438377,/muse/eegAux,"[nan, nan, 0.0, 0.0]"
2025-11-24T15:55:21.501058,/muse/eeg,"[804.2490842490843, 773.2234432234433, 491.978021978022, 804.6520146520147]"
2025-11-24T15:55:21.547763,/muse/gyro,"[3.828125, -2.265472412109375, -2.16827392578125]"
2025-11-24T15:55:21.563714,/muse/gyro,"[3.57391357421875, -3.446807861328125, -1.846771240234375]"
2025-11-24T15:55:21.626008,/muse/gyro,"[3.57391357421875, -3.446807861328125, -1.846771240234375]"
2025-11-24T15:55:21.687360,/muse/gyro,"[3.648681640625, -3.656158447265625, -1.727142333984375]"
2025-11-24T15:55:21.734117,/muse/gyro,"[3.745880126953125, -3.00567626953125, -1.353302001953125]"
2025-11-24T15:55:21.779505,/muse/gyro,"[4.344024658203125, -5.046844482421875, 0.538330078125]"
2025-11-24T15:55:21.810358,/muse/gyro,"[4.314117431640625, -4.77020263671875, 1.016845703125]"
2025-11-24T15:55:21.904329,/muse/eeg,"[792.5641025641025, 763.1501831501831, 765.9706959706959, 812.7106227106227]"
2025-11-24T15:55:21.965605,/muse/elements/alpha_absolute,"[1.0052606608061292, 0.5209884150229639, 0.9472492683000144, 0.5100354719126371]"
2025-11-24T15:55:21.996993,/muse/eeg,"[811.0989010989011, 787.3260073260074, 518.974358974359, 799.0109890109891]"
2025-11-24T15:55:22.073808,/muse/gyro,"[2.1234130859375, -3.835601806640625, 0.70281982421875]"
2025-11-24T15:55:22.166921,/muse/gyro,"[1.951446533203125, -3.93280029296875, 0.52337646484375]"
2025-11-24T15:55:22.197364,/muse/eeg,"[772.014652014652, 770.4029304029305, 132.56410256410257, 788.1318681318681]"
2025-11-24T15:55:22.258562,/muse/eeg,"[791.3553113553114, 779.2673992673992, 387.61904761904765, 796.1904761904763]"
2025-11-24T15:55:22.320991,/muse/eeg,"[796.996336996337, 773.2234432234433, 370.6959706959707, 801.8315018315019]"
2025-11-24T15:55:22.382207,/muse/eeg,"[803.040293040293, 780.0732600732601, 369.8901098901099, 801.8315018315019]"
2025-11-24T15:55:22.475308,/muse/gyro,"[2.953338623046875, -3.102874755859375, 2.40753173828125]"
2025-11-24T15:55:22.536971,/muse/drlref,"[1618168.498168498, 1596410.2564102563]"
2025-11-24T15:55:22.598966,/muse/gyro,"[2.55706787109375, -4.77020263671875, 2.76641845703125]"
2025-11-24T15:55:22.644623,/muse/gyro,"[3.342132568359375, -5.271148681640625, 1.2860107421875]"
2025-11-24T15:55:22.690655,/muse/eeg,"[798.6080586080586, 767.5824175824176, 621.7216117216118, 799.8168498168499]"
2025-11-24T15:55:22.769272,/muse/drlref,"[1618168.498168498, 1596410.2564102563]"
2025-11-24T15:55:22.925857,/muse/eeg,"[805.8608058608058, 781.6849816849817, 618.0952380952381, 819.5604395604396]"
2025-11-24T15:55:22.800645,/muse/gyro,"[-0.665435791015625, -2.564544677734375, -1.682281494140625]"
2025-11-24T15:55:23.034659,/muse/gyro,"[5.323486328125, -1.413116455078125, 1.86920166015625]"
2025-11-24T15:55:23.142302,/muse/gyro,"[5.166473388671875, -2.355194091796875, 1.54022216796875]"
2025-11-24T15:55:23.205033,/muse/eeg,"[814.7252747252747, 785.3113553113553, 330.0, 801.025641025641]"
2025-11-24T15:55:23.298064,/muse/eeg,"[796.1904761904763, 779.2673992673992, 601.1721611721612, 797.3992673992674]"
2025-11-24T15:55:23.345697,/muse/eeg,"[794.1758241758242, 767.5824175824176, 657.985347985348, 805.4578754578755]"
2025-11-24T15:55:23.422057,/muse/acc,"[0.1212158203125, 0.02880859375, 0.9927978515625]"
2025-11-24T15:55:23.453671,/muse/eeg,"[789.3406593406594, 776.0439560439561, 817.948717948718, 798.6080586080586]"
2025-11-24T15:55:23.485807,/muse/eeg,"[790.952380952381, 775.2380952380953, 369.4871794871795, 797.3992673992674]"
2025-11-24T15:55:23.548000,/muse/acc,"[0.12103271484375, 0.0284423828125, 0.99505615234375]"
2025-11-24T15:55:23.610055,/muse/eeg,"[814.7252747252747, 790.1465201465202, 429.5238095238095, 796.996336996337]"
2025-11-24T15:55:23.673074,/muse/eeg,"[774.0293040293041, 795.7875457875458, 585.8608058608058, 803.4432234432235]"
2025-11-24T15:55:23.703388,/muse/eeg,"[780.4761904761905, 784.1025641025641, 472.6373626373626, 782.0879120879121]"
2025-11-24T15:55:23.779355,/muse/eeg,"[772.4175824175825, 746.2271062271062, 448.8644688644689, 795.3846153846154]"
2025-11-24T15:55:23.748560,/muse/eegAux,"[nan, nan, 0.0, 0.0]"
2025-11-24T15:55:23.856254,/muse/acc,"[0.125244140625, 0.011474609375, 0.994140625]"
2025-11-24T15:55:23.825338,/muse/acc,"[0.116943359375, 0.01177978515625, 0.98931884765625]"
2025-11-24T15:55:23.933394,/muse/eeg,"[797.3992673992674, 786.1172161172161, 323.1501831501832, 806.2637362637363]"
2025-11-24T15:55:23.964628,/muse/eeg,"[796.996336996337, 791.7582417582418, 458.53479853479854, 809.0842490842491]"
2025-11-24T15:55:24.027031,/muse/eegAux,"[nan, nan, 0.0, 0.0]"
2025-11-24T15:55:24.102629,/muse/gyro,"[2.519683837890625, -6.168365478515625, -6.02630615234375]"
2025-11-24T15:55:24.117773,/muse/acc,"[0.13262939453125, 0.0047607421875, 0.98455810546875]"
2025-11-24T15:55:24.210284,/muse/eeg,"[869.92673992674, 788.5347985347986, 170.84249084249086, 844.945054945055]"
2025-11-24T15:55:24.271880,/muse/eeg,"[824.3956043956044, 785.7142857142858, 445.23809523809524, 805.4578754578755]"
2025-11-24T15:55:24.333508,/muse/eeg,"[821.978021978022, 771.2087912087912, 365.8608058608059, 787.3260073260074]"
2025-11-24T15:55:24.380311,/muse/gyro,"[3.5589599609375, -6.602020263671875, -1.966400146484375]"
2025-11-24T15:55:24.427301,/muse/gyro,"[3.5589599609375, -6.602020263671875, -1.966400146484375]"
2025-11-24T15:55:24.490545,/muse/drlref,"[1618168.498168498, 1596410.2564102563]"
2025-11-24T15:55:24.521248,/muse/eeg,"[818.3516483516484, 787.3260073260074, 397.2893772893773, 801.025641025641]"
2025-11-24T15:55:24.570688,/muse/elements/theta_relative,"[0.16565754557542167, 0.09683779677895885, 0.14327643941486778, 0.22554610460249988]"
2025-11-24T15:55:24.629974,/muse/eeg,"[815.934065934066, 788.9377289377289, 627.3626373626374, 803.4432234432235]"
2025-11-24T15:55:24.692089,/muse/eegAux,"[nan, nan, 0.0, 0.0]"
2025-11-24T15:55:24.739774,/muse/eeg,"[819.96336996337, 784.5054945054945, 641.4652014652015, 792.967032967033]"
2025-11-24T15:55:24.801752,/muse/eeg,"[783.2967032967033, 774.4322344322345, 410.989010989011, 794.981684981685]"
2025-11-24T15:55:24.911402,/muse/drlref,"[1618168.498168498, 1596410.2564102563]"
2025-11-24T15:55:24.926638,/muse/elements/gamma_absolute,"[0.6523512331289598, 0.21594314162495817, 0.5136139700309592, -0.14627697208194337]"
2025-11-24T15:55:24.973747,/muse/gyro,"[2.97576904296875, -2.99072265625, -1.24114990234375]"
2025-11-24T15:55:25.019667,/muse/eeg,"[819.96336996337, 801.025641025641, 755.8974358974359, 803.4432234432235]"
2025-11-24T15:55:25.113193,/muse/eeg,"[794.5787545787546, 781.6849816849817, 407.3626373626374, 796.5934065934066]"
2025-11-24T15:55:25.190712,/muse/gyro,"[3.648681640625, -2.639312744140625, 0.665435791015625]"
2025-11-24T15:55:25.221520,/muse/eeg,"[800.6227106227107, 788.9377289377289, 302.6007326007326, 796.996336996337]"
2025-11-24T15:55:25.299031,/muse/eeg,"[805.4578754578755, 785.7142857142858, 496.007326007326, 790.5494505494506]"
2025-11-24T15:55:25.252420,/muse/eegAux,"[nan, nan, 0.0, 0.0]"
2025-11-24T15:55:25.360619,/muse/eegAux,"[nan, nan, 0.0, 0.0]"
2025-11-24T15:55:25.422449,/muse/eeg,"[792.1611721611722, 779.2673992673992, 87.03296703296704, 802.2344322344322]"
2025-11-24T15:55:25.468445,/muse/eegAux,"[nan, nan, 0.0, 0.0]"
2025-11-24T15:55:25.547344,/muse/eeg,"[799.4139194139194, 791.3553113553114, 302.6007326007326, 789.7435897435897]"
2025-11-24T15:55:25.578807,/muse/elements/alpha_absolute,"[0.21618647521983947, 0.14711744298424784, 0.9472492683000144, 0.9351950352461947]"
2025-11-24T15:55:25.610131,/muse/elements/beta_absolute,"[0.7420229985506759, 0.5763106853202824, 0.9853979264338821, 0.30668371470766537]"
2025-11-24T15:55:25.657085,/muse/eeg,"[788.1318681318681, 784.5054945054945, 556.0439560439561, 801.025641025641]"
2025-11-24T15:55:25.750690,/muse/eegAux,"[nan, nan, 0.0, 0.0]"
2025-11-24T15:55:25.781139,/muse/eegAux,"[nan, nan, 0.0, 0.0]"
2025-11-24T15:55:25.873858,/muse/eeg,"[788.1318681318681, 803.8461538461539, 191.7948717948718, 801.025641025641]"
2025-11-24T15:55:25.998022,/muse/drlref,"[1618168.498168498, 1596410.2564102563]"
2025-11-24T15:55:26.059219,/muse/drlref,"[1618168.498168498, 1596410.2564102563]"
2025-11-24T15:55:26.074949,/muse/eeg,"[796.1904761904763, 793.3699633699634, 356.996336996337, 806.2637362637363]"
2025-11-24T15:55:26.136691,/muse/eegAux,"[nan, nan, 0.0, 0.0]"
2025-11-24T15:55:26.183648,/muse/eeg,"[787.3260073260074, 794.981684981685, 557.2527472527472, 816.3369963369963]"
2025-11-24T15:55:26.278233,/muse/eeg,"[818.3516483516484, 786.1172161172161, 593.919413919414, 797.3992673992674]"
2025-11-24T15:55:26.309442,/muse/elements/alpha_absolute,"[0.21618647521983947, 0.26865162502185586, 0.9472492683000144, 0.6884035329290249]"
2025-11-24T15:55:26.433534,/muse/eeg,"[810.2930402930403, 764.3589743589744, 644.6886446886447, 805.054945054945]"
2025-11-24T15:55:26.511218,/muse/eegAux,"[nan, nan, 0.0, 0.0]"
2025-11-24T15:55:26.542391,/muse/elements/delta_relative,"[0.09415856521834248, 0.3793827450294461, 0.26743509587853037, 0.3767719673661546]"
2025-11-24T15:55:26.652898,/muse/eeg,"[788.5347985347986, 796.1904761904763, 202.27106227106228, 793.7728937728938]"
2025-11-24T15:55:26.606418,/muse/eegAux,"[nan, nan, 0.0, 0.0]"
2025-11-24T15:55:26.698792,/muse/eeg,"[795.7875457875458, 780.4761904761905, 593.5164835164835, 795.7875457875458]"
2025-11-24T15:55:26.792144,/muse/eeg,"[801.8315018315019, 778.0586080586081, 545.9706959706959, 799.0109890109891]"
2025-11-24T15:55:26.839044,/muse/gyro,"[3.1402587890625, -5.316009521484375, 0.9271240234375]"
2025-11-24T15:55:26.931323,/muse/eeg,"[769.1941391941392, 775.2380952380953, 243.77289377289378, 806.2637362637363]"
2025-11-24T15:55:26.994254,/muse/gyro,"[2.4822998046875, -5.06927490234375, 1.39068603515625]"
2025-11-24T15:55:27.026152,/muse/eeg,"[795.7875457875458, 782.0879120879121, 351.75824175824175, 806.6666666666667]"
2025-11-24T15:55:27.072648,/muse/eeg,"[811.9047619047619, 784.5054945054945, 672.0879120879121, 790.5494505494506]"
2025-11-24T15:55:27.134151,/muse/eegAux,"[nan, nan, 0.0, 0.0]"
2025-11-24T15:55:27.150004,/muse/eegAux,"[nan, nan, 0.0, 0.0]"
2025-11-24T15:55:27.196142,/muse/acc,"[0.17803955078125, 0.04339599609375, 0.99249267578125]"
2025-11-24T15:55:27.227251,/muse/acc,"[0.17803955078125, 0.04339599609375, 0.99249267578125]"
2025-11-24T15:55:27.274271,/muse/eegAux,"[nan, nan, 0.0, 0.0]"
2025-11-24T15:55:27.353122,/muse/eeg,"[785.3113553113553, 781.2820512820513, 599.5604395604396, 791.3553113553114]"
2025-11-24T15:55:27.430872,/muse/elements/alpha_absolute,"[0.4247687165569985, 0.4228633589813343, 0.9472492683000144, 0.5461415507568811]"
2025-11-24T15:55:27.509175,/muse/gyro,"[-4.538421630859375, 2.325286865234375, -6.033782958984375]"
2025-11-24T15:55:27.539672,/muse/gyro,"[-6.302947998046875, 4.897308349609375, -4.463653564453125]"
2025-11-24T15:55:27.601806,/muse/elements/alpha_absolute,"[0.4883362756877809, 0.44587425498735167, 0.9472492683000144, 0.5461415507568811]"
2025-11-24T15:55:27.679563,/muse/eeg,"[766.7765567765568, 798.6080586080586, 127.72893772893774, 813.1135531135532]"
2025-11-24T15:55:27.727115,/muse/eeg,"[800.6227106227107, 784.9084249084249, 133.77289377289378, 799.0109890109891]"
2025-11-24T15:55:27.790023,/muse/eeg,"[803.4432234432235, 788.5347985347986, 461.75824175824175, 815.5311355311355]"
2025-11-24T15:55:27.867514,/muse/gyro,"[7.8057861328125, -8.142242431640625, -5.001983642578125]"
2025-11-24T15:55:27.961029,/muse/eeg,"[799.0109890109891, 777.6556776556777, 655.5677655677656, 807.8754578754579]"
2025-11-24T15:55:28.007330,/muse/eegAux,"[nan, nan, 0.0, 0.0]"
2025-11-24T15:55:28.116297,/muse/eegAux,"[nan, nan, 0.0, 0.0]"
2025-11-24T15:55:28.162806,/muse/eeg,"[793.7728937728938, 776.4468864468864, 565.3113553113553, 806.6666666666667]"
2025-11-24T15:55:28.240146,/muse/eeg,"[814.3223443223443, 792.5641025641025, 564.5054945054945, 801.8315018315019]"
2025-11-24T15:55:28.194079,/muse/eeg,"[797.8021978021978, 786.1172161172161, 112.41758241758242, 808.6813186813187]"
2025-11-24T15:55:28.317889,/muse/acc,"[0.2061767578125, 0.0830078125, 0.98773193359375]"
2025-11-24T15:55:28.426903,/muse/eeg,"[817.1428571428571, 790.5494505494506, 326.7765567765568, 827.2161172161173]"
2025-11-24T15:55:28.458076,/muse/eeg,"[798.6080586080586, 780.4761904761905, 286.4835164835165, 789.7435897435897]"
2025-11-24T15:55:28.520921,/muse/gyro,"[1.443023681640625, -3.985137939453125, 4.134674072265625]"
2025-11-24T15:55:28.645608,/muse/gyro,"[2.265472412109375, -3.775787353515625, 3.147735595703125]"
2025-11-24T15:55:28.724371,/muse/eegAux,"[nan, nan, 0.0, 0.0]"
2025-11-24T15:55:28.800679,/muse/eeg,"[787.7289377289378, 786.1172161172161, 763.956043956044, 801.025641025641]"
2025-11-24T15:55:28.849317,/muse/elements/theta_absolute,"[0.6572375159743081, 0.7513911891947604, 0.7240757446562845, 0.31038375970908866]"
2025-11-24T15:55:28.924540,/muse/eeg,"[802.2344322344322, 801.8315018315019, 454.90842490842493, 791.3553113553114]"
2025-11-24T15:55:29.048298,/muse/eeg,"[804.2490842490843, 790.952380952381, 185.75091575091577, 804.6520146520147]"
2025-11-24T15:55:29.110849,/muse/eeg,"[780.0732600732601, 776.4468864468864, 531.0622710622711, 803.4432234432235]"
2025-11-24T15:55:29.205408,/muse/eeg,"[791.7582417582418, 782.4908424908425, 552.4175824175825, 801.4285714285714]"
2025-11-24T15:55:29.298594,/muse/eeg,"[784.9084249084249, 780.4761904761905, 537.1062271062272, 799.0109890109891]"
2025-11-24T15:55:29.251963,/muse/eeg,"[799.8168498168499, 780.0732600732601, 550.0, 804.2490842490843]"
2025-11-24T15:55:29.344526,/muse/eeg,"[768.3882783882784, 776.4468864468864, 615.2747252747253, 795.7875457875458]"
2025-11-24T15:55:29.407370,/muse/eeg,"[773.6263736263736, 788.5347985347986, 458.93772893772893, 803.8461538461539]"
2025-11-24T15:55:29.500590,/muse/eeg,"[800.2197802197802, 764.3589743589744, 392.8571428571429, 801.4285714285714]"
2025-11-24T15:55:29.577695,/muse/elements/theta_relative,"[0.11903203162526746, 0.3028010098636007, 0.14327643941486778, 0.22319713955919407]"
2025-11-24T15:55:29.608172,/muse/gyro,"[2.25799560546875, -3.70849609375, 0.814971923828125]"
2025-11-24T15:55:29.669794,/muse/eeg,"[813.1135531135532, 785.3113553113553, 648.7179487179487, 789.7435897435897]"
2025-11-24T15:55:29.638752,/muse/eegAux,"[nan, nan, 0.0, 0.0]"
2025-11-24T15:55:29.779706,/muse/eegAux,"[nan, nan, 0.0, 0.0]"
2025-11-24T15:55:29.856006,/muse/eegAux,"[nan, nan, 0.0, 0.0]"
2025-11-24T15:55:29.947300,/muse/eegAux,"[nan, nan, 0.0, 0.0]"
2025-11-24T15:55:29.994870,/muse/eeg,"[807.0695970695971, 796.996336996337, 400.91575091575095, 815.1282051282052]"
2025-11-24T15:55:30.025710,/muse/gyro,"[4.3365478515625, 1.562652587890625, 2.788848876953125]"
2025-11-24T15:55:30.102374,/muse/eeg,"[775.6410256410256, 776.0439560439561, 616.4835164835165, 809.8901098901099]"
2025-11-24T15:55:30.164138,/muse/eeg,"[788.9377289377289, 769.1941391941392, 527.4358974358975, 805.054945054945]"
2025-11-24T15:55:30.335728,/muse/gyro,"[0.859832763671875, -1.31591796875, 3.013153076171875]"
2025-11-24T15:55:30.288784,/muse/eeg,"[786.1172161172161, 767.1794871794872, 569.3406593406594, 796.1904761904763]"
2025-11-24T15:55:30.381776,/muse/gyro,"[0.022430419921875, -1.801910400390625, 3.289794921875]"
2025-11-24T15:55:30.459613,/muse/eegAux,"[nan, nan, 0.0, 0.0]"
2025-11-24T15:55:30.552042,/muse/eegAux,"[nan, nan, 0.0, 0.0]"
2025-11-24T15:55:30.676973,/muse/eeg,"[819.1575091575091, 790.952380952381, 790.5494505494506, 801.4285714285714]"
2025-11-24T15:55:30.754673,/muse/gyro,"[3.7384033203125, -2.64678955078125, -0.829925537109375]"
2025-11-24T15:55:30.785815,/muse/eeg,"[788.9377289377289, 775.6410256410256, 529.8534798534798, 808.2783882783883]"
2025-11-24T15:55:30.831846,/muse/eegAux,"[nan, nan, 0.0, 0.0]"
2025-11-24T15:55:30.954636,/muse/gyro,"[1.435546875, -1.77947998046875, 2.429962158203125]"
2025-11-24T15:55:30.861831,/muse/eeg,"[789.3406593406594, 773.2234432234433, 552.4175824175825, 794.5787545787546]"
2025-11-24T15:55:31.000643,/muse/acc,"[0.1611328125, 0.01605224609375, 0.99737548828125]"
2025-11-24T15:55:31.062993,/muse/acc,"[0.1611328125, 0.01605224609375, 0.99737548828125]"
2025-11-24T15:55:31.125661,/muse/acc,"[0.1611328125, 0.01605224609375, 0.99737548828125]"
2025-11-24T15:55:31.171857,/muse/eeg,"[762.3443223443223, 778.8644688644689, 826.4102564102565, 814.3223443223443]"
2025-11-24T15:55:31.265624,/muse/eeg,"[812.7106227106227, 784.1025641025641, 799.0109890109891, 792.5641025641025]"
2025-11-24T15:55:31.358022,/muse/eeg,"[805.8608058608058, 784.9084249084249, 512.5274725274726, 791.3553113553114]"
2025-11-24T15:55:31.387936,/muse/eeg,"[798.6080586080586, 781.2820512820513, 126.52014652014653, 792.967032967033]"
2025-11-24T15:55:31.434115,/muse/eegAux,"[nan, nan, 0.0, 0.0]"
2025-11-24T15:55:31.510952,/muse/eeg,"[801.025641025641, 791.3553113553114, 696.6666666666667, 817.1428571428571]"
2025-11-24T15:55:31.573100,/muse/eegAux,"[nan, nan, 0.0, 0.0]"
2025-11-24T15:55:31.636362,/muse/gyro,"[4.732818603515625, -3.4393310546875, 7.574005126953125]"
2025-11-24T15:55:31.698136,/muse/acc,"[0.1092529296875, 0.0098876953125, 0.9998779296875]"
2025-11-24T15:55:31.744941,/muse/elements/alpha_absolute,"[1.131488970221384, 0.6285600615106529, 0.9472492683000144, 0.8021508593402114]"
2025-11-24T15:55:31.776059,/muse/eeg,"[815.1282051282052, 789.3406593406594, 651.5384615384615, 830.0366300366301]"
2025-11-24T15:55:31.822176,/muse/eeg,"[818.3516483516484, 786.1172161172161, 147.06959706959708, 809.4871794871796]"
2025-11-24T15:55:31.915457,/muse/elements/alpha_absolute,"[1.131488970221384, 0.5978323821135609, 0.9472492683000144, 0.8021508593402114]"
2025-11-24T15:55:31.976379,/muse/eeg,"[711.5750915750916, 787.3260073260074, 402.12454212454213, 693.4432234432235]"
2025-11-24T15:55:31.992436,/muse/eeg,"[857.8388278388279, 784.5054945054945, 709.5604395604396, 865.4945054945056]"
2025-11-24T15:55:32.103020,/muse/eegAux,"[nan, nan, 0.0, 0.0]"
2025-11-24T15:55:32.147900,/muse/eeg,"[850.5860805860806, 753.0769230769231, 497.61904761904765, 896.1172161172161]"
2025-11-24T15:55:32.193996,/muse/eeg,"[826.007326007326, 773.2234432234433, 156.33699633699635, 838.901098901099]"
2025-11-24T15:55:32.272207,/muse/gyro,"[4.807586669921875, -2.49725341796875, 3.00567626953125]"
2025-11-24T15:55:32.334816,/muse/eeg,"[782.4908424908425, 789.3406593406594, 614.4688644688645, 799.0109890109891]"
2025-11-24T15:55:32.397154,/muse/acc,"[0.11370849609375, 0.021728515625, 0.9986572265625]"
2025-11-24T15:55:32.428843,/muse/gyro,"[4.85992431640625, -2.415008544921875, 0.55328369140625]"
2025-11-24T15:55:32.553346,/muse/gyro,"[4.56085205078125, -2.220611572265625, -0.5682373046875]"
2025-11-24T15:55:32.677154,/muse/acc,"[0.10809326171875, 0.03125, 1.00347900390625]"
2025-11-24T15:55:32.708040,/muse/acc,"[0.1143798828125, 0.0291748046875, 1.00146484375]"
2025-11-24T15:55:32.816765,/muse/eegAux,"[nan, nan, 0.0, 0.0]"
2025-11-24T15:55:32.864103,/muse/drlref,"[1618168.498168498, 1596410.2564102563]"
2025-11-24T15:55:32.832387,/muse/eeg,"[790.952380952381, 799.8168498168499, 779.2673992673992, 800.2197802197802]"
2025-11-24T15:55:32.972763,/muse/gyro,"[4.209442138671875, -6.56463623046875, 2.041168212890625]"
2025-11-24T15:55:33.004170,/muse/acc,"[0.12493896484375, 0.015625, 0.9990234375]"
2025-11-24T15:55:33.019365,/muse/eeg,"[798.6080586080586, 799.0109890109891, 147.87545787545787, 808.2783882783883]"
2025-11-24T15:55:33.098610,/muse/gyro,"[2.64678955078125, -3.94775390625, -0.34393310546875]"
2025-11-24T15:55:33.191756,/muse/eeg,"[782.893772893773, 787.7289377289378, 751.8681318681319, 794.5787545787546]"
2025-11-24T15:55:33.301158,/muse/acc,"[0.12579345703125, 0.02569580078125, 1.003662109375]"
2025-11-24T15:55:33.348173,/muse/elements/alpha_relative,"[0.2831410374241905, 0.17944536879021497, 0.23952359640232274, 0.3298689971500777]"
2025-11-24T15:55:33.395292,/muse/gyro,"[3.416900634765625, -4.568328857421875, 2.893524169921875]"
2025-11-24T15:55:33.441830,/muse/elements/alpha_relative,"[0.2831410374241905, 0.1846195296368404, 0.23952359640232274, 0.3298689971500777]"
2025-11-24T15:55:33.534687,/muse/eeg,"[803.040293040293, 791.7582417582418, 490.3663003663004, 808.2783882783883]"
2025-11-24T15:55:33.581128,/muse/eeg,"[806.2637362637363, 773.6263736263736, 600.3663003663004, 797.3992673992674]"
2025-11-24T15:55:33.674337,/muse/acc,"[0.12103271484375, -0.00213623046875, 0.9898681640625]"
2025-11-24T15:55:33.720587,/muse/gyro,"[1.248626708984375, -4.17205810546875, -0.059814453125]"
2025-11-24T15:55:33.782740,/muse/eeg,"[794.5787545787546, 781.2820512820513, 466.5934065934066, 798.2051282051282]"
2025-11-24T15:55:33.845480,/muse/eeg,"[818.7545787545788, 786.1172161172161, 647.5091575091575, 799.8168498168499]"
2025-11-24T15:55:33.876157,/muse/eeg,"[789.3406593406594, 770.8058608058608, 414.61538461538464, 798.6080586080586]"
2025-11-24T15:55:33.986151,/muse/acc,"[0.118408203125, -0.0220947265625, 0.986572265625]"
2025-11-24T15:55:34.047794,/muse/gyro,"[4.358978271484375, -4.643096923828125, 2.75146484375]"
2025-11-24T15:55:34.140043,/muse/gyro,"[4.358978271484375, -4.643096923828125, 2.75146484375]"
2025-11-24T15:55:34.218510,/muse/eeg,"[799.4139194139194, 784.9084249084249, 624.5421245421246, 779.2673992673992]"
2025-11-24T15:55:34.311803,/muse/eeg,"[796.996336996337, 776.0439560439561, 775.2380952380953, 795.7875457875458]"
2025-11-24T15:55:34.343071,/muse/eeg,"[794.1758241758242, 785.7142857142858, 714.3956043956044, 791.7582417582418]"
2025-11-24T15:55:34.374229,/muse/elements/alpha_absolute,"[0.7450422796834621, 0.5476005288106202, 0.9472492683000144, 0.466795295597869]"
2025-11-24T15:55:34.436734,/muse/eeg,"[770.4029304029305, 787.3260073260074, 828.021978021978, 815.5311355311355]"
2025-11-24T15:55:34.545510,/muse/eeg,"[777.2527472527473, 792.5641025641025, 731.3186813186813, 794.1758241758242]"
2025-11-24T15:55:34.499075,/muse/elements/gamma_relative,"[0.23985969330351453, 0.060743254836857344, 0.08824965284235554, 0.08342562317948451]"
2025-11-24T15:55:34.669436,/muse/eegAux,"[nan, nan, 0.0, 0.0]"
2025-11-24T15:55:34.716568,/muse/eeg,"[736.959706959707, 769.5970695970697, 537.5091575091575, 795.7875457875458]"
2025-11-24T15:55:34.732657,/muse/eegAux,"[nan, nan, 0.0, 0.0]"
2025-11-24T15:55:34.857010,/muse/eeg,"[815.1282051282052, 799.8168498168499, 544.3589743589744, 810.2930402930403]"
2025-11-24T15:55:34.935181,/muse/gyro,"[3.207550048828125, -4.486083984375, 5.988922119140625]"
2025-11-24T15:55:34.966477,/muse/gyro,"[2.2430419921875, -4.47113037109375, 5.263671875]"
2025-11-24T15:55:35.013721,/muse/eegAux,"[nan, nan, 0.0, 0.0]"
2025-11-24T15:55:35.091987,/muse/gyro,"[2.76641845703125, -4.725341796875, 1.435546875]"
2025-11-24T15:55:35.169325,/muse/gyro,"[2.310333251953125, -2.8411865234375, -0.19439697265625]"
2025-11-24T15:55:35.246466,/muse/eegAux,"[nan, nan, 0.0, 0.0]"
2025-11-24T15:55:35.307071,/muse/eeg,"[806.6666666666667, 784.1025641025641, 573.7728937728938, 788.9377289377289]"
2025-11-24T15:55:35.399308,/muse/eeg,"[778.4615384615385, 783.2967032967033, 320.73260073260076, 789.3406593406594]"
2025-11-24T15:55:35.476128,/muse/gyro,"[-1.375732421875, -4.41131591796875, 1.68975830078125]"
2025-11-24T15:55:35.430500,/muse/eegAux,"[nan, nan, 0.0, 0.0]"
2025-11-24T15:55:35.523291,/muse/gyro,"[-2.325286865234375, -3.90289306640625, 1.39068603515625]"
2025-11-24T15:55:35.618258,/muse/eeg,"[782.0879120879121, 774.8351648351648, 33.443223443223445, 782.0879120879121]"
2025-11-24T15:55:35.680786,/muse/acc,"[0.13446044921875, -0.031494140625, 1.00323486328125]"
2025-11-24T15:55:35.759121,/muse/acc,"[0.13446044921875, -0.031494140625, 1.00323486328125]"
2025-11-24T15:55:35.821071,/muse/gyro,"[-8.5833740234375, -9.832000732421875, 9.607696533203125]"
2025-11-24T15:55:35.897634,/muse/gyro,"[-8.5833740234375, -9.832000732421875, 9.607696533203125]"
2025-11-24T15:55:35.944065,/muse/gyro,"[-8.5833740234375, -9.832000732421875, 9.607696533203125]"
2025-11-24T15:55:36.005579,/muse/eeg,"[807.8754578754579, 796.1904761904763, 521.3919413919414, 785.7142857142858]"
2025-11-24T15:55:36.081537,/muse/eeg,"[788.9377289377289, 783.6996336996338, 193.80952380952382, 799.8168498168499]"
2025-11-24T15:55:36.036535,/muse/eegAux,"[nan, nan, 0.0, 0.0]"
2025-11-24T15:55:36.159977,/muse/eegAux,"[nan, nan, 0.0, 0.0]"
2025-11-24T15:55:36.270364,/muse/eeg,"[804.2490842490843, 786.5201465201466, 618.4981684981685, 794.5787545787546]"
2025-11-24T15:55:36.301176,/muse/eegAux,"[nan, nan, 0.0, 0.0]"
2025-11-24T15:55:36.439072,/muse/elements/delta_relative,"[0.185786958971029, 0.34694862573463064, 0.26743509587853037, 0.11127177355816945]"
2025-11-24T15:55:36.548206,/muse/gyro,"[6.1907958984375, -1.114044189453125, -2.549591064453125]"
2025-11-24T15:55:36.610609,/muse/gyro,"[6.1907958984375, -1.114044189453125, -2.549591064453125]"
2025-11-24T15:55:36.687953,/muse/gyro,"[6.65435791015625, -1.15142822265625, -0.306549072265625]"
2025-11-24T15:55:36.734542,/muse/gyro,"[6.400146484375, -0.70281982421875, 0.770111083984375]"
2025-11-24T15:55:36.858589,/muse/gyro,"[4.68048095703125, -0.58319091796875, -1.637420654296875]"
2025-11-24T15:55:36.812490,/muse/gyro,"[4.68048095703125, -0.58319091796875, -1.637420654296875]"
2025-11-24T15:55:36.952913,/muse/gyro,"[4.68048095703125, -0.58319091796875, -1.637420654296875]"
2025-11-24T15:55:37.077088,/muse/eeg,"[791.3553113553114, 777.6556776556777, 47.54578754578755, 800.2197802197802]"
2025-11-24T15:55:37.093066,/muse/drlref,"[1617362.6373626373, 1596410.2564102563]"
2025-11-24T15:55:37.201464,/muse/eeg,"[779.6703296703297, 785.7142857142858, 516.1538461538462, 810.6959706959707]"
2025-11-24T15:55:37.247764,/muse/gyro,"[2.392578125, -4.987030029296875, 2.31781005859375]"
2025-11-24T15:55:37.326548,/muse/eeg,"[795.7875457875458, 777.6556776556777, 319.5238095238095, 794.5787545787546]"
2025-11-24T15:55:37.358259,/muse/drlref,"[1617362.6373626373, 1596410.2564102563]"
2025-11-24T15:55:37.467153,/muse/drlref,"[1617362.6373626373, 1596410.2564102563]"
2025-11-24T15:55:37.544281,/muse/eegAux,"[nan, nan, 0.0, 0.0]"
2025-11-24T15:55:37.512899,/muse/eeg,"[794.981684981685, 815.5311355311355, 546.7765567765568, 788.5347985347986]"
2025-11-24T15:55:37.591518,/muse/eeg,"[811.9047619047619, 799.4139194139194, 622.1245421245421, 811.0989010989011]"
2025-11-24T15:55:37.639041,/muse/eeg,"[800.6227106227107, 799.0109890109891, 515.7509157509157, 802.2344322344322]"
2025-11-24T15:55:37.700660,/muse/eeg,"[799.0109890109891, 802.6373626373627, 319.9267399267399, 802.2344322344322]"
2025-11-24T15:55:37.732652,/muse/gyro,"[4.314117431640625, -1.906585693359375, 3.2000732421875]"
2025-11-24T15:55:37.793942,/muse/gyro,"[4.5159912109375, -0.770111083984375, -2.332763671875]"
2025-11-24T15:55:37.886722,/muse/eeg,"[779.2673992673992, 761.941391941392, 569.3406593406594, 762.3443223443223]"
2025-11-24T15:55:37.964839,/muse/drlref,"[1617362.6373626373, 1596410.2564102563]"
2025-11-24T15:55:37.933758,/muse/eeg,"[778.8644688644689, 775.2380952380953, 449.6703296703297, 809.4871794871796]"
2025-11-24T15:55:38.012176,/muse/elements/delta_absolute,"[0.30849849488242637, 0.891363403551295, 0.9951193641341841, 0.19742300375038072]"
2025-11-24T15:55:38.043270,/muse/eeg,"[783.2967032967033, 762.7472527472528, 509.7069597069597, 807.8754578754579]"
2025-11-24T15:55:38.074267,/muse/eeg,"[798.2051282051282, 783.2967032967033, 686.1904761904763, 796.1904761904763]"
2025-11-24T15:55:38.137112,/muse/eeg,"[796.996336996337, 786.9230769230769, 890.4761904761905, 801.025641025641]"
2025-11-24T15:55:38.183567,/muse/eegAux,"[nan, nan, 0.0, 0.0]"
2025-11-24T15:55:38.261472,/muse/eegAux,"[nan, nan, 0.0, 0.0]"
2025-11-24T15:55:38.292134,/muse/eeg,"[804.6520146520147, 774.0293040293041, 695.8608058608058, 786.9230769230769]"
2025-11-24T15:55:38.369915,/muse/eegAux,"[nan, nan, 0.0, 0.0]"
2025-11-24T15:55:38.446830,/muse/eeg,"[804.6520146520147, 774.0293040293041, 695.8608058608058, 786.9230769230769]"
2025-11-24T15:55:38.494186,/muse/eegAux,"[nan, nan, 0.0, 0.0]"
2025-11-24T15:55:38.587801,/muse/elements/beta_relative,"[0.19634640391889063, 0.11343712071964651, 0.2615152154619236, 0.12538565961518294]"
2025-11-24T15:55:38.666441,/muse/eeg,"[788.9377289377289, 776.8498168498169, 675.3113553113553, 814.3223443223443]"
2025-11-24T15:55:38.745015,/muse/elements/alpha_absolute,"[0.9184812777681378, 0.48495256946169213, 0.9472492683000144, 0.7292803558800199]"
2025-11-24T15:55:38.775144,/muse/acc,"[0.11846923828125, -0.0565185546875, 0.9891357421875]"
2025-11-24T15:55:38.791016,/muse/gyro,"[4.62066650390625, -6.706695556640625, -0.5682373046875]"
2025-11-24T15:55:38.853556,/muse/eeg,"[824.3956043956044, 822.7838827838829, 551.6117216117216, 815.934065934066]"
2025-11-24T15:55:38.884774,/muse/eegAux,"[nan, nan, 0.0, 0.0]"
2025-11-24T15:55:38.945755,/muse/gyro,"[3.820648193359375, -8.17962646484375, 2.07855224609375]"
2025-11-24T15:55:38.976625,/muse/gyro,"[6.826324462890625, -9.846954345703125, -3.8580322265625]"
2025-11-24T15:55:39.149361,/muse/acc,"[0.099365234375, -0.05352783203125, 0.98553466796875]"
2025-11-24T15:55:39.240923,/muse/eeg,"[790.952380952381, 772.4175824175825, 406.959706959707, 810.2930402930403]"
2025-11-24T15:55:39.303818,/muse/eegAux,"[nan, nan, 0.0, 0.0]"
2025-11-24T15:55:39.350683,/muse/eeg,"[806.6666666666667, 778.4615384615385, 283.2600732600733, 799.4139194139194]"
2025-11-24T15:55:39.429339,/muse/gyro,"[3.013153076171875, -5.794525146484375, 0.97198486328125]"
2025-11-24T15:55:39.507815,/muse/acc,"[0.155029296875, -0.0318603515625, 0.997802734375]"
2025-11-24T15:55:39.522671,/muse/elements/alpha_absolute,"[0.697585149743035, 0.4575515537713933, 0.9472492683000144, 0.679661230699293]"
2025-11-24T15:55:39.616735,/muse/gyro,"[-7.379608154296875, -11.895599365234375, 13.660125732421875]"
2025-11-24T15:55:39.664009,/muse/elements/theta_relative,"[0.12038129815585126, 0.1750161427564277, 0.14327643941486778, 0.2807508108143736]"
2025-11-24T15:55:39.757499,/muse/eeg,"[788.5347985347986, 786.1172161172161, 342.8937728937729, 790.1465201465202]"
2025-11-24T15:55:39.834669,/muse/eeg,"[794.5787545787546, 777.6556776556777, 479.4871794871795, 790.1465201465202]"
2025-11-24T15:55:39.881060,/muse/eeg,"[812.3076923076924, 781.2820512820513, 595.1282051282052, 814.7252747252747]"
2025-11-24T15:55:40.020341,/muse/eeg,"[805.054945054945, 798.2051282051282, 507.6923076923077, 786.1172161172161]"
2025-11-24T15:55:39.974679,/muse/gyro,"[4.867401123046875, -3.409423828125, 3.46923828125]"
2025-11-24T15:55:40.097013,/muse/drlref,"[1617362.6373626373, 1596410.2564102563]"
2025-11-24T15:55:40.190368,/muse/eeg,"[805.4578754578755, 806.6666666666667, 572.1611721611722, 785.7142857142858]"
2025-11-24T15:55:40.299631,/muse/eegAux,"[nan, nan, 0.0, 0.0]"
2025-11-24T15:55:40.362137,/muse/gyro,"[7.22259521484375, -2.429962158203125, -1.652374267578125]"
2025-11-24T15:55:40.425573,/muse/gyro,"[3.850555419921875, -2.370147705078125, -0.800018310546875]"
2025-11-24T15:55:40.489265,/muse/gyro,"[3.09539794921875, -2.594451904296875, -1.278533935546875]"
2025-11-24T15:55:40.598453,/muse/elements/beta_absolute,"[0.7297612494256159, 0.5699109981931912, 0.9853979264338821, 0.4114699731244394]"
2025-11-24T15:55:40.536551,/muse/eeg,"[807.4725274725275, 785.3113553113553, 630.5860805860806, 801.8315018315019]"
2025-11-24T15:55:40.691256,/muse/eegAux,"[nan, nan, 0.0, 0.0]"
2025-11-24T15:55:40.738706,/muse/eeg,"[797.3992673992674, 781.2820512820513, 702.3076923076924, 796.1904761904763]"
2025-11-24T15:55:40.801488,/muse/eegAux,"[nan, nan, 0.0, 0.0]"
2025-11-24T15:55:40.723275,/muse/eeg,"[802.2344322344322, 767.1794871794872, 512.5274725274726, 799.4139194139194]"
2025-11-24T15:55:40.848182,/muse/gyro,"[3.072967529296875, -1.48040771484375, 0.49346923828125]"
2025-11-24T15:55:40.895146,/muse/gyro,"[4.0972900390625, -0.5084228515625, 2.28790283203125]"
2025-11-24T15:55:40.988053,/muse/eeg,"[759.1208791208792, 772.014652014652, 780.0732600732601, 794.981684981685]"
2025-11-24T15:55:41.034358,/muse/acc,"[0.16778564453125, -0.07574462890625, 1.00030517578125]"
2025-11-24T15:55:41.112854,/muse/gyro,"[4.314117431640625, -3.72344970703125, 1.936492919921875]"
2025-11-24T15:55:41.065715,/muse/gyro,"[4.314117431640625, -3.72344970703125, 1.936492919921875]"
2025-11-24T15:55:41.189853,/muse/eeg,"[807.0695970695971, 786.1172161172161, 491.978021978022, 815.5311355311355]"
2025-11-24T15:55:41.159894,/muse/eeg,"[776.8498168498169, 789.7435897435897, 700.6959706959707, 803.4432234432235]"
2025-11-24T15:55:41.313159,/muse/eegAux,"[nan, nan, 0.0, 0.0]"
2025-11-24T15:55:41.376063,/muse/eeg,"[788.1318681318681, 779.6703296703297, 675.7142857142858, 792.5641025641025]"
2025-11-24T15:55:41.407400,/muse/eeg,"[858.2417582417582, 801.4285714285714, 725.6776556776557, 831.2454212454213]"
2025-11-24T15:55:41.453055,/muse/gyro,"[1.667327880859375, -2.190704345703125, 2.669219970703125]"
2025-11-24T15:55:41.578288,/muse/eeg,"[806.2637362637363, 793.7728937728938, 543.1501831501831, 802.6373626373627]"
2025-11-24T15:55:41.547926,/muse/gyro,"[1.667327880859375, -2.190704345703125, 2.669219970703125]"
2025-11-24T15:55:41.624382,/muse/eeg,"[799.4139194139194, 805.8608058608058, 532.2710622710623, 806.6666666666667]"
2025-11-24T15:55:41.749992,/muse/eegAux,"[nan, nan, 0.0, 0.0]"
2025-11-24T15:55:41.687707,/muse/eegAux,"[nan, nan, 0.0, 0.0]"
2025-11-24T15:55:41.858789,/muse/eeg,"[706.3369963369963, 763.5531135531136, 476.6666666666667, 732.5274725274726]"
2025-11-24T15:55:41.919928,/muse/eeg,"[813.919413919414, 755.0915750915751, 1037.948717948718, 840.1098901098901]"
2025-11-24T15:55:41.966917,/muse/eeg,"[869.92673992674, 763.956043956044, 874.7619047619048, 855.4212454212454]"
2025-11-24T15:55:42.029781,/muse/eegAux,"[nan, nan, 0.0, 0.0]"
2025-11-24T15:55:42.122283,/muse/elements/delta_relative,"[0.2746357537837285, 0.44708098592520273, 0.26743509587853037, 0.42546658727709147]"
2025-11-24T15:55:42.137329,/muse/eeg,"[864.2857142857143, 813.5164835164835, 794.5787545787546, 803.4432234432235]"
2025-11-24T15:55:42.216156,/muse/elements/gamma_relative,"[0.1547551412927732, 0.06123260221771688, 0.08824965284235554, 0.024606710415360188]"
2025-11-24T15:55:42.262327,/muse/eeg,"[810.2930402930403, 799.4139194139194, 742.1978021978023, 794.1758241758242]"
2025-11-24T15:55:42.308358,/muse/eeg,"[787.3260073260074, 805.8608058608058, 734.945054945055, 814.7252747252747]"
2025-11-24T15:55:42.400725,/muse/eeg,"[788.5347985347986, 792.967032967033, 346.1172161172161, 783.6996336996338]"
2025-11-24T15:55:42.492595,/muse/eeg,"[823.992673992674, 794.1758241758242, 486.3369963369964, 794.981684981685]"
2025-11-24T15:55:42.462824,/muse/eeg,"[782.0879120879121, 778.4615384615385, 915.8608058608058, 797.3992673992674]"
2025-11-24T15:55:42.571558,/muse/elements/alpha_absolute,"[0.37442961734007535, 0.7927287848142245, 0.9472492683000144, 0.8906905827635325]"
2025-11-24T15:55:42.618651,/muse/eeg,"[807.0695970695971, 778.0586080586081, 628.1684981684982, 801.025641025641]"
2025-11-24T15:55:42.682432,/muse/eeg,"[769.5970695970697, 783.2967032967033, 796.5934065934066, 791.7582417582418]"
2025-11-24T15:55:42.775160,/muse/eegAux,"[nan, nan, 0.0, 0.0]"
2025-11-24T15:55:42.821998,/muse/eeg,"[782.893772893773, 763.1501831501831, 406.5567765567766, 796.996336996337]"
2025-11-24T15:55:42.931302,/muse/eeg,"[809.0842490842491, 777.2527472527473, 894.908424908425, 802.6373626373627]"
2025-11-24T15:55:42.884492,/muse/eegAux,"[nan, nan, 0.0, 0.0]"
2025-11-24T15:55:43.025512,/muse/eegAux,"[nan, nan, 0.0, 0.0]"
2025-11-24T15:55:43.072748,/muse/eeg,"[790.952380952381, 786.5201465201466, 492.7838827838828, 799.8168498168499]"
2025-11-24T15:55:43.151208,/muse/eegAux,"[nan, nan, 0.0, 0.0]"
2025-11-24T15:55:43.214295,/muse/gyro,"[2.265472412109375, -4.6356201171875, -4.089813232421875]"
2025-11-24T15:55:43.260167,/muse/gyro,"[2.265472412109375, -4.6356201171875, -4.089813232421875]"
2025-11-24T15:55:43.322004,/muse/drlref,"[1617362.6373626373, 1596410.2564102563]"
2025-11-24T15:55:43.369063,/muse/eeg,"[801.8315018315019, 795.3846153846154, 667.2527472527473, 787.3260073260074]"
2025-11-24T15:55:43.416342,/muse/acc,"[0.116455078125, -0.15985107421875, 0.9896240234375]"
2025-11-24T15:55:43.571880,/muse/drlref,"[1618168.498168498, 1596410.2564102563]"
2025-11-24T15:55:43.632868,/muse/eeg,"[799.4139194139194, 786.1172161172161, 674.9084249084249, 791.3553113553114]"
2025-11-24T15:55:43.601946,/muse/drlref,"[1617362.6373626373, 1596410.2564102563]"
2025-11-24T15:55:43.679926,/muse/gyro,"[7.349700927734375, -2.579498291015625, -6.20574951171875]"
2025-11-24T15:55:43.743531,/muse/eeg,"[778.8644688644689, 788.1318681318681, 748.2417582417582, 794.5787545787546]"
2025-11-24T15:55:43.774133,/muse/gyro,"[2.624359130859375, 3.9776611328125, -2.13836669921875]"
2025-11-24T15:55:43.836612,/muse/gyro,"[1.1663818359375, 4.598236083984375, -1.89910888671875]"
2025-11-24T15:55:43.929403,/muse/acc,"[0.04833984375, -0.15875244140625, 0.986328125]"
2025-11-24T15:55:43.913328,/muse/elements/alpha_absolute,"[0.48661962141472026, 0.45344507435112735, 0.9472492683000144, 0.8141981344510649]"
2025-11-24T15:55:43.991939,/muse/acc,"[0.04547119140625, -0.16046142578125, 0.99688720703125]"
2025-11-24T15:55:44.068327,/muse/gyro,"[-3.491668701171875, 0.231781005859375, -3.60382080078125]"
2025-11-24T15:55:44.131169,/muse/gyro,"[-0.560760498046875, -5.2337646484375, -2.265472412109375]"
2025-11-24T15:55:44.208438,/muse/eegAux,"[nan, nan, 0.0, 0.0]"
2025-11-24T15:55:44.223687,/muse/eeg,"[770.0, 786.5201465201466, 315.4945054945055, 772.8205128205128]"
2025-11-24T15:55:44.253873,/muse/eeg,"[739.7802197802198, 802.2344322344322, 433.1501831501832, 756.3003663003664]"
2025-11-24T15:55:44.410249,/muse/eeg,"[780.4761904761905, 794.5787545787546, 652.7472527472528, 802.2344322344322]"
2025-11-24T15:55:44.456951,/muse/eeg,"[826.4102564102565, 789.7435897435897, 466.1904761904762, 805.8608058608058]"
2025-11-24T15:55:44.316609,/muse/eegAux,"[nan, nan, 0.0, 0.0]"
2025-11-24T15:55:44.580486,/muse/eeg,"[769.1941391941392, 770.0, 628.5714285714286, 801.025641025641]"
2025-11-24T15:55:44.626911,/muse/gyro,"[10.048828125, -3.910369873046875, -1.5850830078125]"
2025-11-24T15:55:44.705702,/muse/eeg,"[780.0732600732601, 792.5641025641025, 550.0, 815.934065934066]"
2025-11-24T15:55:44.814247,/muse/eeg,"[786.5201465201466, 786.1172161172161, 936.8131868131868, 813.5164835164835]"
2025-11-24T15:55:44.891973,/muse/eeg,"[790.952380952381, 797.3992673992674, 590.6959706959707, 795.7875457875458]"
2025-11-24T15:55:44.938072,/muse/eeg,"[804.2490842490843, 778.8644688644689, 642.2710622710623, 790.952380952381]"
2025-11-24T15:55:44.984538,/muse/eeg,"[798.2051282051282, 781.6849816849817, 658.3882783882784, 808.6813186813187]"
2025-11-24T15:55:45.077319,/muse/eegAux,"[nan, nan, 0.0, 0.0]"
2025-11-24T15:55:45.171497,/muse/eegAux,"[nan, nan, 0.0, 0.0]"
2025-11-24T15:55:45.233441,/muse/eeg,"[780.4761904761905, 773.2234432234433, 921.0989010989011, 802.2344322344322]"
2025-11-24T15:55:45.263568,/muse/eeg,"[811.0989010989011, 783.6996336996338, 695.054945054945, 795.7875457875458]"
2025-11-24T15:55:45.356790,/muse/eeg,"[795.7875457875458, 778.0586080586081, 572.1611721611722, 813.5164835164835]"
2025-11-24T15:55:45.418624,/muse/eegAux,"[nan, nan, 0.0, 0.0]"
2025-11-24T15:55:45.494156,/muse/eeg,"[817.1428571428571, 800.2197802197802, 386.4102564102564, 777.6556776556777]"
2025-11-24T15:55:45.587402,/muse/eegAux,"[nan, nan, 0.0, 0.0]"
2025-11-24T15:55:45.664561,/muse/eeg,"[825.2014652014652, 806.2637362637363, 1031.5018315018315, 817.1428571428571]"
2025-11-24T15:55:45.772935,/muse/eegAux,"[nan, nan, 0.0, 0.0]"
2025-11-24T15:55:45.819013,/muse/eeg,"[759.1208791208792, 792.1611721611722, 1014.1758241758242, 770.4029304029305]"
2025-11-24T15:55:45.958824,/muse/eeg,"[816.3369963369963, 785.7142857142858, 280.84249084249086, 811.5018315018315]"
2025-11-24T15:55:45.912380,/muse/eegAux,"[nan, nan, 0.0, 0.0]"
2025-11-24T15:55:46.052391,/muse/eegAux,"[nan, nan, 0.0, 0.0]"
2025-11-24T15:55:46.145464,/muse/eeg,"[780.4761904761905, 773.2234432234433, 338.05860805860806, 804.6520146520147]"
2025-11-24T15:55:46.176342,/muse/eegAux,"[nan, nan, 0.0, 0.0]"
2025-11-24T15:55:46.253962,/muse/eeg,"[775.2380952380953, 770.4029304029305, 516.1538461538462, 811.9047619047619]"
2025-11-24T15:55:46.300221,/muse/eeg,"[787.3260073260074, 786.5201465201466, 729.7069597069598, 795.3846153846154]"
2025-11-24T15:55:46.362120,/muse/eegAux,"[nan, nan, 0.0, 0.0]"
2025-11-24T15:55:46.393323,/muse/eeg,"[788.5347985347986, 752.6739926739926, 227.25274725274727, 803.8461538461539]"
2025-11-24T15:55:46.470475,/muse/eeg,"[806.6666666666667, 767.985347985348, 325.16483516483515, 814.3223443223443]"
2025-11-24T15:55:46.579293,/muse/eeg,"[810.2930402930403, 805.4578754578755, 702.3076923076924, 825.6043956043957]"
2025-11-24T15:55:46.641266,/muse/eeg,"[805.4578754578755, 821.978021978022, 711.1721611721612, 809.4871794871796]"
2025-11-24T15:55:46.702579,/muse/eegAux,"[nan, nan, 0.0, 0.0]"
2025-11-24T15:55:46.796362,/muse/eeg,"[795.3846153846154, 834.4688644688645, 817.948717948718, 795.7875457875458]"
2025-11-24T15:55:46.889205,/muse/eeg,"[818.3516483516484, 840.9157509157509, 759.92673992674, 799.0109890109891]"
2025-11-24T15:55:46.843623,/muse/eeg,"[819.96336996337, 843.7362637362637, 737.3626373626374, 794.5787545787546]"
2025-11-24T15:55:46.936268,/muse/eegAux,"[nan, nan, 0.0, 0.0]"
2025-11-24T15:55:47.013137,/muse/gyro,"[10.983428955078125, -6.347808837890625, -4.59075927734375]"
2025-11-24T15:55:47.216925,/muse/gyro,"[14.198455810546875, -5.031890869140625, -9.069366455078125]"
2025-11-24T15:55:47.264480,/muse/gyro,"[14.093780517578125, -3.99261474609375, -8.49365234375]"
2025-11-24T15:55:47.311155,/muse/acc,"[0.205078125, -0.0216064453125, 0.991943359375]"
2025-11-24T15:55:47.342952,/muse/acc,"[0.21630859375, -0.0155029296875, 0.9957275390625]"
2025-11-24T15:55:47.405478,/muse/acc,"[0.21630859375, -0.0155029296875, 0.9957275390625]"
2025-11-24T15:55:47.451230,/muse/eeg,"[801.025641025641, 796.996336996337, 825.6043956043957, 799.0109890109891]"
2025-11-24T15:55:47.529419,/muse/eeg,"[790.1465201465202, 796.5934065934066, 496.8131868131868, 793.7728937728938]"
2025-11-24T15:55:47.544462,/muse/eeg,"[791.7582417582418, 785.3113553113553, 715.2014652014652, 803.4432234432235]"
2025-11-24T15:55:47.575841,/muse/eegAux,"[nan, nan, 0.0, 0.0]"
2025-11-24T15:55:47.654005,/muse/eeg,"[788.1318681318681, 801.4285714285714, 671.2820512820513, 803.8461538461539]"
2025-11-24T15:55:47.746988,/muse/eeg,"[797.8021978021978, 790.5494505494506, 663.6263736263736, 794.5787545787546]"
2025-11-24T15:55:47.794239,/muse/gyro,"[1.7047119140625, -1.6448974609375, 0.560760498046875]"
2025-11-24T15:55:47.825612,/muse/eeg,"[826.8131868131868, 782.0879120879121, 720.4395604395604, 803.040293040293]"
2025-11-24T15:55:47.950394,/muse/eeg,"[794.981684981685, 759.5238095238095, 717.6190476190476, 813.5164835164835]"
2025-11-24T15:55:48.043781,/muse/acc,"[0.116943359375, -0.016357421875, 1.00439453125]"
2025-11-24T15:55:48.059458,/muse/acc,"[0.1231689453125, -0.0177001953125, 1.0042724609375]"
2025-11-24T15:55:47.872415,/muse/eegAux,"[nan, nan, 0.0, 0.0]"
2025-11-24T15:55:48.135806,/muse/eeg,"[758.7179487179487, 767.985347985348, 748.6446886446887, 774.0293040293041]"
2025-11-24T15:55:48.199015,/muse/eegAux,"[nan, nan, 0.0, 0.0]"
2025-11-24T15:55:48.260559,/muse/gyro,"[0.725250244140625, -8.2843017578125, 33.24188232421875]"
2025-11-24T15:55:48.339679,/muse/eeg,"[827.2161172161173, 772.014652014652, 530.2564102564103, 848.1684981684982]"
2025-11-24T15:55:48.417208,/muse/eeg,"[831.6483516483516, 791.3553113553114, 76.55677655677655, 872.3443223443223]"
2025-11-24T15:55:48.448543,/muse/eeg,"[809.4871794871796, 808.2783882783883, 815.1282051282052, 798.6080586080586]"
2025-11-24T15:55:48.495736,/muse/eeg,"[783.6996336996338, 783.6996336996338, 684.5787545787546, 808.2783882783883]"
2025-11-24T15:55:48.558951,/muse/eegAux,"[nan, nan, 0.0, 0.0]"
2025-11-24T15:55:48.605964,/muse/eegAux,"[nan, nan, 0.0, 0.0]"
2025-11-24T15:55:48.683467,/muse/eeg,"[761.1355311355312, 782.0879120879121, 947.2893772893773, 799.4139194139194]"
2025-11-24T15:55:48.744749,/muse/eegAux,"[nan, nan, 0.0, 0.0]"
2025-11-24T15:55:48.807628,/muse/eeg,"[736.959706959707, 777.2527472527473, 936.4102564102565, 798.6080586080586]"
2025-11-24T15:55:48.901549,/muse/gyro,"[2.968292236328125, 1.1962890625, 40.50933837890625]"
2025-11-24T15:55:48.948423,/muse/elements/alpha_relative,"[0.2204780439058355, 0.21095227115740942, 0.23952359640232274, 0.2020276159141098]"
2025-11-24T15:55:48.995328,/muse/eeg,"[755.8974358974359, 774.4322344322345, 798.2051282051282, 781.2820512820513]"
2025-11-24T15:55:49.042246,/muse/eegAux,"[nan, nan, 0.0, 0.0]"
2025-11-24T15:55:49.152386,/muse/acc,"[-0.043701171875, -0.18121337890625, 0.98626708984375]"
2025-11-24T15:55:49.199628,/muse/acc,"[-0.043701171875, -0.18121337890625, 0.98626708984375]"
2025-11-24T15:55:49.276983,/muse/acc,"[-0.043701171875, -0.18121337890625, 0.98626708984375]"
2025-11-24T15:55:49.338815,/muse/eegAux,"[nan, nan, 0.0, 0.0]"
2025-11-24T15:55:49.385460,/muse/eeg,"[778.4615384615385, 805.8608058608058, 400.5128205128205, 810.2930402930403]"
2025-11-24T15:55:49.323340,/muse/eeg,"[778.4615384615385, 805.8608058608058, 400.5128205128205, 810.2930402930403]"
2025-11-24T15:55:49.416787,/muse/eegAux,"[nan, nan, 0.0, 0.0]"
2025-11-24T15:55:49.508726,/muse/eeg,"[778.4615384615385, 805.8608058608058, 400.5128205128205, 810.2930402930403]"
2025-11-24T15:55:49.571128,/muse/eeg,"[781.2820512820513, 805.054945054945, 585.4578754578755, 776.4468864468864]"
2025-11-24T15:55:49.555995,/muse/eeg,"[712.7838827838829, 768.7912087912088, 612.0512820512821, 781.6849816849817]"
2025-11-24T15:55:49.602113,/muse/eegAux,"[nan, nan, 0.0, 0.0]"
2025-11-24T15:55:49.758150,/muse/eeg,"[801.025641025641, 824.7985347985348, 520.1831501831502, 834.8717948717949]"
2025-11-24T15:55:49.820981,/muse/acc,"[0.087646484375, -0.2808837890625, 0.95416259765625]"
2025-11-24T15:55:49.867215,/muse/drlref,"[1617362.6373626373, 1596410.2564102563]"
2025-11-24T15:55:49.881961,/muse/eeg,"[806.2637362637363, 819.96336996337, 622.5274725274726, 806.2637362637363]"
2025-11-24T15:55:49.913620,/muse/elements/gamma_relative,"[0.08515677751107303, 0.013936945730255647, 0.08824965284235554, 0.3312865503373741]"
2025-11-24T15:55:49.975965,/muse/acc,"[0.05902099609375, -0.2969970703125, 0.96405029296875]"
2025-11-24T15:55:50.053745,/muse/elements/alpha_absolute,"[1.0588608018650147, 0.8790432485711233, 0.9472492683000144, 1.1919182846462593]"
2025-11-24T15:55:50.115362,/muse/gyro,"[2.91595458984375, -1.5252685546875, 2.160797119140625]"
2025-11-24T15:55:50.177858,/muse/gyro,"[2.2430419921875, -1.854248046875, 2.370147705078125]"
2025-11-24T15:55:50.270709,/muse/eegAux,"[nan, nan, 0.0, 0.0]"
2025-11-24T15:55:50.332983,/muse/gyro,"[2.863616943359375, -0.73272705078125, -1.846771240234375]"
2025-11-24T15:55:50.394578,/muse/eeg,"[817.948717948718, 801.025641025641, 607.2161172161173, 775.6410256410256]"
2025-11-24T15:55:50.473119,/muse/elements/theta_relative,"[0.1452054057790213, 0.321291439779216, 0.14327643941486778, 0.10715024947125813]"
2025-11-24T15:55:50.566072,/muse/eeg,"[821.1721611721612, 797.8021978021978, 926.3369963369963, 773.6263736263736]"
2025-11-24T15:55:50.612821,/muse/gyro,"[5.899200439453125, 0.46356201171875, -3.835601806640625]"
2025-11-24T15:55:50.706262,/muse/eeg,"[826.4102564102565, 799.8168498168499, 294.94505494505495, 805.8608058608058]"
2025-11-24T15:55:50.767505,/muse/gyro,"[9.159088134765625, -2.699127197265625, -6.878662109375]"
2025-11-24T15:55:50.875217,/muse/eeg,"[807.8754578754579, 790.1465201465202, 778.0586080586081, 809.8901098901099]"
2025-11-24T15:55:50.937053,/muse/eeg,"[801.025641025641, 806.2637362637363, 864.2857142857143, 763.1501831501831]"
2025-11-24T15:55:50.983994,/muse/acc,"[0.04888916015625, -0.26141357421875, 0.96368408203125]"
2025-11-24T15:55:51.046147,/muse/eeg,"[802.2344322344322, 782.4908424908425, 636.2271062271062, 831.6483516483516]"
2025-11-24T15:55:51.139628,/muse/eeg,"[792.967032967033, 786.9230769230769, 692.6373626373627, 810.6959706959707]"
2025-11-24T15:55:51.282097,/muse/eeg,"[811.0989010989011, 803.040293040293, 866.7032967032967, 787.7289377289378]"
2025-11-24T15:55:51.329299,/muse/elements/alpha_absolute,"[1.0588608018650147, 0.3231759012997203, 0.9472492683000144, 1.1879700308594696]"
2025-11-24T15:55:51.360014,/muse/eeg,"[792.1611721611722, 767.1794871794872, 616.886446886447, 809.4871794871796]"
2025-11-24T15:55:51.515812,/muse/eeg,"[779.6703296703297, 789.3406593406594, 860.6593406593407, 779.6703296703297]"
2025-11-24T15:55:51.437412,/muse/gyro,"[1.921539306640625, -2.87109375, -0.755157470703125]"
2025-11-24T15:55:51.610635,/muse/eegAux,"[nan, nan, 0.0, 0.0]"
2025-11-24T15:55:51.673201,/muse/eeg,"[782.893772893773, 778.8644688644689, 911.0256410256411, 791.7582417582418]"
2025-11-24T15:55:51.812013,/muse/elements/alpha_absolute,"[0.7344564739129441, 0.36655905993001225, 0.9472492683000144, 1.223746045506704]"
2025-11-24T15:55:51.843449,/muse/eeg,"[782.0879120879121, 768.3882783882784, 1027.0695970695972, 788.1318681318681]"
2025-11-24T15:55:51.873797,/muse/eeg,"[786.1172161172161, 780.0732600732601, 642.2710622710623, 777.6556776556777]"
2025-11-24T15:55:51.904914,/muse/drlref,"[1617362.6373626373, 1596410.2564102563]"
2025-11-24T15:55:51.966213,/muse/drlref,"[1617362.6373626373, 1596410.2564102563]"
2025-11-24T15:55:52.090031,/muse/eeg,"[806.6666666666667, 775.6410256410256, 1176.5567765567766, 761.941391941392]"
2025-11-24T15:55:52.058728,/muse/gyro,"[-3.409423828125, -2.145843505859375, 11.76849365234375]"
2025-11-24T15:55:52.136804,/muse/gyro,"[2.519683837890625, -2.55706787109375, 1.5850830078125]"
2025-11-24T15:55:52.198774,/muse/drlref,"[1617362.6373626373, 1596410.2564102563]"
2025-11-24T15:55:52.229833,/muse/eeg,"[804.2490842490843, 770.8058608058608, 1043.5897435897436, 790.5494505494506]"
2025-11-24T15:55:52.352777,/muse/eegAux,"[nan, nan, 0.0, 0.0]"
2025-11-24T15:55:52.414090,/muse/gyro,"[1.592559814453125, -1.136474609375, -1.62994384765625]"
2025-11-24T15:55:52.445368,/muse/gyro,"[-0.07476806640625, 0.082244873046875, -0.411224365234375]"
2025-11-24T15:55:52.598104,/muse/elements/delta_relative,"[0.2590396095678697, 0.25030391754819453, 0.26743509587853037, 0.046389500521672546]"
2025-11-24T15:55:52.521883,/muse/gyro,"[-3.4991455078125, 1.263580322265625, -0.426177978515625]"
2025-11-24T15:55:52.675799,/muse/elements/alpha_absolute,"[0.7344564739129441, 0.436360621831538, 0.9472492683000144, 1.0202435916344137]"
2025-11-24T15:55:52.769334,/muse/gyro,"[-1.30096435546875, 0.590667724609375, 1.03179931640625]"
2025-11-24T15:55:52.830474,/muse/eeg,"[807.8754578754579, 774.0293040293041, 451.28205128205127, 790.1465201465202]"
2025-11-24T15:55:52.908711,/muse/eeg,"[757.5091575091575, 774.8351648351648, 900.5494505494506, 809.8901098901099]"
2025-11-24T15:55:53.032815,/muse/gyro,"[-1.71966552734375, -2.504730224609375, 2.34771728515625]"
2025-11-24T15:55:53.048509,/muse/eeg,"[817.5457875457876, 782.4908424908425, 1331.2820512820513, 790.952380952381]"
2025-11-24T15:55:53.172339,/muse/eegAux,"[nan, nan, 0.0, 0.0]"
2025-11-24T15:55:53.264373,/muse/acc,"[-0.0045166015625, -0.38531494140625, 0.93377685546875]"
2025-11-24T15:55:53.342726,/muse/gyro,"[-1.31591796875, -3.551483154296875, 5.330963134765625]"
2025-11-24T15:55:53.419442,/muse/eeg,"[815.1282051282052, 784.9084249084249, 1112.8937728937728, 768.7912087912088]"
2025-11-24T15:55:53.496248,/muse/eegAux,"[nan, nan, 0.0, 0.0]"
2025-11-24T15:55:53.573017,/muse/eeg,"[803.040293040293, 774.8351648351648, 1123.3699633699634, 801.8315018315019]"
2025-11-24T15:55:53.651242,/muse/eegAux,"[nan, nan, 0.0, 0.0]"
2025-11-24T15:55:53.805107,/muse/gyro,"[3.656158447265625, 0.95703125, 0.874786376953125]"
2025-11-24T15:55:53.918179,/muse/gyro,"[3.925323486328125, -3.21502685546875, 2.04864501953125]"
2025-11-24T15:55:53.965115,/muse/eeg,"[786.9230769230769, 778.0586080586081, 892.893772893773, 841.7216117216118]"
2025-11-24T15:55:54.087830,/muse/elements/alpha_absolute,"[0.6072287174480523, 0.4655316348671601, 0.9472492683000144, 1.1540500699918776]"
2025-11-24T15:55:54.150645,/muse/eeg,"[807.0695970695971, 783.6996336996338, 1160.8424908424909, 765.5677655677656]"
2025-11-24T15:55:54.197966,/muse/gyro,"[4.88983154296875, -1.62994384765625, 0.2392578125]"
2025-11-24T15:55:54.245533,/muse/gyro,"[2.504730224609375, -4.687957763671875, 2.340240478515625]"
2025-11-24T15:55:54.307211,/muse/eeg,"[795.7875457875458, 796.1904761904763, 1249.4871794871794, 788.1318681318681]"
2025-11-24T15:55:54.352771,/muse/gyro,"[8.187103271484375, -1.607513427734375, 1.592559814453125]"
2025-11-24T15:55:54.413963,/muse/gyro,"[8.964691162109375, -0.964508056640625, 2.55706787109375]"
2025-11-24T15:55:54.492888,/muse/eeg,"[792.967032967033, 794.981684981685, 1010.1465201465202, 826.4102564102565]"
2025-11-24T15:55:54.538655,/muse/eeg,"[793.7728937728938, 777.6556776556777, 1080.2564102564104, 775.6410256410256]"
2025-11-24T15:55:54.569927,/muse/eegAux,"[nan, nan, 0.0, 0.0]"
2025-11-24T15:55:54.647128,/muse/gyro,"[11.9329833984375, -0.979461669921875, 1.86920166015625]"
2025-11-24T15:55:54.709140,/muse/eeg,"[798.6080586080586, 793.7728937728938, 744.2124542124542, 789.7435897435897]"
2025-11-24T15:55:54.802184,/muse/elements/alpha_absolute,"[0.6350585414100341, 0.5907468849801286, 0.9472492683000144, 1.304641020895898]"
2025-11-24T15:55:54.756327,/muse/eeg,"[808.2783882783883, 779.2673992673992, 1004.5054945054945, 823.5897435897436]"
2025-11-24T15:55:54.928093,/muse/eeg,"[798.6080586080586, 790.5494505494506, 990.4029304029305, 792.5641025641025]"
2025-11-24T15:55:54.849372,/muse/gyro,"[5.18890380859375, -5.443115234375, 0.485992431640625]"
2025-11-24T15:55:54.990311,/muse/eegAux,"[nan, nan, 0.0, 0.0]"
2025-11-24T15:55:55.099481,/muse/eeg,"[688.6080586080586, 839.3040293040293, 959.7802197802198, 638.2417582417582]"
2025-11-24T15:55:55.161089,/muse/eeg,"[699.0842490842491, 873.1501831501831, 713.1868131868132, 651.5384615384615]"
2025-11-24T15:55:55.221870,/muse/gyro,"[10.355377197265625, -0.530853271484375, -8.314208984375]"
2025-11-24T15:55:55.315182,/muse/eeg,"[862.6739926739926, 786.5201465201466, 967.8388278388279, 871.5384615384615]"
2025-11-24T15:55:55.252435,/muse/eegAux,"[nan, nan, 0.0, 0.0]"
2025-11-24T15:55:55.408847,/muse/elements/beta_absolute,"[0.4571725299387398, 0.5277505226028686, 0.9853979264338821, 1.4856109693801616]"
2025-11-24T15:55:55.485559,/muse/eeg,"[786.9230769230769, 763.5531135531136, 610.4395604395604, 802.6373626373627]"
2025-11-24T15:55:55.517017,/muse/elements/beta_absolute,"[0.4497572807464916, 0.5330591565135459, 0.9853979264338821, 1.4946668407486703]"
2025-11-24T15:55:55.609506,/muse/gyro,"[3.072967529296875, -7.05810546875, 3.043060302734375]"
2025-11-24T15:55:55.579065,/muse/eegAux,"[nan, nan, 0.0, 0.0]"
2025-11-24T15:55:55.672629,/muse/eegAux,"[nan, nan, 0.0, 0.0]"
2025-11-24T15:55:55.750303,/muse/eegAux,"[nan, nan, 0.0, 0.0]"
2025-11-24T15:55:55.704017,/muse/eeg,"[775.6410256410256, 759.1208791208792, 745.8241758241759, 781.6849816849817]"
2025-11-24T15:55:55.858062,/muse/elements/alpha_absolute,"[0.587659615873867, 0.1832591266928874, 0.9472492683000144, 0.8157771987362388]"
2025-11-24T15:55:55.918653,/muse/gyro,"[7.29736328125, -3.013153076171875, 6.77398681640625]"
2025-11-24T15:55:55.948573,/muse/eeg,"[793.3699633699634, 802.6373626373627, 1164.871794871795, 781.6849816849817]"
2025-11-24T15:55:55.995093,/muse/elements/beta_absolute,"[0.4481063507847039, 0.5525881113002916, 0.9853979264338821, 1.5771161540608911]"
2025-11-24T15:55:56.042596,/muse/gyro,"[3.028106689453125, -9.248809814453125, -1.831817626953125]"
2025-11-24T15:55:56.089749,/muse/eeg,"[801.025641025641, 790.952380952381, 485.9340659340659, 801.025641025641]"
2025-11-24T15:55:56.120161,/muse/eeg,"[803.040293040293, 809.4871794871796, 574.5787545787546, 811.5018315018315]"
2025-11-24T15:55:56.182465,/muse/elements/gamma_absolute,"[0.4939338974581456, 0.23052699664209894, 0.5136139700309592, 1.5081858163358142]"
2025-11-24T15:55:56.244303,/muse/eeg,"[842.9304029304029, 817.1428571428571, 897.3260073260074, 753.8827838827839]"
2025-11-24T15:55:56.321526,/muse/eeg,"[802.2344322344322, 798.2051282051282, 572.967032967033, 807.8754578754579]"
2025-11-24T15:55:56.384755,/muse/gyro,"[11.484375, -10.0787353515625, -38.5504150390625]"
2025-11-24T15:55:56.493083,/muse/acc,"[0.2403564453125, -0.14447021484375, 1.0609130859375]"
2025-11-24T15:55:56.540032,/muse/acc,"[0.2113037109375, -0.13226318359375, 1.044189453125]"
2025-11-24T15:55:56.586512,/muse/drlref,"[1618168.498168498, 1596410.2564102563]"
2025-11-24T15:55:56.646352,/muse/elements/beta_relative,"[0.08594901094118033, 0.34880149367344865, 0.2615152154619236, 0.2981047805052962]"
2025-11-24T15:55:56.722807,/muse/eeg,"[779.2673992673992, 793.3699633699634, 1025.0549450549452, 786.5201465201466]"
2025-11-24T15:55:56.769725,/muse/drlref,"[1617362.6373626373, 1596410.2564102563]"
2025-11-24T15:55:56.832696,/muse/eeg,"[795.7875457875458, 803.8461538461539, 904.981684981685, 792.1611721611722]"
2025-11-24T15:55:56.847621,/muse/elements/alpha_absolute,"[0.587659615873867, 0.0653684736175886, 0.9472492683000144, 0.8959922294206443]"
2025-11-24T15:55:56.894631,/muse/eegAux,"[nan, nan, 0.0, 0.0]"
2025-11-24T15:55:56.972155,/muse/gyro,"[6.17584228515625, -5.600128173828125, -7.117919921875]"
2025-11-24T15:55:57.078948,/muse/eeg,"[785.7142857142858, 790.1465201465202, 718.021978021978, 809.8901098901099]"
2025-11-24T15:55:57.002279,/muse/eeg,"[807.8754578754579, 772.014652014652, 922.3076923076924, 825.2014652014652]"
2025-11-24T15:55:57.132644,/muse/gyro,"[4.94964599609375, -2.6617431640625, 4.56085205078125]"
2025-11-24T15:55:57.237177,/muse/drlref,"[1617362.6373626373, 1596410.2564102563]"
2025-11-24T15:55:57.299757,/muse/drlref,"[1618168.498168498, 1596410.2564102563]"
2025-11-24T15:55:57.361409,/muse/eeg,"[787.7289377289378, 773.2234432234433, 780.0732600732601, 788.5347985347986]"
2025-11-24T15:55:57.438947,/muse/eeg,"[802.2344322344322, 788.1318681318681, 624.5421245421246, 790.1465201465202]"
2025-11-24T15:55:57.469843,/muse/eegAux,"[nan, nan, 0.0, 0.0]"
2025-11-24T15:55:57.516780,/muse/gyro,"[5.031890869140625, -3.289794921875, 5.33843994140625]"
2025-11-24T15:55:57.578246,/muse/eeg,"[802.6373626373627, 788.5347985347986, 750.2564102564103, 792.967032967033]"
2025-11-24T15:55:57.593672,/muse/drlref,"[1618168.498168498, 1596410.2564102563]"
2025-11-24T15:55:57.656057,/muse/elements/gamma_absolute,"[0.10673789203344322, 0.008156716880854223, 0.5136139700309592, 0.8539438489076187]"
2025-11-24T15:55:57.671956,/muse/elements/alpha_relative,"[0.30190559687618307, 0.23503677820319585, 0.23952359640232274, 0.23577690457767733]"
2025-11-24T15:55:57.734981,/muse/elements/beta_relative,"[0.07452940419148783, 0.09818287758082848, 0.2615152154619236, 0.24264481681722033]"
2025-11-24T15:55:57.796938,/muse/gyro,"[5.106658935546875, -4.149627685546875, 3.626251220703125]"
2025-11-24T15:55:57.828360,/muse/acc,"[0.20367431640625, -0.09735107421875, 0.9866943359375]"
2025-11-24T15:55:57.873887,/muse/acc,"[0.20367431640625, -0.09735107421875, 0.9866943359375]"
2025-11-24T15:55:57.905674,/muse/acc,"[0.20367431640625, -0.09735107421875, 0.9866943359375]"
2025-11-24T15:55:58.029751,/muse/acc,"[0.19482421875, -0.10595703125, 0.973388671875]"
2025-11-24T15:55:57.982593,/muse/eeg,"[801.025641025641, 795.7875457875458, 220.80586080586082, 797.3992673992674]"
2025-11-24T15:55:58.139304,/muse/acc,"[0.2059326171875, -0.1021728515625, 0.98431396484375]"
2025-11-24T15:55:58.092615,/muse/acc,"[0.20263671875, -0.10137939453125, 0.9776611328125]"
2025-11-24T15:55:58.170775,/muse/eeg,"[806.2637362637363, 795.3846153846154, 498.02197802197804, 771.6117216117216]"
2025-11-24T15:55:58.201751,/muse/eeg,"[790.5494505494506, 797.8021978021978, 634.2124542124542, 776.8498168498169]"
2025-11-24T15:55:58.278932,/muse/eeg,"[798.2051282051282, 791.7582417582418, 703.1135531135532, 800.2197802197802]"
2025-11-24T15:55:58.310372,/muse/eeg,"[790.1465201465202, 786.9230769230769, 504.46886446886447, 799.4139194139194]"
2025-11-24T15:55:58.388433,/muse/eegAux,"[nan, nan, 0.0, 0.0]"
2025-11-24T15:55:58.451218,/muse/eeg,"[796.1904761904763, 788.9377289377289, 878.3882783882784, 812.3076923076924]"
2025-11-24T15:55:58.561309,/muse/gyro,"[4.5758056640625, -4.85992431640625, 3.117828369140625]"
2025-11-24T15:55:58.686042,/muse/gyro,"[4.3963623046875, -4.852447509765625, 3.745880126953125]"
2025-11-24T15:55:58.640036,/muse/eeg,"[783.2967032967033, 784.1025641025641, 768.7912087912088, 790.5494505494506]"
2025-11-24T15:55:58.749238,/muse/gyro,"[4.5159912109375, -3.63372802734375, 4.306640625]"
2025-11-24T15:55:58.780063,/muse/elements/alpha_absolute,"[1.365709282792307, 0.8660415763897413, 0.9472492683000144, 1.0160800915093646]"
2025-11-24T15:55:58.811453,/muse/elements/beta_absolute,"[0.6666525305987933, 0.4674409535591762, 0.9853979264338821, 0.8360431485187095]"
2025-11-24T15:55:58.872891,/muse/gyro,"[4.972076416015625, -0.59814453125, 5.14404296875]"
2025-11-24T15:55:58.841517,/muse/eeg,"[802.2344322344322, 784.5054945054945, 836.886446886447, 818.7545787545788]"
2025-11-24T15:55:58.934897,/muse/gyro,"[5.854339599609375, -0.007476806640625, 6.3104248046875]"
2025-11-24T15:55:59.010579,/muse/gyro,"[5.854339599609375, -0.007476806640625, 6.3104248046875]"
2025-11-24T15:55:59.073052,/muse/eeg,"[804.2490842490843, 787.3260073260074, 400.5128205128205, 796.1904761904763]"
2025-11-24T15:55:59.104436,/muse/eegAux,"[nan, nan, 0.0, 0.0]"
2025-11-24T15:55:59.151522,/muse/eeg,"[796.5934065934066, 782.893772893773, 652.3443223443223, 792.1611721611722]"
2025-11-24T15:55:59.246015,/muse/eeg,"[794.5787545787546, 767.1794871794872, 602.7838827838827, 811.5018315018315]"
2025-11-24T15:55:59.261661,/muse/eeg,"[790.1465201465202, 786.1172161172161, 742.1978021978023, 797.8021978021978]"
2025-11-24T15:55:59.339709,/muse/eeg,"[768.3882783882784, 765.9706959706959, 989.1941391941392, 784.1025641025641]"
2025-11-24T15:55:59.480395,/muse/elements/alpha_absolute,"[0.7646318498228275, 0.6248115446326141, 0.9472492683000144, 0.9154508195376619]"
2025-11-24T15:55:59.558800,/muse/eeg,"[787.7289377289378, 769.1941391941392, 823.5897435897436, 791.3553113553114]"
2025-11-24T15:55:59.606249,/muse/eegAux,"[nan, nan, 0.0, 0.0]"
2025-11-24T15:55:59.668185,/muse/elements/gamma_absolute,"[0.04446952901666384, -0.052023889687335303, 0.5136139700309592, 0.37088821407645767]"
2025-11-24T15:55:59.698188,/muse/elements/alpha_relative,"[0.35112069662921935, 0.23444406535914705, 0.23952359640232274, 0.3815277554068666]"
2025-11-24T15:55:59.713632,/muse/eeg,"[863.8827838827839, 793.3699633699634, 311.06227106227107, 859.8534798534798]"
2025-11-24T15:55:59.729399,/muse/eeg,"[875.9706959706959, 780.0732600732601, 559.2673992673992, 848.974358974359]"
2025-11-24T15:55:59.775893,/muse/eegAux,"[nan, nan, 0.0, 0.0]"
2025-11-24T15:55:59.853638,/muse/eegAux,"[nan, nan, 0.0, 0.0]"
2025-11-24T15:55:59.930846,/muse/eeg,"[836.0805860805862, 723.6630036630037, 586.6666666666666, 839.7069597069598]"
2025-11-24T15:55:59.991529,/muse/eegAux,"[nan, nan, 0.0, 0.0]"
2025-11-24T15:56:00.116489,/muse/eeg,"[836.0805860805862, 723.6630036630037, 586.6666666666666, 839.7069597069598]"
2025-11-24T15:56:00.178417,/muse/eegAux,"[nan, nan, 0.0, 0.0]"
2025-11-24T15:56:00.303897,/muse/elements/alpha_absolute,"[0.9557708950555202, 0.514250795032101, 0.9472492683000144, 0.8827221112849449]"
2025-11-24T15:56:00.257306,/muse/drlref,"[1617362.6373626373, 1596410.2564102563]"
2025-11-24T15:56:00.365991,/muse/eeg,"[789.7435897435897, 801.025641025641, 724.0659340659341, 786.5201465201466]"
2025-11-24T15:56:00.443654,/muse/eeg,"[808.2783882783883, 776.8498168498169, 549.1941391941392, 805.4578754578755]"
2025-11-24T15:56:00.505328,/muse/eegAux,"[nan, nan, 0.0, 0.0]"
2025-11-24T15:56:00.552561,/muse/eeg,"[814.7252747252747, 782.0879120879121, 513.3333333333334, 799.4139194139194]"
2025-11-24T15:56:00.567868,/muse/eeg,"[805.4578754578755, 795.7875457875458, 826.4102564102565, 806.2637362637363]"
2025-11-24T15:56:00.676363,/muse/eeg,"[798.6080586080586, 767.985347985348, 499.2307692307692, 796.1904761904763]"
2025-11-24T15:56:00.724293,/muse/eeg,"[784.5054945054945, 776.0439560439561, 658.7912087912088, 782.4908424908425]"
2025-11-24T15:56:00.801522,/muse/gyro,"[15.529327392578125, -9.338531494140625, -6.153411865234375]"
2025-11-24T15:56:00.847987,/muse/eeg,"[692.2344322344322, 773.2234432234433, 1568.2051282051282, 820.3663003663004]"
2025-11-24T15:56:00.863169,/muse/eegAux,"[nan, nan, 0.0, 0.0]"
2025-11-24T15:56:00.939778,/muse/gyro,"[0.246734619140625, 1.68975830078125, -10.938568115234375]"
2025-11-24T15:56:01.048055,/muse/eeg,"[856.6300366300367, 814.7252747252747, 538.3150183150183, 819.1575091575091]"
2025-11-24T15:56:01.127244,/muse/eegAux,"[nan, nan, 0.0, 0.0]"
2025-11-24T15:56:01.219978,/muse/acc,"[-0.10028076171875, 0.2867431640625, 0.96759033203125]"
2025-11-24T15:56:01.266455,/muse/eeg,"[813.5164835164835, 801.025641025641, 836.4835164835165, 786.1172161172161]"
2025-11-24T15:56:01.327028,/muse/acc,"[-0.0919189453125, 0.2352294921875, 0.99835205078125]"
2025-11-24T15:56:01.388343,/muse/acc,"[-0.0919189453125, 0.2352294921875, 0.99835205078125]"
2025-11-24T15:56:01.435982,/muse/eegAux,"[nan, nan, 0.0, 0.0]"
2025-11-24T15:56:01.498216,/muse/gyro,"[-10.848846435546875, -16.37420654296875, 0.336456298828125]"
2025-11-24T15:56:01.575405,/muse/eeg,"[783.6996336996338, 769.5970695970697, 951.3186813186813, 778.0586080586081]"
2025-11-24T15:56:01.636725,/muse/eeg,"[717.2161172161173, 791.7582417582418, 581.4285714285714, 745.8241758241759]"
2025-11-24T15:56:01.684215,/muse/eegAux,"[nan, nan, 0.0, 0.0]"
2025-11-24T15:56:01.763570,/muse/eeg,"[817.5457875457876, 803.040293040293, 698.6813186813187, 800.2197802197802]"
2025-11-24T15:56:01.810445,/muse/eeg,"[777.6556776556777, 767.5824175824176, 539.5238095238095, 788.5347985347986]"
2025-11-24T15:56:01.872157,/muse/eeg,"[820.3663003663004, 775.6410256410256, 559.6703296703297, 815.5311355311355]"
2025-11-24T15:56:01.918945,/muse/eegAux,"[nan, nan, 0.0, 0.0]"
2025-11-24T15:56:01.934697,/muse/eeg,"[776.4468864468864, 794.981684981685, 242.96703296703296, 784.9084249084249]"
2025-11-24T15:56:02.027141,/muse/eegAux,"[nan, nan, 0.0, 0.0]"
2025-11-24T15:56:02.150395,/muse/eeg,"[857.032967032967, 773.6263736263736, 743.0036630036631, 786.5201465201466]"

2025-11-24T15:56:02.198226,/muse/eegAux,"[nan, nan, 0.0, 0.0]"
2025-11-24T15:56:02.260344,/muse/eeg,"[875.5677655677656, 799.4139194139194, 767.5824175824176, 793.7728937728938]"
2025-11-24T15:56:02.305910,/muse/eegAux,"[nan, nan, 0.0, 0.0]"
2025-11-24T15:56:02.336696,/muse/eeg,"[887.2527472527473, 778.8644688644689, 922.7106227106227, 804.2490842490843]"
2025-11-24T15:56:02.384223,/muse/gyro,"[2.8411865234375, -2.983245849609375, 8.194580078125]"
2025-11-24T15:56:02.446547,/muse/eeg,"[864.6886446886447, 837.6923076923077, 174.8717948717949, 787.7289377289378]"
2025-11-24T15:56:02.493525,/muse/elements/beta_relative,"[0.06955447510832259, 0.12009321568421961, 0.2615152154619236, 0.17112497381943648]"
2025-11-24T15:56:02.555292,/muse/acc,"[0.24114990234375, -0.16522216796875, 0.9857177734375]"
2025-11-24T15:56:02.617897,/muse/acc,"[0.2235107421875, -0.162353515625, 0.963134765625]"
2025-11-24T15:56:02.665475,/muse/eeg,"[770.4029304029305, 813.919413919414, 569.7435897435897, 788.1318681318681]"
2025-11-24T15:56:02.759395,/muse/is_good,"[0.0, 0.0, 0.0, 1.0]"
2025-11-24T15:56:02.868793,/muse/eeg,"[869.92673992674, 786.5201465201466, 867.1062271062272, 810.6959706959707]"
2025-11-24T15:56:02.945715,/muse/eeg,"[781.6849816849817, 789.3406593406594, 836.886446886447, 790.1465201465202]"
2025-11-24T15:56:02.977510,/muse/eeg,"[774.8351648351648, 800.2197802197802, 739.3772893772893, 756.3003663003664]"
2025-11-24T15:56:03.008989,/muse/eegAux,"[nan, nan, 0.0, 0.0]"
2025-11-24T15:56:03.071536,/muse/eeg,"[755.0915750915751, 795.7875457875458, 688.6080586080586, 791.7582417582418]"
2025-11-24T15:56:03.148342,/muse/eeg,"[774.8351648351648, 789.3406593406594, 831.6483516483516, 790.1465201465202]"
2025-11-24T15:56:03.242008,/muse/eegAux,"[nan, nan, 0.0, 0.0]"
2025-11-24T15:56:03.352386,/muse/eeg,"[824.7985347985348, 809.4871794871796, 697.0695970695971, 773.2234432234433]"
2025-11-24T15:56:03.382685,/muse/gyro,"[5.719757080078125, -3.33465576171875, 2.983245849609375]"
2025-11-24T15:56:03.413880,/muse/gyro,"[4.2169189453125, -3.09539794921875, 2.61688232421875]"
2025-11-24T15:56:03.475474,/muse/gyro,"[3.18511962890625, -3.357086181640625, 1.4056396484375]"
2025-11-24T15:56:03.538537,/muse/acc,"[0.194580078125, -0.136962890625, 0.98651123046875]"
2025-11-24T15:56:03.584905,/muse/acc,"[0.175537109375, -0.14373779296875, 0.97625732421875]"
2025-11-24T15:56:03.647259,/muse/eeg,"[816.3369963369963, 764.7619047619048, 899.7435897435897, 809.0842490842491]"
2025-11-24T15:56:03.709448,/muse/eeg,"[761.941391941392, 801.4285714285714, 743.4065934065934, 813.1135531135532]"
2025-11-24T15:56:03.755651,/muse/acc,"[0.1656494140625, -0.14495849609375, 0.97247314453125]"
2025-11-24T15:56:03.818227,/muse/eeg,"[826.4102564102565, 793.3699633699634, 879.5970695970697, 807.0695970695971]"
2025-11-24T15:56:03.833767,/muse/eeg,"[786.9230769230769, 756.7032967032967, 814.3223443223443, 789.7435897435897]"
2025-11-24T15:56:03.926769,/muse/eegAux,"[nan, nan, 0.0, 0.0]"
2025-11-24T15:56:04.005076,/muse/eeg,"[724.8717948717949, 806.2637362637363, 767.5824175824176, 723.6630036630037]"
2025-11-24T15:56:04.082400,/muse/eegAux,"[nan, nan, 0.0, 0.0]"
2025-11-24T15:56:04.160617,/muse/gyro,"[3.24493408203125, -0.418701171875, 2.056121826171875]"
2025-11-24T15:56:04.222888,/muse/eeg,"[869.1208791208792, 774.4322344322345, 720.8424908424909, 871.941391941392]"
2025-11-24T15:56:04.284749,/muse/eeg,"[870.7326007326008, 776.4468864468864, 900.5494505494506, 816.7399267399268]"
2025-11-24T15:56:04.439546,/muse/eeg,"[833.2600732600733, 810.6959706959707, 788.5347985347986, 804.2490842490843]"
2025-11-24T15:56:04.486683,/muse/eeg,"[811.9047619047619, 778.8644688644689, 700.6959706959707, 778.0586080586081]"
2025-11-24T15:56:04.564525,/muse/eeg,"[763.5531135531136, 796.1904761904763, 745.8241758241759, 757.1062271062272]"
2025-11-24T15:56:04.626548,/muse/gyro,"[4.747772216796875, -1.4654541015625, -2.10845947265625]"
2025-11-24T15:56:04.689590,/muse/eeg,"[796.5934065934066, 770.8058608058608, 1074.6153846153848, 788.5347985347986]"
2025-11-24T15:56:04.782647,/muse/eegAux,"[nan, nan, 0.0, 0.0]"
2025-11-24T15:56:04.845735,/muse/eeg,"[826.007326007326, 770.0, 1075.018315018315, 811.0989010989011]"
2025-11-24T15:56:04.907827,/muse/gyro,"[3.409423828125, -5.764617919921875, -7.0281982421875]"
2025-11-24T15:56:04.922877,/muse/eeg,"[875.5677655677656, 787.3260073260074, 1035.128205128205, 831.2454212454213]"
2025-11-24T15:56:04.985559,/muse/eeg,"[863.4798534798535, 797.8021978021978, 656.7765567765568, 811.5018315018315]"
2025-11-24T15:56:05.032871,/muse/eeg,"[819.96336996337, 790.952380952381, 894.908424908425, 802.2344322344322]"
2025-11-24T15:56:05.064269,/muse/eegAux,"[nan, nan, 0.0, 0.0]"
2025-11-24T15:56:05.140662,/muse/eeg,"[800.2197802197802, 791.3553113553114, 1264.3956043956043, 818.3516483516484]"
2025-11-24T15:56:05.186826,/muse/eeg,"[770.8058608058608, 785.7142857142858, 745.8241758241759, 773.6263736263736]"
2025-11-24T15:56:05.281537,/muse/acc,"[0.20361328125, -0.12213134765625, 0.973388671875]"
2025-11-24T15:56:05.328364,/muse/eeg,"[801.8315018315019, 773.2234432234433, 1060.915750915751, 807.4725274725275]"
2025-11-24T15:56:05.374781,/muse/acc,"[0.15869140625, -0.143798828125, 0.96795654296875]"
2025-11-24T15:56:05.451985,/muse/gyro,"[2.908477783203125, -4.463653564453125, 1.9140625]"
2025-11-24T15:56:05.514140,/muse/elements/gamma_absolute,"[0.059653274472844714, 0.173592777641506, 0.5136139700309592, 0.8051476141859751]"
2025-11-24T15:56:05.606720,/muse/eeg,"[829.6336996336996, 784.9084249084249, 13.296703296703297, 764.3589743589744]"
2025-11-24T15:56:05.559879,/muse/eeg,"[751.4652014652015, 765.5677655677656, 921.5018315018315, 776.0439560439561]"
2025-11-24T15:56:05.685583,/muse/acc,"[0.295166015625, -0.127197265625, 0.98822021484375]"
2025-11-24T15:56:05.778873,/muse/eegAux,"[nan, nan, 0.0, 0.0]"
2025-11-24T15:56:05.857029,/muse/eeg,"[786.5201465201466, 767.5824175824176, 1435.6410256410256, 811.5018315018315]"
2025-11-24T15:56:05.997644,/muse/eeg,"[780.0732600732601, 777.6556776556777, 301.7948717948718, 768.3882783882784]"
2025-11-24T15:56:06.059233,/muse/eegAux,"[nan, nan, 0.0, 0.0]"
2025-11-24T15:56:06.168855,/muse/acc,"[0.443359375, -0.11810302734375, 0.9217529296875]"
2025-11-24T15:56:06.215643,/muse/eegAux,"[nan, nan, 0.0, 0.0]"
2025-11-24T15:56:06.105881,/muse/eeg,"[839.3040293040293, 783.6996336996338, 142.63736263736263, 815.934065934066]"
2025-11-24T15:56:06.307220,/muse/elements/alpha_absolute,"[0.9557708950555202, 1.3995814665264072, 0.9472492683000144, 1.127429057239838]"
2025-11-24T15:56:06.337886,/muse/gyro,"[7.962799072265625, 7.91046142578125, 1.24114990234375]"
2025-11-24T15:56:06.415240,/muse/gyro,"[7.962799072265625, 7.91046142578125, 1.24114990234375]"
2025-11-24T15:56:06.492125,/muse/acc,"[0.2999267578125, -0.1173095703125, 0.94586181640625]"
2025-11-24T15:56:06.539481,/muse/eeg,"[726.0805860805862, 792.967032967033, 863.4798534798535, 805.8608058608058]"
2025-11-24T15:56:06.618817,/muse/eeg,"[723.2600732600732, 775.6410256410256, 834.0659340659341, 808.2783882783883]"
2025-11-24T15:56:06.665700,/muse/acc,"[0.23779296875, -0.105224609375, 0.9500732421875]"
2025-11-24T15:56:06.742842,/muse/acc,"[0.23779296875, -0.105224609375, 0.9500732421875]"
2025-11-24T15:56:06.804038,/muse/eegAux,"[nan, nan, 0.0, 0.0]"
2025-11-24T15:56:06.865226,/muse/eeg,"[843.3333333333334, 783.2967032967033, 716.007326007326, 803.4432234432235]"
2025-11-24T15:56:06.927753,/muse/eegAux,"[nan, nan, 0.0, 0.0]"
2025-11-24T15:56:06.973985,/muse/eeg,"[761.941391941392, 778.8644688644689, 1230.5494505494505, 792.5641025641025]"
2025-11-24T15:56:07.049524,/muse/eegAux,"[nan, nan, 0.0, 0.0]"
2025-11-24T15:56:07.081100,/muse/eeg,"[794.981684981685, 790.5494505494506, 598.3516483516484, 834.8717948717949]"
2025-11-24T15:56:07.160222,/muse/eeg,"[796.996336996337, 783.6996336996338, 903.3699633699634, 771.2087912087912]"
2025-11-24T15:56:07.393358,/muse/eegAux,"[nan, nan, 0.0, 0.0]"
2025-11-24T15:56:07.283843,/muse/eegAux,"[nan, nan, 0.0, 0.0]"
2025-11-24T15:56:07.456590,/muse/eeg,"[770.8058608058608, 780.8791208791209, 933.1868131868132, 764.7619047619048]"
2025-11-24T15:56:07.502631,/muse/eeg,"[903.7728937728938, 768.3882783882784, 523.8095238095239, 852.6007326007326]"
2025-11-24T15:56:07.548917,/muse/eegAux,"[nan, nan, 0.0, 0.0]"
2025-11-24T15:56:07.688761,/muse/eeg,"[759.5238095238095, 761.5384615384615, 1172.1245421245421, 819.96336996337]"
2025-11-24T15:56:07.782206,/muse/eeg,"[757.1062271062272, 760.7326007326008, 999.6703296703297, 827.2161172161173]"
2025-11-24T15:56:07.827713,/muse/eegAux,"[nan, nan, 0.0, 0.0]"
2025-11-24T15:56:07.905627,/muse/gyro,"[6.44500732421875, 5.435638427734375, -2.88604736328125]"
2025-11-24T15:56:08.061005,/muse/eeg,"[811.9047619047619, 774.4322344322345, 1087.912087912088, 821.1721611721612]"
2025-11-24T15:56:07.998308,/muse/eeg,"[802.6373626373627, 773.2234432234433, 802.6373626373627, 803.4432234432235]"
2025-11-24T15:56:08.138739,/muse/acc,"[0.2357177734375, -0.1068115234375, 0.97125244140625]"
2025-11-24T15:56:08.170360,/muse/acc,"[0.21063232421875, -0.09912109375, 0.97515869140625]"
2025-11-24T15:56:08.217393,/muse/eeg,"[765.5677655677656, 757.9120879120879, 195.01831501831504, 780.8791208791209]"
2025-11-24T15:56:08.264776,/muse/eeg,"[799.8168498168499, 784.5054945054945, 752.6739926739926, 778.4615384615385]"
2025-11-24T15:56:08.311983,/muse/gyro,"[3.1402587890625, -2.07855224609375, -2.654266357421875]"
2025-11-24T15:56:08.374923,/muse/gyro,"[2.58697509765625, -5.869293212890625, -2.086029052734375]"
2025-11-24T15:56:08.405622,/muse/gyro,"[2.58697509765625, -5.869293212890625, -2.086029052734375]"
2025-11-24T15:56:08.436270,/muse/acc,"[0.1790771484375, -0.1005859375, 0.9920654296875]"
2025-11-24T15:56:08.515118,/muse/eeg,"[821.978021978022, 791.3553113553114, 791.7582417582418, 807.8754578754579]"
2025-11-24T15:56:08.467629,/muse/gyro,"[-2.684173583984375, -12.807769775390625, 3.72344970703125]"
2025-11-24T15:56:08.546544,/muse/eegAux,"[nan, nan, 0.0, 0.0]"
2025-11-24T15:56:08.609333,/muse/eeg,"[693.040293040293, 733.7362637362637, 650.3296703296703, 811.9047619047619]"
2025-11-24T15:56:08.656242,/muse/eeg,"[715.6043956043957, 765.9706959706959, 648.3150183150183, 814.3223443223443]"
2025-11-24T15:56:08.687706,/muse/eeg,"[767.5824175824176, 788.9377289377289, 425.0915750915751, 817.948717948718]"
2025-11-24T15:56:08.765599,/muse/eeg,"[778.0586080586081, 783.6996336996338, 391.64835164835165, 795.7875457875458]"
2025-11-24T15:56:08.860365,/muse/eeg,"[693.4432234432235, 776.8498168498169, 1241.4285714285716, 771.2087912087912]"
2025-11-24T15:56:08.828776,/muse/eeg,"[776.8498168498169, 780.8791208791209, 929.1575091575091, 784.5054945054945]"
2025-11-24T15:56:08.907154,/muse/eeg,"[823.1868131868132, 801.025641025641, 896.1172161172161, 800.6227106227107]"
2025-11-24T15:56:08.953554,/muse/eegAux,"[nan, nan, 0.0, 0.0]"
2025-11-24T15:56:09.032893,/muse/elements/alpha_absolute,"[0.9557708950555202, 0.4582302603725906, 0.9472492683000144, 0.6425001824624529]"
2025-11-24T15:56:09.157667,/muse/gyro,"[4.29168701171875, -5.443115234375, 1.62994384765625]"
2025-11-24T15:56:09.080056,/muse/eeg,"[834.0659340659341, 793.3699633699634, 779.2673992673992, 793.7728937728938]"
2025-11-24T15:56:09.234272,/muse/eeg,"[850.1831501831502, 759.1208791208792, 739.3772893772893, 781.6849816849817]"
2025-11-24T15:56:09.280776,/muse/eeg,"[817.948717948718, 770.0, 1077.838827838828, 794.1758241758242]"
2025-11-24T15:56:09.296743,/muse/eeg,"[807.8754578754579, 776.0439560439561, 959.3772893772895, 819.96336996337]"
2025-11-24T15:56:09.343109,/muse/gyro,"[5.600128173828125, -3.282318115234375, 2.699127197265625]"
2025-11-24T15:56:09.405739,/muse/gyro,"[5.48797607421875, -2.43743896484375, -0.007476806640625]"
2025-11-24T15:56:09.467314,/muse/eeg,"[779.2673992673992, 770.0, 878.7912087912089, 785.3113553113553]"
2025-11-24T15:56:09.514633,/muse/eegAux,"[nan, nan, 0.0, 0.0]"
2025-11-24T15:56:09.576743,/muse/eeg,"[798.6080586080586, 794.5787545787546, 129.74358974358975, 796.5934065934066]"
2025-11-24T15:56:09.623256,/muse/eeg,"[764.3589743589744, 793.3699633699634, 887.2527472527473, 778.4615384615385]"
2025-11-24T15:56:09.670569,/muse/eeg,"[797.3992673992674, 792.1611721611722, 841.7216117216118, 801.4285714285714]"
2025-11-24T15:56:09.748570,/muse/eeg,"[813.919413919414, 790.5494505494506, 805.8608058608058, 791.3553113553114]"
2025-11-24T15:56:09.794402,/muse/eeg,"[786.1172161172161, 793.3699633699634, 526.6300366300367, 787.7289377289378]"
2025-11-24T15:56:09.856543,/muse/drlref,"[1617362.6373626373, 1596410.2564102563]"
2025-11-24T15:56:09.950521,/muse/eegAux,"[nan, nan, 0.0, 0.0]"
2025-11-24T15:56:10.011643,/muse/eeg,"[795.3846153846154, 784.1025641025641, 1330.8791208791208, 779.2673992673992]"
2025-11-24T15:56:10.073884,/muse/gyro,"[-1.77947998046875, -5.390777587890625, 3.790740966796875]"
2025-11-24T15:56:10.167801,/muse/gyro,"[3.69354248046875, -9.0020751953125, 6.98333740234375]"
2025-11-24T15:56:10.214520,/muse/eeg,"[736.5567765567765, 792.5641025641025, 634.2124542124542, 789.7435897435897]"
2025-11-24T15:56:10.245843,/muse/eegAux,"[nan, nan, 0.0, 0.0]"
2025-11-24T15:56:10.307932,/muse/eegAux,"[nan, nan, 0.0, 0.0]"
2025-11-24T15:56:10.355051,/muse/eeg,"[809.4871794871796, 781.6849816849817, 853.4065934065934, 811.9047619047619]"
2025-11-24T15:56:10.432556,/muse/eegAux,"[nan, nan, 0.0, 0.0]"
2025-11-24T15:56:10.463528,/muse/eeg,"[752.2710622710623, 809.4871794871796, 495.6043956043956, 806.2637362637363]"
2025-11-24T15:56:10.509064,/muse/drlref,"[1617362.6373626373, 1596410.2564102563]"
2025-11-24T15:56:10.587161,/muse/eeg,"[837.6923076923077, 768.3882783882784, 1183.8095238095239, 802.2344322344322]"
2025-11-24T15:56:10.650519,/muse/eeg,"[852.1978021978023, 787.3260073260074, 1462.2344322344322, 779.6703296703297]"
2025-11-24T15:56:10.712798,/muse/gyro,"[2.25799560546875, -2.51220703125, -1.996307373046875]"
2025-11-24T15:56:10.775165,/muse/eeg,"[817.1428571428571, 773.6263736263736, 462.967032967033, 809.8901098901099]"
2025-11-24T15:56:10.681143,/muse/elements/alpha_absolute,"[0.9557708950555202, 0.8715884447450817, 0.9472492683000144, 0.9725048407261074]"
2025-11-24T15:56:10.869759,/muse/eeg,"[802.6373626373627, 790.1465201465202, 838.4981684981685, 812.3076923076924]"
2025-11-24T15:56:10.916946,/muse/eeg,"[784.9084249084249, 770.8058608058608, 818.3516483516484, 794.5787545787546]"
2025-11-24T15:56:11.025572,/muse/gyro,"[3.985137939453125, 0.46356201171875, -6.14593505859375]"
2025-11-24T15:56:11.088482,/muse/eeg,"[692.2344322344322, 818.7545787545788, 716.007326007326, 695.8608058608058]"
2025-11-24T15:56:11.166249,/muse/gyro,"[1.24114990234375, 0.964508056640625, 2.2430419921875]"
2025-11-24T15:56:11.228006,/muse/eeg,"[675.7142857142858, 791.7582417582418, 680.952380952381, 732.9304029304029]"
2025-11-24T15:56:11.196908,/muse/eeg,"[822.7838827838829, 766.3736263736264, 1052.4542124542124, 823.992673992674]"
2025-11-24T15:56:11.321273,/muse/gyro,"[-0.11962890625, 2.91595458984375, 4.41131591796875]"
2025-11-24T15:56:11.368540,/muse/gyro,"[-0.291595458984375, 3.409423828125, 2.67669677734375]"
2025-11-24T15:56:11.415288,/muse/eeg,"[853.0036630036631, 802.2344322344322, 875.1648351648352, 843.3333333333334]"
2025-11-24T15:56:11.492539,/muse/eeg,"[829.6336996336996, 760.7326007326008, 1003.2967032967033, 842.9304029304029]"
2025-11-24T15:56:11.462389,/muse/gyro,"[5.5328369140625, 12.119903564453125, -13.89190673828125]"
2025-11-24T15:56:11.523320,/muse/acc,"[0.213623046875, -0.099609375, 0.96881103515625]"
2025-11-24T15:56:11.570328,/muse/eeg,"[734.945054945055, 777.6556776556777, 92.67399267399267, 816.3369963369963]"
2025-11-24T15:56:11.632481,/muse/eeg,"[774.0293040293041, 774.0293040293041, 259.8901098901099, 813.1135531135532]"
2025-11-24T15:56:11.757216,/muse/eeg,"[779.2673992673992, 770.8058608058608, 511.72161172161174, 804.2490842490843]"
2025-11-24T15:56:11.834991,/muse/acc,"[0.15753173828125, -0.080078125, 0.99188232421875]"
2025-11-24T15:56:11.881052,/muse/eeg,"[761.5384615384615, 802.2344322344322, 974.6886446886447, 802.2344322344322]"
2025-11-24T15:56:11.865446,/muse/eegAux,"[nan, nan, 0.0, 0.0]"
2025-11-24T15:56:11.975534,/muse/eeg,"[772.014652014652, 780.4761904761905, 767.1794871794872, 796.996336996337]"
2025-11-24T15:56:12.053203,/muse/gyro,"[4.658050537109375, -4.2169189453125, 3.372039794921875]"
2025-11-24T15:56:12.177498,/muse/eegAux,"[nan, nan, 0.0, 0.0]"
2025-11-24T15:56:12.208829,/muse/eegAux,"[nan, nan, 0.0, 0.0]"
2025-11-24T15:56:12.161753,/muse/eeg,"[778.4615384615385, 777.6556776556777, 965.4212454212454, 781.2820512820513]"
2025-11-24T15:56:12.240299,/muse/eeg,"[818.7545787545788, 791.3553113553114, 581.025641025641, 804.2490842490843]"
2025-11-24T15:56:12.286714,/muse/eegAux,"[nan, nan, 0.0, 0.0]"
2025-11-24T15:56:12.333770,/muse/eeg,"[803.8461538461539, 794.1758241758242, 696.2637362637363, 805.8608058608058]"
2025-11-24T15:56:12.412125,/muse/eeg,"[791.3553113553114, 768.7912087912088, 696.6666666666667, 817.5457875457876]"
2025-11-24T15:56:12.521220,/muse/eegAux,"[nan, nan, 0.0, 0.0]"
2025-11-24T15:56:12.553207,/muse/eegAux,"[nan, nan, 0.0, 0.0]"
2025-11-24T15:56:12.614113,/muse/eeg,"[813.1135531135532, 774.8351648351648, 905.3846153846154, 785.3113553113553]"
2025-11-24T15:56:12.675939,/muse/eegAux,"[nan, nan, 0.0, 0.0]"
2025-11-24T15:56:12.737300,/muse/eeg,"[861.0622710622711, 776.4468864468864, 940.8424908424909, 789.7435897435897]"
2025-11-24T15:56:12.814434,/muse/eeg,"[873.956043956044, 782.4908424908425, 1489.2307692307693, 800.6227106227107]"
2025-11-24T15:56:12.907208,/muse/eegAux,"[nan, nan, 0.0, 0.0]"
2025-11-24T15:56:12.968981,/muse/eeg,"[872.7472527472528, 764.7619047619048, 1625.8241758241759, 804.2490842490843]"
2025-11-24T15:56:13.031269,/muse/eeg,"[841.7216117216118, 771.6117216117216, 608.4249084249085, 802.6373626373627]"
2025-11-24T15:56:13.077227,/muse/drlref,"[1617362.6373626373, 1596410.2564102563]"
2025-11-24T15:56:13.201114,/muse/gyro,"[3.21502685546875, -6.676788330078125, 0.411224365234375]"
2025-11-24T15:56:13.279233,/muse/eeg,"[805.8608058608058, 784.1025641025641, 547.985347985348, 794.5787545787546]"
2025-11-24T15:56:13.295073,/muse/gyro,"[0.620574951171875, -6.706695556640625, 2.086029052734375]"
2025-11-24T15:56:13.342155,/muse/gyro,"[0.31402587890625, -7.155303955078125, 3.745880126953125]"
2025-11-24T15:56:13.373788,/muse/eeg,"[813.5164835164835, 776.4468864468864, 700.6959706959707, 798.2051282051282]"
2025-11-24T15:56:13.420731,/muse/eegAux,"[nan, nan, 0.0, 0.0]"
2025-11-24T15:56:13.483708,/muse/eeg,"[738.974358974359, 760.3296703296703, 669.2673992673992, 738.974358974359]"
2025-11-24T15:56:13.531524,/muse/eeg,"[849.3772893772895, 777.2527472527473, 1150.7692307692307, 810.6959706959707]"
2025-11-24T15:56:13.578918,/muse/eeg,"[829.2307692307693, 775.2380952380953, 1615.7509157509157, 785.7142857142858]"
2025-11-24T15:56:13.609767,/muse/eegAux,"[nan, nan, 0.0, 0.0]"
2025-11-24T15:56:13.671740,/muse/gyro,"[-2.026214599609375, -0.85235595703125, -3.30474853515625]"
2025-11-24T15:56:13.702440,/muse/eeg,"[814.3223443223443, 787.3260073260074, 1010.5494505494506, 827.6190476190476]"
2025-11-24T15:56:13.795583,/muse/eegAux,"[nan, nan, 0.0, 0.0]"
2025-11-24T15:56:13.889833,/muse/eeg,"[789.7435897435897, 789.7435897435897, 599.5604395604396, 801.4285714285714]"
2025-11-24T15:56:13.905632,/muse/eeg,"[754.6886446886447, 772.8205128205128, 189.37728937728937, 802.6373626373627]"
2025-11-24T15:56:13.937108,/muse/elements/theta_absolute,"[1.1752131287681225, 0.892490947571578, 0.7240757446562845, 1.1877388782155351]"
2025-11-24T15:56:13.999593,/muse/eeg,"[761.5384615384615, 792.5641025641025, 1518.6446886446886, 790.952380952381]"
2025-11-24T15:56:14.076625,/muse/eeg,"[814.7252747252747, 808.6813186813187, 1627.838827838828, 793.3699633699634]"
2025-11-24T15:56:14.061546,/muse/eeg,"[815.5311355311355, 803.8461538461539, 1625.4212454212454, 821.5750915750916]"
2025-11-24T15:56:14.091879,/muse/eegAux,"[nan, nan, 0.0, 0.0]"
2025-11-24T15:56:14.122817,/muse/eeg,"[821.978021978022, 796.5934065934066, 1107.6556776556777, 824.7985347985348]"
2025-11-24T15:56:14.169310,/muse/eeg,"[825.6043956043957, 792.967032967033, 1035.934065934066, 803.040293040293]"
2025-11-24T15:56:14.292982,/muse/eegAux,"[nan, nan, 0.0, 0.0]"
2025-11-24T15:56:14.277150,/muse/eeg,"[786.5201465201466, 793.7728937728938, 988.3882783882784, 803.4432234432235]"
2025-11-24T15:56:14.401419,/muse/eeg,"[770.4029304029305, 774.8351648351648, 777.6556776556777, 801.025641025641]"
2025-11-24T15:56:14.497142,/muse/eeg,"[788.9377289377289, 774.0293040293041, 721.2454212454213, 817.5457875457876]"
2025-11-24T15:56:14.559702,/muse/elements/alpha_absolute,"[0.9557708950555202, 1.0037873935379196, 0.9472492683000144, 1.0927356742460794]"
2025-11-24T15:56:14.622745,/muse/eeg,"[786.1172161172161, 784.1025641025641, 365.05494505494505, 807.0695970695971]"
2025-11-24T15:56:14.591169,/muse/eeg,"[761.5384615384615, 776.8498168498169, 544.7619047619048, 756.3003663003664]"
2025-11-24T15:56:14.701354,/muse/eeg,"[792.1611721611722, 767.5824175824176, 753.0769230769231, 812.3076923076924]"
2025-11-24T15:56:14.746722,/muse/eegAux,"[nan, nan, 0.0, 0.0]"
2025-11-24T15:56:14.777407,/muse/eeg,"[797.3992673992674, 790.1465201465202, 896.1172161172161, 806.2637362637363]"
2025-11-24T15:56:14.855858,/muse/elements/gamma_absolute,"[0.059653274472844714, 0.40593696239308363, 0.5136139700309592, 0.4614755374793092]"
2025-11-24T15:56:14.918521,/muse/gyro,"[11.417083740234375, -13.38348388671875, 1.128997802734375]"
2025-11-24T15:56:15.011734,/muse/eegAux,"[nan, nan, 0.0, 0.0]"
2025-11-24T15:56:14.981039,/muse/gyro,"[9.76470947265625, -12.42645263671875, 0.127105712890625]"
2025-11-24T15:56:15.121315,/muse/gyro,"[5.600128173828125, -3.551483154296875, 0.04486083984375]"
2025-11-24T15:56:15.043032,/muse/eeg,"[784.1025641025641, 824.3956043956044, 662.8205128205128, 803.8461538461539]"
2025-11-24T15:56:15.168250,/muse/gyro,"[3.476715087890625, -5.630035400390625, -3.850555419921875]"
2025-11-24T15:56:15.214495,/muse/acc,"[0.2928466796875, -0.03118896484375, 0.968017578125]"
2025-11-24T15:56:15.292775,/muse/elements/theta_absolute,"[1.1752131287681225, 1.1059013647453615, 0.7240757446562845, 0.6642692096151472]"
2025-11-24T15:56:15.386871,/muse/gyro,"[1.398162841796875, -1.816864013671875, -0.590667724609375]"
2025-11-24T15:56:15.434011,/muse/gyro,"[1.786956787109375, -1.413116455078125, -1.15142822265625]"
2025-11-24T15:56:15.481407,/muse/eeg,"[777.2527472527473, 805.054945054945, 396.4835164835165, 793.7728937728938]"
2025-11-24T15:56:15.590817,/muse/eeg,"[772.8205128205128, 783.6996336996338, 851.3919413919414, 795.7875457875458]"
2025-11-24T15:56:15.559271,/muse/gyro,"[1.547698974609375, -2.459869384765625, -1.36077880859375]"
2025-11-24T15:56:15.667409,/muse/gyro,"[4.658050537109375, -5.809478759765625, 2.3028564453125]"
2025-11-24T15:56:15.683542,/muse/gyro,"[3.15521240234375, -3.60382080078125, 7.274932861328125]"
2025-11-24T15:56:15.746302,/muse/gyro,"[2.51220703125, -3.895416259765625, 8.73291015625]"
2025-11-24T15:56:15.854939,/muse/eeg,"[831.2454212454213, 803.040293040293, 1186.6300366300366, 794.981684981685]"
2025-11-24T15:56:15.808244,/muse/eeg,"[832.4542124542124, 803.4432234432235, 1131.4285714285716, 808.2783882783883]"
2025-11-24T15:56:15.932831,/muse/eegAux,"[nan, nan, 0.0, 0.0]"
2025-11-24T15:56:15.979682,/muse/gyro,"[2.998199462890625, -0.0897216796875, 2.684173583984375]"
2025-11-24T15:56:16.010768,/muse/gyro,"[3.865509033203125, -0.321502685546875, 3.521575927734375]"
2025-11-24T15:56:16.104105,/muse/eeg,"[822.3809523809524, 779.6703296703297, 1276.080586080586, 803.4432234432235]"
2025-11-24T15:56:16.213247,/muse/acc,"[0.2410888671875, -0.0675048828125, 0.97918701171875]"
2025-11-24T15:56:16.290089,/muse/gyro,"[10.3179931640625, 0.650482177734375, 4.478607177734375]"
2025-11-24T15:56:16.228629,/muse/eegAux,"[nan, nan, 0.0, 0.0]"
2025-11-24T15:56:16.352729,/muse/gyro,"[9.8095703125, 1.03179931640625, 2.071075439453125]"
2025-11-24T15:56:16.399467,/muse/eeg,"[799.8168498168499, 776.8498168498169, 858.2417582417582, 798.2051282051282]"
2025-11-24T15:56:16.478026,/muse/eegAux,"[nan, nan, 0.0, 0.0]"
2025-11-24T15:56:16.556554,/muse/eegAux,"[nan, nan, 0.0, 0.0]"
2025-11-24T15:56:16.587258,/muse/eegAux,"[nan, nan, 0.0, 0.0]"
2025-11-24T15:56:16.618605,/muse/acc,"[0.205322265625, 0.01446533203125, 0.98944091796875]"
2025-11-24T15:56:16.665514,/muse/eeg,"[809.4871794871796, 777.2527472527473, 918.6813186813187, 796.5934065934066]"
2025-11-24T15:56:16.760609,/muse/eeg,"[830.0366300366301, 782.0879120879121, 913.4432234432235, 813.5164835164835]"
2025-11-24T15:56:16.808222,/muse/eegAux,"[nan, nan, 0.0, 0.0]"
2025-11-24T15:56:16.838728,/muse/eeg,"[841.3186813186813, 782.4908424908425, 1094.7619047619048, 809.0842490842491]"
2025-11-24T15:56:16.776579,/muse/eeg,"[833.6630036630037, 772.8205128205128, 584.2490842490843, 814.7252747252747]"
2025-11-24T15:56:16.977996,/muse/eeg,"[823.1868131868132, 774.8351648351648, 1051.2454212454213, 802.6373626373627]"
2025-11-24T15:56:16.946486,/muse/drlref,"[1617362.6373626373, 1596410.2564102563]"
2025-11-24T15:56:17.102878,/muse/eegAux,"[nan, nan, 0.0, 0.0]"
2025-11-24T15:56:17.118131,/muse/elements/alpha_absolute,"[0.9557708950555202, 0.8147827422450821, 0.9472492683000144, 1.0248289873120415]"
2025-11-24T15:56:17.180209,/muse/eeg,"[781.2820512820513, 778.4615384615385, 574.5787545787546, 791.3553113553114]"
2025-11-24T15:56:17.210839,/muse/eegAux,"[nan, nan, 0.0, 0.0]"
2025-11-24T15:56:17.257631,/muse/eeg,"[731.3186813186813, 770.8058608058608, 662.8205128205128, 790.1465201465202]"
2025-11-24T15:56:17.335016,/muse/gyro,"[4.74029541015625, -4.628143310546875, -0.276641845703125]"
2025-11-24T15:56:17.412810,/muse/gyro,"[4.50103759765625, -4.418792724609375, 0.037384033203125]"
2025-11-24T15:56:17.458976,/muse/gyro,"[4.50103759765625, -4.418792724609375, 0.037384033203125]"
2025-11-24T15:56:17.506004,/muse/acc,"[0.2186279296875, 0.0594482421875, 0.98870849609375]"
2025-11-24T15:56:17.614833,/muse/eegAux,"[nan, nan, 0.0, 0.0]"
01465201466, 642.2710622710623, 782.0879120879121]"
2025-11-24T15:56:17.692822,/muse/eeg,"[817.1428571428571, 781.2820512820513, 991.6117216117217, 794.981684981685]"
2025-11-24T15:56:17.786873,/muse/eeg,"[789.3406593406594, 751.8681318681319, 765.5677655677656, 791.7582417582418]"
2025-11-24T15:56:17.833086,/muse/eegAux,"[nan, nan, 0.0, 0.0]"
2025-11-24T15:56:17.848718,/muse/eeg,"[790.5494505494506, 755.4945054945055, 890.4761904761905, 803.8461538461539]"
2025-11-24T15:56:17.910603,/muse/drlref,"[1617362.6373626373, 1596410.2564102563]"
2025-11-24T15:56:18.005237,/muse/drlref,"[1617362.6373626373, 1596410.2564102563]"
2025-11-24T15:56:18.098031,/muse/gyro,"[3.03558349609375, -4.80010986328125, -1.891632080078125]"
2025-11-24T15:56:18.129002,/muse/eeg,"[811.9047619047619, 760.3296703296703, 559.2673992673992, 794.1758241758242]"
2025-11-24T15:56:18.175720,/muse/eeg,"[783.2967032967033, 756.7032967032967, 678.1318681318681, 801.4285714285714]"
2025-11-24T15:56:18.237098,/muse/eegAux,"[nan, nan, 0.0, 0.0]"
2025-11-24T15:56:18.282518,/muse/eeg,"[797.3992673992674, 759.1208791208792, 492.3809523809524, 803.8461538461539]"
2025-11-24T15:56:18.343779,/muse/eeg,"[777.6556776556777, 790.952380952381, 683.7728937728938, 788.1318681318681]"
2025-11-24T15:56:18.297569,/muse/eeg,"[782.0879120879121, 790.1465201465202, 1054.065934065934, 799.8168498168499]"
2025-11-24T15:56:18.420416,/muse/eeg,"[787.7289377289378, 788.5347985347986, 927.1428571428572, 793.3699633699634]"
2025-11-24T15:56:18.467273,/muse/gyro,"[3.895416259765625, -2.22808837890625, -0.755157470703125]"
2025-11-24T15:56:18.544173,/muse/eeg,"[818.7545787545788, 796.996336996337, 1028.6813186813188, 809.4871794871796]"
2025-11-24T15:56:18.621965,/muse/eeg,"[786.5201465201466, 762.3443223443223, 1028.2783882783883, 801.4285714285714]"
2025-11-24T15:56:18.699054,/muse/eeg,"[803.040293040293, 776.4468864468864, 747.032967032967, 794.5787545787546]"
2025-11-24T15:56:18.762253,/muse/eeg,"[763.5531135531136, 773.6263736263736, 584.6520146520147, 782.893772893773]"
2025-11-24T15:56:18.838885,/muse/eeg,"[765.1648351648352, 765.1648351648352, 724.4688644688645, 797.3992673992674]"
2025-11-24T15:56:18.900240,/muse/eeg,"[771.6117216117216, 762.7472527472528, 711.1721611721612, 751.0622710622711]"
2025-11-24T15:56:18.963017,/muse/acc,"[0.24359130859375, 0.003662109375, 0.96319580078125]"
2025-11-24T15:56:19.009375,/muse/acc,"[0.24359130859375, 0.003662109375, 0.96319580078125]"
2025-11-24T15:56:19.102395,/muse/eeg,"[821.1721611721612, 819.1575091575091, 1067.7655677655678, 785.3113553113553]"
2025-11-24T15:56:19.148689,/muse/acc,"[0.24176025390625, 0.00982666015625, 0.98577880859375]"
2025-11-24T15:56:19.242244,/muse/elements/theta_absolute,"[0.4325202448192193, 0.7238447138017902, 0.7240757446562845, 0.7734571675131626]"
2025-11-24T15:56:19.195001,/muse/eeg,"[803.8461538461539, 830.8424908424909, 579.8168498168499, 780.8791208791209]"
2025-11-24T15:56:19.382349,/muse/hsi,"[1.0, 1.0, 4.0, 1.0]"
2025-11-24T15:56:19.320158,/muse/eeg,"[813.1135531135532, 766.3736263736264, 857.8388278388279, 821.5750915750916]"
2025-11-24T15:56:19.460496,/muse/eeg,"[788.5347985347986, 766.7765567765568, 502.05128205128204, 796.996336996337]"
2025-11-24T15:56:19.554548,/muse/gyro,"[7.34222412109375, -3.57391357421875, -2.549591064453125]"
2025-11-24T15:56:19.569751,/muse/gyro,"[5.884246826171875, -2.79632568359375, -3.566436767578125]"
2025-11-24T15:56:19.600732,/muse/is_good,"[0.0, 0.0, 0.0, 0.0]"
2025-11-24T15:56:19.631901,/muse/eeg,"[813.1135531135532, 808.2783882783883, 684.981684981685, 807.8754578754579]"
2025-11-24T15:56:19.661986,/muse/acc,"[0.20050048828125, 0.04766845703125, 0.98828125]"
2025-11-24T15:56:19.677517,/muse/acc,"[0.1962890625, 0.049560546875, 0.98553466796875]"
2025-11-24T15:56:19.724316,/muse/eeg,"[786.9230769230769, 753.4798534798535, 763.1501831501831, 782.0879120879121]"
2025-11-24T15:56:19.801230,/muse/gyro,"[3.491668701171875, -3.611297607421875, 0.306549072265625]"
2025-11-24T15:56:19.847034,/muse/eeg,"[796.1904761904763, 771.2087912087912, 887.2527472527473, 799.4139194139194]"
2025-11-24T15:56:19.909641,/muse/eeg,"[732.9304029304029, 773.6263736263736, 569.3406593406594, 797.8021978021978]"
2025-11-24T15:56:19.972623,/muse/eeg,"[784.5054945054945, 769.1941391941392, 767.5824175824176, 815.1282051282052]"
2025-11-24T15:56:20.051156,/muse/eeg,"[802.2344322344322, 784.9084249084249, 567.3260073260074, 807.0695970695971]"
2025-11-24T15:56:20.159983,/muse/eeg,"[807.0695970695971, 776.4468864468864, 622.5274725274726, 813.919413919414]"
2025-11-24T15:56:20.253057,/muse/eegAux,"[nan, nan, 0.0, 0.0]"
2025-11-24T15:56:20.269166,/muse/eeg,"[799.0109890109891, 780.8791208791209, 572.5641025641025, 802.6373626373627]"
2025-11-24T15:56:20.424223,/muse/eeg,"[832.4542124542124, 764.3589743589744, 35.45787545787546, 842.5274725274726]"
2025-11-24T15:56:20.330806,/muse/gyro,"[4.844970703125, -5.96649169921875, -1.622467041015625]"
2025-11-24T15:56:20.471025,/muse/eegAux,"[nan, nan, 0.0, 0.0]"
2025-11-24T15:56:20.548192,/muse/gyro,"[9.218902587890625, -0.82244873046875, -6.646881103515625]"
2025-11-24T15:56:20.578611,/muse/eeg,"[757.1062271062272, 723.2600732600732, 216.3736263736264, 806.2637362637363]"
2025-11-24T15:56:20.624160,/muse/eeg,"[748.6446886446887, 729.3040293040293, 149.4871794871795, 799.0109890109891]"
2025-11-24T15:56:20.700142,/muse/gyro,"[6.557159423828125, -4.17205810546875, -2.76641845703125]"
2025-11-24T15:56:20.761731,/muse/eeg,"[770.8058608058608, 755.0915750915751, 644.6886446886447, 808.6813186813187]"
2025-11-24T15:56:20.792998,/muse/eeg,"[789.3406593406594, 765.9706959706959, 859.047619047619, 807.0695970695971]"
2025-11-24T15:56:20.855079,/muse/gyro,"[3.880462646484375, -1.4654541015625, -1.667327880859375]"
2025-11-24T15:56:20.902391,/muse/elements/alpha_absolute,"[0.47441329428899787, 0.9486557645005486, 0.9472492683000144, 0.9481376719658963]"
2025-11-24T15:56:20.979988,/muse/eeg,"[805.054945054945, 764.3589743589744, 743.4065934065934, 801.4285714285714]"
2025-11-24T15:56:21.027124,/muse/eegAux,"[nan, nan, 0.0, 0.0]"
2025-11-24T15:56:21.105320,/muse/acc,"[0.16900634765625, 0.10748291015625, 0.97589111328125]"
2025-11-24T15:56:21.214377,/muse/gyro,"[6.74407958984375, -1.36077880859375, 0.97198486328125]"
2025-11-24T15:56:21.276613,/muse/eeg,"[798.2051282051282, 795.7875457875458, 535.4945054945055, 797.3992673992674]"
2025-11-24T15:56:21.369781,/muse/eeg,"[776.8498168498169, 810.2930402930403, 807.0695970695971, 803.4432234432235]"
2025-11-24T15:56:21.401031,/muse/eeg,"[801.025641025641, 825.2014652014652, 741.7948717948718, 809.8901098901099]"
2025-11-24T15:56:21.463453,/muse/eegAux,"[nan, nan, 0.0, 0.0]"
2025-11-24T15:56:21.571842,/muse/elements/delta_absolute,"[1.2866770269667214, 0.9196481429386266, 0.9951193641341841, 1.0859636281257108]"
2025-11-24T15:56:21.634092,/muse/eegAux,"[nan, nan, 0.0, 0.0]"
2025-11-24T15:56:21.711654,/muse/eeg,"[809.4871794871796, 788.1318681318681, 722.8571428571429, 777.6556776556777]"
2025-11-24T15:56:21.898198,/muse/gyro,"[4.35150146484375, -3.06549072265625, 0.934600830078125]"
2025-11-24T15:56:21.852392,/muse/eeg,"[798.2051282051282, 782.0879120879121, 949.3040293040293, 800.2197802197802]"
2025-11-24T15:56:21.929496,/muse/eeg,"[782.4908424908425, 767.985347985348, 523.4065934065934, 792.1611721611722]"
2025-11-24T15:56:22.006468,/muse/eegAux,"[nan, nan, 0.0, 0.0]"
2025-11-24T15:56:22.051844,/muse/eeg,"[807.0695970695971, 774.4322344322345, 743.4065934065934, 823.992673992674]"
2025-11-24T15:56:22.113394,/muse/eeg,"[813.919413919414, 773.2234432234433, 1078.6446886446886, 809.0842490842491]"
2025-11-24T15:56:22.176180,/muse/eegAux,"[nan, nan, 0.0, 0.0]"
2025-11-24T15:56:22.221504,/muse/eeg,"[788.9377289377289, 774.4322344322345, 307.43589743589746, 811.5018315018315]"
2025-11-24T15:56:22.268099,/muse/eeg,"[829.6336996336996, 770.4029304029305, 765.1648351648352, 784.5054945054945]"
2025-11-24T15:56:22.345831,/muse/gyro,"[0.695343017578125, -3.028106689453125, 1.6448974609375]"
2025-11-24T15:56:22.437957,/muse/eegAux,"[nan, nan, 0.0, 0.0]"
2025-11-24T15:56:22.499995,/muse/eeg,"[770.8058608058608, 772.4175824175825, 1056.080586080586, 788.9377289377289]"
2025-11-24T15:56:22.577015,/muse/gyro,"[3.6187744140625, -4.927215576171875, 0.351409912109375]"
2025-11-24T15:56:22.701747,/muse/eeg,"[793.3699633699634, 799.0109890109891, 875.5677655677656, 797.8021978021978]"
2025-11-24T15:56:22.733395,/muse/eeg,"[777.6556776556777, 803.8461538461539, 825.6043956043957, 779.6703296703297]"
2025-11-24T15:56:22.764106,/muse/eeg,"[784.9084249084249, 809.4871794871796, 680.5494505494506, 812.7106227106227]"
2025-11-24T15:56:22.826639,/muse/eeg,"[790.1465201465202, 790.952380952381, 715.6043956043957, 791.7582417582418]"
2025-11-24T15:56:22.858784,/muse/eeg,"[785.7142857142858, 778.0586080586081, 463.7728937728938, 807.8754578754579]"
2025-11-24T15:56:22.953217,/muse/gyro,"[-3.60382080078125, -9.876861572265625, 1.136474609375]"
2025-11-24T15:56:23.030688,/muse/eegAux,"[nan, nan, 0.0, 0.0]"
2025-11-24T15:56:23.125278,/muse/eeg,"[805.4578754578755, 808.6813186813187, 692.2344322344322, 806.6666666666667]"
2025-11-24T15:56:23.188278,/muse/eeg,"[821.5750915750916, 811.9047619047619, 709.5604395604396, 794.981684981685]"
2025-11-24T15:56:23.281184,/muse/gyro,"[-0.58319091796875, -6.1907958984375, 1.016845703125]"
2025-11-24T15:56:23.265636,/muse/eeg,"[800.2197802197802, 806.6666666666667, 1079.047619047619, 797.3992673992674]"
2025-11-24T15:56:23.358319,/muse/gyro,"[-0.25421142578125, -5.51788330078125, 0.381317138671875]"
2025-11-24T15:56:23.452262,/muse/eeg,"[792.5641025641025, 788.1318681318681, 377.94871794871796, 785.7142857142858]"
2025-11-24T15:56:23.513636,/muse/gyro,"[1.203765869140625, -5.7720947265625, 6.392669677734375]"
2025-11-24T15:56:23.574824,/muse/gyro,"[1.973876953125, -6.89361572265625, 6.901092529296875]"
2025-11-24T15:56:23.636975,/muse/eegAux,"[nan, nan, 0.0, 0.0]"
2025-11-24T15:56:23.699386,/muse/eeg,"[790.1465201465202, 792.1611721611722, 940.8424908424909, 809.8901098901099]"
2025-11-24T15:56:23.778244,/muse/eegAux,"[nan, nan, 0.0, 0.0]"
2025-11-24T15:56:23.870782,/muse/eeg,"[790.1465201465202, 794.981684981685, 1028.6813186813188, 793.3699633699634]"
2025-11-24T15:56:23.932445,/muse/drlref,"[1617362.6373626373, 1596410.2564102563]"
2025-11-24T15:56:23.977744,/muse/drlref,"[1617362.6373626373, 1596410.2564102563]"
2025-11-24T15:56:24.009208,/muse/gyro,"[2.61688232421875, -5.001983642578125, 1.18133544921875]"
2025-11-24T15:56:24.071929,/muse/eeg,"[790.1465201465202, 780.0732600732601, 927.5457875457876, 806.6666666666667]"
2025-11-24T15:56:24.134640,/muse/eeg,"[797.3992673992674, 785.7142857142858, 879.1941391941392, 806.2637362637363]"
2025-11-24T15:56:24.226842,/muse/gyro,"[4.29168701171875, -4.94964599609375, -1.734619140625]"
2025-11-24T15:56:24.273289,/muse/eeg,"[829.6336996336996, 796.996336996337, 1064.1391941391942, 801.8315018315019]"
2025-11-24T15:56:24.444586,/muse/eegAux,"[nan, nan, 0.0, 0.0]"
2025-11-24T15:56:24.319648,/muse/eeg,"[830.0366300366301, 793.7728937728938, 898.1318681318681, 798.2051282051282]"
2025-11-24T15:56:24.522303,/muse/gyro,"[4.463653564453125, -3.2598876953125, -7.170257568359375]"
2025-11-24T15:56:24.584737,/muse/eegAux,"[nan, nan, 0.0, 0.0]"
2025-11-24T15:56:24.662315,/muse/eeg,"[791.7582417582418, 776.0439560439561, 370.2930402930403, 791.7582417582418]"
2025-11-24T15:56:24.786253,/muse/gyro,"[1.55517578125, -3.117828369140625, 0.545806884765625]"
2025-11-24T15:56:24.739640,/muse/gyro,"[1.55517578125, -3.117828369140625, 0.545806884765625]"
2025-11-24T15:56:24.863467,/muse/gyro,"[2.325286865234375, -4.029998779296875, 0.7476806640625]"
2025-11-24T15:56:24.971445,/muse/drlref,"[1617362.6373626373, 1596410.2564102563]"
2025-11-24T15:56:25.064814,/muse/eegAux,"[nan, nan, 0.0, 0.0]"
2025-11-24T15:56:25.157165,/muse/eegAux,"[nan, nan, 0.0, 0.0]"
2025-11-24T15:56:25.110728,/muse/eeg,"[796.1904761904763, 770.0, 728.0952380952381, 791.7582417582418]"
2025-11-24T15:56:25.079942,/muse/eeg,"[782.893772893773, 777.2527472527473, 835.6776556776557, 802.6373626373627]"
2025-11-24T15:56:25.296394,/muse/eeg,"[794.981684981685, 776.4468864468864, 398.4981684981685, 794.1758241758242]"
2025-11-24T15:56:25.358727,/muse/eegAux,"[nan, nan, 0.0, 0.0]"
2025-11-24T15:56:25.498142,/muse/eegAux,"[nan, nan, 0.0, 0.0]"
2025-11-24T15:56:25.592020,/muse/eegAux,"[nan, nan, 0.0, 0.0]"
2025-11-24T15:56:25.560286,/muse/eeg,"[788.1318681318681, 794.1758241758242, 669.6703296703297, 798.6080586080586]"
2025-11-24T15:56:25.623525,/muse/eeg,"[788.1318681318681, 794.1758241758242, 669.6703296703297, 798.6080586080586]"
2025-11-24T15:56:25.684335,/muse/eeg,"[786.5201465201466, 782.0879120879121, 759.5238095238095, 782.0879120879121]"
2025-11-24T15:56:25.746788,/muse/eegAux,"[nan, nan, 0.0, 0.0]"
3772893773, 690.2197802197802, 806.6666666666667]"
2025-11-24T15:56:25.871322,/muse/eegAux,"[nan, nan, 0.0, 0.0]"
2025-11-24T15:56:25.994931,/muse/eeg,"[801.4285714285714, 779.6703296703297, 836.0805860805862, 783.6996336996338]"
2025-11-24T15:56:26.057513,/muse/eegAux,"[nan, nan, 0.0, 0.0]"
2025-11-24T15:56:26.088569,/muse/gyro,"[3.06549072265625, -2.803802490234375, 0.0897216796875]"
2025-11-24T15:56:26.120808,/muse/acc,"[0.28497314453125, -0.0224609375, 0.9595947265625]"
2025-11-24T15:56:26.151855,/muse/eeg,"[796.1904761904763, 782.0879120879121, 803.040293040293, 804.6520146520147]"
2025-11-24T15:56:26.245131,/muse/eeg,"[791.7582417582418, 801.8315018315019, 566.1172161172161, 805.8608058608058]"
2025-11-24T15:56:26.321850,/muse/eegAux,"[nan, nan, 0.0, 0.0]"
2025-11-24T15:56:26.384968,/muse/eeg,"[803.040293040293, 809.4871794871796, 107.98534798534799, 809.0842490842491]"
2025-11-24T15:56:26.446935,/muse/eegAux,"[nan, nan, 0.0, 0.0]"
2025-11-24T15:56:26.524407,/muse/gyro,"[2.5421142578125, -1.114044189453125, -2.19818115234375]"
2025-11-24T15:56:26.602712,/muse/acc,"[0.288330078125, -0.028564453125, 0.9666748046875]"
2025-11-24T15:56:26.650304,/muse/acc,"[0.2882080078125, -0.026123046875, 0.97149658203125]"
2025-11-24T15:56:26.696020,/muse/acc,"[0.2882080078125, -0.026123046875, 0.97149658203125]"
2025-11-24T15:56:26.742943,/muse/eeg,"[777.2527472527473, 819.96336996337, 668.8644688644689, 758.7179487179487]"
2025-11-24T15:56:26.851962,/muse/eeg,"[809.0842490842491, 797.8021978021978, 653.5531135531136, 803.040293040293]"
2025-11-24T15:56:26.867107,/muse/gyro,"[2.34771728515625, -2.76641845703125, -0.3887939453125]"
2025-11-24T15:56:26.914258,/muse/gyro,"[2.2430419921875, -2.76641845703125, -0.3887939453125]"
2025-11-24T15:56:26.976786,/muse/gyro,"[2.4822998046875, -2.1234130859375, -0.11962890625]"
2025-11-24T15:56:27.023425,/muse/eeg,"[802.2344322344322, 769.1941391941392, 813.1135531135532, 791.3553113553114]"
2025-11-24T15:56:27.070452,/muse/eegAux,"[nan, nan, 0.0, 0.0]"
2025-11-24T15:56:27.086541,/muse/eeg,"[787.7289377289378, 791.7582417582418, 953.7362637362637, 797.3992673992674]"
2025-11-24T15:56:27.195334,/muse/eeg,"[813.1135531135532, 792.967032967033, 872.3443223443223, 809.8901098901099]"
2025-11-24T15:56:27.148734,/muse/eeg,"[806.2637362637363, 774.8351648351648, 935.6043956043957, 794.5787545787546]"
2025-11-24T15:56:27.273275,/muse/eegAux,"[nan, nan, 0.0, 0.0]"
2025-11-24T15:56:27.303205,/muse/eeg,"[813.1135531135532, 792.967032967033, 872.3443223443223, 809.8901098901099]"
2025-11-24T15:56:27.380997,/muse/eegAux,"[nan, nan, 0.0, 0.0]"
2025-11-24T15:56:27.443549,/muse/elements/alpha_absolute,"[1.178723894704224, 0.8100331526575275, 0.9472492683000144, 1.0802138531418048]"
2025-11-24T15:56:27.475245,/muse/eeg,"[796.996336996337, 799.0109890109891, 829.2307692307693, 804.2490842490843]"
2025-11-24T15:56:27.536468,/muse/eegAux,"[nan, nan, 0.0, 0.0]"
2025-11-24T15:56:27.614205,/muse/gyro,"[3.372039794921875, -3.529052734375, 0.40374755859375]"
2025-11-24T15:56:27.661171,/muse/eeg,"[796.5934065934066, 779.2673992673992, 970.6593406593407, 800.6227106227107]"
2025-11-24T15:56:27.722586,/muse/elements/alpha_absolute,"[1.1737527022550531, 0.7700265613988287, 0.9472492683000144, 1.0932415162502966]"
2025-11-24T15:56:27.754180,/muse/gyro,"[4.613189697265625, -2.833709716796875, -0.299072265625]"
2025-11-24T15:56:27.784885,/muse/gyro,"[4.56085205078125, -3.78326416015625, -0.665435791015625]"
2025-11-24T15:56:27.877159,/muse/eeg,"[804.6520146520147, 789.7435897435897, 657.1794871794872, 809.4871794871796]"
2025-11-24T15:56:27.971728,/muse/eeg,"[789.7435897435897, 791.3553113553114, 686.5934065934066, 788.5347985347986]"
2025-11-24T15:56:28.065393,/muse/eeg,"[805.054945054945, 793.3699633699634, 690.2197802197802, 805.8608058608058]"
2025-11-24T15:56:28.143056,/muse/gyro,"[4.50103759765625, -4.11224365234375, -0.336456298828125]"
2025-11-24T15:56:28.220016,/muse/eeg,"[805.8608058608058, 773.6263736263736, 944.4688644688645, 779.6703296703297]"
2025-11-24T15:56:28.312688,/muse/eeg,"[790.1465201465202, 792.967032967033, 1059.7069597069597, 806.6666666666667]"
2025-11-24T15:56:28.281668,/muse/is_good,"[1.0, 1.0, 0.0, 1.0]"
2025-11-24T15:56:28.405363,/muse/eegAux,"[nan, nan, 0.0, 0.0]"
2025-11-24T15:56:28.374176,/muse/elements/alpha_absolute,"[1.1737527022550531, 0.9312058951880061, 0.9472492683000144, 1.0932415162502966]"
2025-11-24T15:56:28.529122,/muse/eeg,"[784.1025641025641, 792.5641025641025, 902.967032967033, 785.3113553113553]"
2025-11-24T15:56:28.576437,/muse/is_good,"[1.0, 1.0, 0.0, 1.0]"
2025-11-24T15:56:28.654214,/muse/eeg,"[828.021978021978, 797.3992673992674, 843.3333333333334, 804.6520146520147]"
2025-11-24T15:56:28.747954,/muse/eeg,"[816.7399267399268, 788.1318681318681, 741.7948717948718, 791.7582417582418]"
2025-11-24T15:56:28.685703,/muse/eeg,"[813.1135531135532, 802.6373626373627, 683.7728937728938, 809.8901098901099]"
2025-11-24T15:56:28.825726,/muse/gyro,"[8.7628173828125, -0.16448974609375, -9.6002197265625]"
2025-11-24T15:56:28.888333,/muse/eegAux,"[nan, nan, 0.0, 0.0]"
2025-11-24T15:56:28.981365,/muse/eeg,"[766.7765567765568, 771.2087912087912, 440.80586080586085, 805.8608058608058]"
2025-11-24T15:56:29.012170,/muse/eeg,"[770.8058608058608, 782.893772893773, 773.2234432234433, 812.7106227106227]"
2025-11-24T15:56:29.121259,/muse/acc,"[0.22943115234375, 0.072021484375, 0.96246337890625]"
2025-11-24T15:56:29.182079,/muse/gyro,"[16.209716796875, 0.70281982421875, -25.922088623046875]"
2025-11-24T15:56:29.229339,/muse/eeg,"[730.5128205128206, 735.7509157509157, 964.6153846153846, 756.3003663003664]"
2025-11-24T15:56:29.260901,/muse/eeg,"[805.054945054945, 772.014652014652, 653.956043956044, 848.5714285714286]"
2025-11-24T15:56:29.322984,/muse/gyro,"[6.811370849609375, -2.85614013671875, -14.9237060546875]"
2025-11-24T15:56:29.353820,/muse/eeg,"[682.1611721611722, 647.9120879120879, 558.8644688644689, 714.7985347985348]"
2025-11-24T15:56:29.479494,/muse/eeg,"[866.3003663003664, 721.2454212454213, 796.1904761904763, 853.4065934065934]"
2025-11-24T15:56:29.525998,/muse/eegAux,"[nan, nan, 0.0, 0.0]"
2025-11-24T15:56:29.573517,/muse/acc,"[0.20013427734375, 0.19195556640625, 0.97320556640625]"
2025-11-24T15:56:29.650562,/muse/acc,"[0.20013427734375, 0.19195556640625, 0.97320556640625]"
2025-11-24T15:56:29.745232,/muse/eeg,"[829.6336996336996, 795.3846153846154, 608.8278388278388, 825.2014652014652]"
2025-11-24T15:56:29.792488,/muse/eeg,"[813.5164835164835, 789.3406593406594, 676.1172161172161, 813.5164835164835]"
2025-11-24T15:56:29.869811,/muse/eegAux,"[nan, nan, 0.0, 0.0]"
2025-11-24T15:56:29.962478,/muse/eeg,"[765.5677655677656, 791.7582417582418, 821.5750915750916, 795.7875457875458]"
2025-11-24T15:56:30.024307,/muse/eeg,"[829.2307692307693, 783.2967032967033, 870.3296703296703, 782.4908424908425]"
2025-11-24T15:56:30.103123,/muse/eeg,"[804.6520146520147, 785.3113553113553, 1188.6446886446886, 797.3992673992674]"
2025-11-24T15:56:30.180825,/muse/gyro,"[3.312225341796875, 0.76263427734375, 5.0244140625]"
2025-11-24T15:56:30.226889,/muse/gyro,"[0.46356201171875, 0.6878662109375, 6.003875732421875]"
2025-11-24T15:56:30.288129,/muse/eeg,"[794.5787545787546, 786.9230769230769, 599.9633699633699, 809.8901098901099]"
2025-11-24T15:56:30.303976,/muse/eeg,"[808.6813186813187, 788.5347985347986, 684.1758241758242, 813.5164835164835]"
2025-11-24T15:56:30.382334,/muse/drlref,"[1617362.6373626373, 1596410.2564102563]"
2025-11-24T15:56:30.475768,/muse/eeg,"[838.901098901099, 793.7728937728938, 967.8388278388279, 827.2161172161173]"
2025-11-24T15:56:30.506921,/muse/eegAux,"[nan, nan, 0.0, 0.0]"
2025-11-24T15:56:30.538209,/muse/is_good,"[0.0, 0.0, 0.0, 0.0]"
2025-11-24T15:56:30.600046,/muse/eeg,"[811.9047619047619, 786.9230769230769, 1010.952380952381, 809.8901098901099]"
2025-11-24T15:56:30.646692,/muse/eeg,"[788.9377289377289, 796.996336996337, 1109.6703296703297, 811.5018315018315]"
2025-11-24T15:56:30.709113,/muse/eeg,"[803.8461538461539, 806.6666666666667, 847.3626373626374, 788.5347985347986]"
2025-11-24T15:56:30.785622,/muse/eeg,"[786.9230769230769, 807.4725274725275, 1111.2820512820513, 802.2344322344322]"
2025-11-24T15:56:30.864066,/muse/eegAux,"[nan, nan, 0.0, 0.0]"
2025-11-24T15:56:30.895224,/muse/eeg,"[817.5457875457876, 792.967032967033, 913.040293040293, 807.4725274725275]"
2025-11-24T15:56:30.988936,/muse/drlref,"[1617362.6373626373, 1596410.2564102563]"
2025-11-24T15:56:31.020446,/muse/elements/delta_absolute,"[0.996737211278329, 0.9376852491785992, 0.9951193641341841, 0.2886443478233971]"
2025-11-24T15:56:31.051114,/muse/eeg,"[800.6227106227107, 801.8315018315019, 1518.2417582417584, 789.3406593406594]"
2025-11-24T15:56:31.128284,/muse/eeg,"[793.7728937728938, 788.5347985347986, 762.7472527472528, 787.7289377289378]"
2025-11-24T15:56:31.268045,/muse/eeg,"[767.985347985348, 794.5787545787546, 701.0989010989011, 795.3846153846154]"
2025-11-24T15:56:31.205867,/muse/gyro,"[1.89910888671875, -0.13458251953125, 0.306549072265625]"
2025-11-24T15:56:31.455101,/muse/elements/theta_relative,"[0.08357503153935103, 0.1945046161403875, 0.14327643941486778, 0.2402280948425966]"
2025-11-24T15:56:31.314346,/muse/elements/alpha_absolute,"[1.3578706144161639, 0.38665318393299913, 0.9472492683000144, 1.0425433933595507]"
2025-11-24T15:56:31.439056,/muse/eeg,"[813.919413919414, 796.1904761904763, 892.4908424908425, 809.4871794871796]"
2025-11-24T15:56:31.564265,/muse/eeg,"[775.6410256410256, 796.5934065934066, 844.1391941391942, 799.4139194139194]"
2025-11-24T15:56:31.548919,/muse/gyro,"[-2.579498291015625, -3.416900634765625, 11.7236328125]"
2025-11-24T15:56:31.595240,/muse/eeg,"[793.7728937728938, 789.3406593406594, 1006.5201465201466, 797.3992673992674]"
2025-11-24T15:56:31.703222,/muse/eegAux,"[nan, nan, 0.0, 0.0]"
2025-11-24T15:56:31.812704,/muse/gyro,"[-5.18890380859375, -10.146026611328125, 4.927215576171875]"
2025-11-24T15:56:31.766101,/muse/eeg,"[801.025641025641, 775.6410256410256, 1059.7069597069597, 800.2197802197802]"
2025-11-24T15:56:31.921039,/muse/eeg,"[800.6227106227107, 780.4761904761905, 184.54212454212455, 812.3076923076924]"
2025-11-24T15:56:31.982425,/muse/eegAux,"[nan, nan, 0.0, 0.0]"
2025-11-24T15:56:32.075527,/muse/eeg,"[804.2490842490843, 802.2344322344322, 747.4358974358975, 797.8021978021978]"
2025-11-24T15:56:32.152216,/muse/eegAux,"[nan, nan, 0.0, 0.0]"
2025-11-24T15:56:32.198917,/muse/eeg,"[788.5347985347986, 766.7765567765568, 470.21978021978026, 784.5054945054945]"
2025-11-24T15:56:32.230355,/muse/eeg,"[790.952380952381, 781.2820512820513, 255.05494505494505, 794.1758241758242]"
2025-11-24T15:56:32.355886,/muse/eeg,"[779.6703296703297, 762.3443223443223, 89.04761904761905, 799.0109890109891]"
2025-11-24T15:56:32.309128,/muse/eegAux,"[nan, nan, 0.0, 0.0]"
2025-11-24T15:56:32.433980,/muse/gyro,"[-1.0467529296875, -12.3516845703125, 6.886138916015625]"
2025-11-24T15:56:32.479078,/muse/eeg,"[791.3553113553114, 795.7875457875458, 1089.1208791208792, 796.1904761904763]"
2025-11-24T15:56:32.572140,/muse/eeg,"[805.4578754578755, 796.5934065934066, 703.919413919414, 793.3699633699634]"
2025-11-24T15:56:32.649881,/muse/eeg,"[788.1318681318681, 796.5934065934066, 570.5494505494505, 798.6080586080586]"
2025-11-24T15:56:32.618736,/muse/eeg,"[788.1318681318681, 801.4285714285714, 852.6007326007326, 784.9084249084249]"
2025-11-24T15:56:32.727251,/muse/elements/beta_relative,"[0.23535393239514696, 0.1304295582064313, 0.2615152154619236, 0.18405939094985896]"
2025-11-24T15:56:32.805219,/muse/eeg,"[801.8315018315019, 785.7142857142858, 672.893772893773, 788.5347985347986]"
2025-11-24T15:56:32.867799,/muse/eeg,"[788.9377289377289, 772.8205128205128, 901.3553113553114, 793.7728937728938]"
2025-11-24T15:56:32.929962,/muse/gyro,"[-4.598236083984375, -7.2674560546875, 2.67669677734375]"
2025-11-24T15:56:32.991328,/muse/gyro,"[-6.2506103515625, -8.441314697265625, 4.463653564453125]"
2025-11-24T15:56:33.100391,/muse/drlref,"[1617362.6373626373, 1596410.2564102563]"
2025-11-24T15:56:33.147517,/muse/gyro,"[-7.274932861328125, -5.301055908203125, 2.145843505859375]"
2025-11-24T15:56:33.165270,/muse/elements/alpha_absolute,"[1.2491857200853618, 0.6700309555124453, 0.9472492683000144, 0.7395347103306745]"
2025-11-24T15:56:33.209840,/muse/eeg,"[807.4725274725275, 804.2490842490843, 1065.7509157509157, 796.1904761904763]"
2025-11-24T15:56:33.287080,/muse/elements/alpha_relative,"[0.3854498014379967, 0.17952198158420807, 0.23952359640232274, 0.23124807209623485]"
2025-11-24T15:56:33.379168,/muse/eeg,"[794.1758241758242, 775.6410256410256, 498.02197802197804, 794.1758241758242]"
2025-11-24T15:56:33.429971,/muse/eegAux,"[nan, nan, 0.0, 0.0]"
2025-11-24T15:56:33.503425,/muse/eeg,"[793.7728937728938, 778.4615384615385, 990.8058608058608, 787.7289377289378]"
2025-11-24T15:56:33.566276,/muse/acc,"[0.2125244140625, -0.22821044921875, 0.9578857421875]"
2025-11-24T15:56:33.643563,/muse/acc,"[0.2392578125, -0.2666015625, 0.94256591796875]"
2025-11-24T15:56:33.705469,/muse/acc,"[0.2633056640625, -0.28375244140625, 0.9305419921875]"
2025-11-24T15:56:33.721121,/muse/eeg,"[774.8351648351648, 783.6996336996338, 256.2637362637363, 784.5054945054945]"
2025-11-24T15:56:33.799138,/muse/eeg,"[773.6263736263736, 776.4468864468864, 589.4871794871796, 778.4615384615385]"
2025-11-24T15:56:33.830988,/muse/eeg,"[782.0879120879121, 773.6263736263736, 705.5311355311355, 806.6666666666667]"
2025-11-24T15:56:33.861058,/muse/drlref,"[1617362.6373626373, 1596410.2564102563]"
2025-11-24T15:56:33.986847,/muse/eeg,"[786.9230769230769, 798.2051282051282, 759.5238095238095, 792.5641025641025]"
2025-11-24T15:56:33.861058,/muse/gyro,"[10.370330810546875, -1.6748046875, 0.35888671875]"
2025-11-24T15:56:33.908620,/muse/eeg,"[801.8315018315019, 781.6849816849817, 927.948717948718, 799.8168498168499]"
2025-11-24T15:56:34.079863,/muse/acc,"[0.20294189453125, -0.21527099609375, 0.9622802734375]"
2025-11-24T15:56:34.156903,/muse/gyro,"[4.91973876953125, -2.930908203125, 0.545806884765625]"
2025-11-24T15:56:34.266727,/muse/eeg,"[798.6080586080586, 804.2490842490843, 1066.959706959707, 806.6666666666667]"
2025-11-24T15:56:34.313564,/muse/eeg,"[792.967032967033, 794.981684981685, 773.2234432234433, 793.7728937728938]"
2025-11-24T15:56:34.374936,/muse/eeg,"[793.3699633699634, 786.1172161172161, 584.2490842490843, 803.4432234432235]"
2025-11-24T15:56:34.467961,/muse/eegAux,"[nan, nan, 0.0, 0.0]"
2025-11-24T15:56:34.563659,/muse/eeg,"[811.0989010989011, 784.9084249084249, 259.8901098901099, 822.3809523809524]"
2025-11-24T15:56:34.672771,/muse/gyro,"[3.506622314453125, -2.99072265625, -0.70281982421875]"
2025-11-24T15:56:34.611291,/muse/eeg,"[814.3223443223443, 792.967032967033, 666.8498168498169, 818.3516483516484]"
2025-11-24T15:56:34.719752,/muse/eeg,"[809.4871794871796, 802.2344322344322, 917.8754578754579, 797.3992673992674]"
2025-11-24T15:56:34.749906,/muse/eegAux,"[nan, nan, 0.0, 0.0]"
2025-11-24T15:56:34.780579,/muse/eeg,"[794.981684981685, 792.5641025641025, 642.6739926739926, 788.9377289377289]"
2025-11-24T15:56:34.827043,/muse/gyro,"[3.51409912109375, -3.54400634765625, -0.01495361328125]"
2025-11-24T15:56:34.919697,/muse/gyro,"[3.33465576171875, -3.2598876953125, -0.4486083984375]"
2025-11-24T15:56:34.981198,/muse/elements/beta_absolute,"[0.5993405290533627, 0.616385320970452, 0.9853979264338821, 0.6023146006418977]"
2025-11-24T15:56:35.090698,/muse/elements/alpha_relative,"[0.2798552651966105, 0.2863025208761323, 0.23952359640232274, 0.3355466409744008]"
2025-11-24T15:56:35.136994,/muse/eeg,"[804.6520146520147, 806.6666666666667, 946.0805860805862, 804.6520146520147]"
2025-11-24T15:56:35.277163,/muse/eegAux,"[nan, nan, 0.0, 0.0]"
2025-11-24T15:56:35.340537,/muse/elements/gamma_relative,"[0.06392329756871958, 0.06452679300076145, 0.08824965284235554, 0.10041119528816263]"
2025-11-24T15:56:35.371302,/muse/eeg,"[791.7582417582418, 801.4285714285714, 802.2344322344322, 792.967032967033]"
2025-11-24T15:56:35.464049,/muse/eegAux,"[nan, nan, 0.0, 0.0]"
2025-11-24T15:56:35.495274,/muse/eeg,"[788.1318681318681, 767.985347985348, 848.1684981684982, 792.5641025641025]"
2025-11-24T15:56:35.619195,/muse/gyro,"[2.340240478515625, -3.33465576171875, -0.201873779296875]"
2025-11-24T15:56:35.588206,/muse/drlref,"[1617362.6373626373, 1596410.2564102563]"
2025-11-24T15:56:35.713418,/muse/gyro,"[2.519683837890625, -3.3197021484375, -0.485992431640625]"
2025-11-24T15:56:35.759102,/muse/elements/theta_relative,"[0.3191650037477871, 0.15663532309416361, 0.14327643941486778, 0.1810930955202043]"
2025-11-24T15:56:35.836218,/muse/eegAux,"[nan, nan, 0.0, 0.0]"
2025-11-24T15:56:35.866435,/muse/eeg,"[799.0109890109891, 798.2051282051282, 698.2783882783883, 801.8315018315019]"
2025-11-24T15:56:35.944183,/muse/eegAux,"[nan, nan, 0.0, 0.0]"
2025-11-24T15:56:36.005961,/muse/eeg,"[799.0109890109891, 798.2051282051282, 698.2783882783883, 801.8315018315019]"
2025-11-24T15:56:36.099264,/muse/eegAux,"[nan, nan, 0.0, 0.0]"
2025-11-24T15:56:36.129901,/muse/gyro,"[3.42437744140625, -2.639312744140625, 0.351409912109375]"
2025-11-24T15:56:36.176871,/muse/eeg,"[792.967032967033, 800.2197802197802, 692.6373626373627, 801.4285714285714]"
2025-11-24T15:56:36.239837,/muse/acc,"[0.2105712890625, -0.2149658203125, 0.95867919921875]"
2025-11-24T15:56:36.270479,/muse/eegAux,"[nan, nan, 0.0, 0.0]"
2025-11-24T15:56:36.302098,/muse/gyro,"[3.955230712890625, -4.179534912109375, 0.426177978515625]"
2025-11-24T15:56:36.333193,/muse/elements/alpha_absolute,"[0.5481434513282084, 0.7447556150047411, 0.9472492683000144, 0.8677197691338948]"
2025-11-24T15:56:36.363225,/muse/elements/beta_absolute,"[0.5343275187504207, 0.602459236007853, 0.9853979264338821, 0.46826046926169085]"
2025-11-24T15:56:36.378510,/muse/eegAux,"[nan, nan, 0.0, 0.0]"
2025-11-24T15:56:36.393847,/muse/eeg,"[799.0109890109891, 805.054945054945, 885.6410256410256, 803.8461538461539]"
2025-11-24T15:56:36.503403,/muse/eeg,"[790.5494505494506, 788.1318681318681, 906.996336996337, 790.5494505494506]"
2025-11-24T15:56:36.549804,/muse/acc,"[0.21588134765625, -0.2130126953125, 0.9617919921875]"
2025-11-24T15:56:36.565749,/muse/eeg,"[789.7435897435897, 815.1282051282052, 751.8681318681319, 798.2051282051282]"
2025-11-24T15:56:36.596709,/muse/eeg,"[780.4761904761905, 798.2051282051282, 457.72893772893775, 782.0879120879121]"
2025-11-24T15:56:36.626584,/muse/gyro,"[3.566436767578125, -3.529052734375, -0.052337646484375]"
2025-11-24T15:56:36.657540,/muse/gyro,"[3.6187744140625, -4.852447509765625, -0.650482177734375]"
2025-11-24T15:56:36.719916,/muse/eeg,"[808.2783882783883, 794.5787545787546, 379.1575091575092, 810.2930402930403]"
2025-11-24T15:56:36.797890,/muse/gyro,"[4.000091552734375, -3.81317138671875, -1.188812255859375]"
2025-11-24T15:56:36.828677,/muse/gyro,"[4.3963623046875, -3.058013916015625, 0.31402587890625]"
2025-11-24T15:56:36.891129,/muse/gyro,"[4.3963623046875, -3.058013916015625, 0.31402587890625]"
2025-11-24T15:56:36.952594,/muse/drlref,"[1617362.6373626373, 1596410.2564102563]"
2025-11-24T15:56:36.983396,/muse/eeg,"[801.025641025641, 778.4615384615385, 550.4029304029305, 796.1904761904763]"
2025-11-24T15:56:37.014473,/muse/eegAux,"[nan, nan, 0.0, 0.0]"
2025-11-24T15:56:37.076147,/muse/eeg,"[790.1465201465202, 776.4468864468864, 837.6923076923077, 811.9047619047619]"
2025-11-24T15:56:37.137616,/muse/acc,"[0.1805419921875, -0.2200927734375, 0.9552001953125]"
2025-11-24T15:56:37.167683,/muse/eeg,"[685.7875457875458, 796.1904761904763, 743.4065934065934, 671.2820512820513]"
2025-11-24T15:56:37.244376,/muse/eeg,"[697.0695970695971, 798.6080586080586, 462.16117216117215, 701.0989010989011]"
2025-11-24T15:56:37.305478,/muse/eegAux,"[nan, nan, 0.0, 0.0]"
2025-11-24T15:56:37.382937,/muse/eeg,"[730.5128205128206, 795.3846153846154, 584.2490842490843, 740.5860805860806]"
2025-11-24T15:56:37.461037,/muse/eeg,"[871.5384615384615, 763.5531135531136, 347.72893772893775, 888.0586080586081]"
2025-11-24T15:56:37.506756,/muse/eeg,"[852.1978021978023, 772.4175824175825, 724.0659340659341, 861.4652014652015]"
2025-11-24T15:56:37.554115,/muse/eegAux,"[nan, nan, 0.0, 0.0]"
2025-11-24T15:56:37.677793,/muse/eeg,"[853.4065934065934, 782.0879120879121, 743.4065934065934, 855.8241758241759]"
2025-11-24T15:56:37.755600,/muse/eeg,"[799.8168498168499, 792.1611721611722, 526.2271062271062, 820.7692307692308]"
2025-11-24T15:56:37.802235,/muse/eeg,"[788.1318681318681, 787.7289377289378, 923.5164835164835, 805.054945054945]"
2025-11-24T15:56:37.833951,/muse/eegAux,"[nan, nan, 0.0, 0.0]"
2025-11-24T15:56:37.895606,/muse/eeg,"[610.8424908424909, 768.3882783882784, 958.974358974359, 664.4322344322344]"
2025-11-24T15:56:38.003380,/muse/eeg,"[817.1428571428571, 785.3113553113553, 1018.2051282051283, 832.4542124542124]"
2025-11-24T15:56:37.958022,/muse/eeg,"[829.6336996336996, 763.5531135531136, 529.4505494505495, 851.3919413919414]"
2025-11-24T15:56:38.127606,/muse/eeg,"[641.4652014652015, 808.2783882783883, 624.5421245421246, 673.6996336996338]"
2025-11-24T15:56:38.159143,/muse/elements/alpha_absolute,"[0.28747090531886255, 0.9883659208227249, 0.9472492683000144, 0.5131135634630088]"
2025-11-24T15:56:38.221810,/muse/gyro,"[-3.880462646484375, -5.38330078125, -0.635528564453125]"
2025-11-24T15:56:38.252991,/muse/eeg,"[821.1721611721612, 792.5641025641025, 880.0, 829.2307692307693]"
2025-11-24T15:56:38.315077,/muse/eeg,"[787.3260073260074, 778.8644688644689, 908.6080586080586, 804.2490842490843]"
2025-11-24T15:56:38.346742,/muse/eeg,"[790.952380952381, 792.967032967033, 593.5164835164835, 805.4578754578755]"
2025-11-24T15:56:38.473666,/muse/eeg,"[769.5970695970697, 786.1172161172161, 812.3076923076924, 793.3699633699634]"
2025-11-24T15:56:38.458381,/muse/eeg,"[783.2967032967033, 795.7875457875458, 662.014652014652, 805.4578754578755]"
2025-11-24T15:56:38.536142,/muse/eeg,"[756.7032967032967, 793.7728937728938, 523.8095238095239, 801.8315018315019]"
2025-11-24T15:56:38.646133,/muse/eeg,"[763.5531135531136, 786.1172161172161, 668.0586080586081, 794.981684981685]"
2025-11-24T15:56:38.599718,/muse/eegAux,"[nan, nan, 0.0, 0.0]"
2025-11-24T15:56:38.707366,/muse/eeg,"[751.8681318681319, 772.014652014652, 471.42857142857144, 800.2197802197802]"
2025-11-24T15:56:38.769309,/muse/eeg,"[777.6556776556777, 780.0732600732601, 707.1428571428571, 807.4725274725275]"
2025-11-24T15:56:38.876976,/muse/eegAux,"[nan, nan, 0.0, 0.0]"
2025-11-24T15:56:38.953772,/muse/eeg,"[745.8241758241759, 759.92673992674, 778.0586080586081, 788.9377289377289]"
2025-11-24T15:56:39.015087,/muse/eeg,"[749.4505494505495, 771.2087912087912, 811.5018315018315, 792.5641025641025]"
2025-11-24T15:56:39.123783,/muse/gyro,"[3.506622314453125, -4.732818603515625, -0.76263427734375]"
2025-11-24T15:56:39.185481,/muse/gyro,"[3.45428466796875, -4.53094482421875, 1.6748046875]"
2025-11-24T15:56:39.247420,/muse/eeg,"[783.2967032967033, 783.6996336996338, 716.007326007326, 809.4871794871796]"
2025-11-24T15:56:39.340373,/muse/eeg,"[808.6813186813187, 776.0439560439561, 691.4285714285714, 793.7728937728938]"
2025-11-24T15:56:39.402693,/muse/eegAux,"[nan, nan, 0.0, 0.0]"
2025-11-24T15:56:39.433638,/muse/gyro,"[2.056121826171875, -0.7177734375, -0.97198486328125]"
2025-11-24T15:56:39.573298,/muse/eeg,"[828.4249084249085, 778.0586080586081, 863.8827838827839, 815.1282051282052]"
2025-11-24T15:56:39.620246,/muse/eegAux,"[nan, nan, 0.0, 0.0]"
2025-11-24T15:56:39.682179,/muse/gyro,"[1.981353759765625, -2.893524169921875, -10.6768798828125]"
2025-11-24T15:56:39.759937,/muse/gyro,"[2.190704345703125, -3.386993408203125, -6.400146484375]"
2025-11-24T15:56:39.775664,/muse/eeg,"[707.1428571428571, 786.1172161172161, 803.4432234432235, 739.3772893772893]"
2025-11-24T15:56:39.867468,/muse/eeg,"[696.6666666666667, 805.8608058608058, 700.6959706959707, 704.7252747252747]"
2025-11-24T15:56:39.913739,/muse/eeg,"[906.5934065934066, 779.6703296703297, 511.72161172161174, 873.5531135531136]"
2025-11-24T15:56:40.036887,/muse/eegAux,"[nan, nan, 0.0, 0.0]"
2025-11-24T15:56:40.130947,/muse/eeg,"[831.2454212454213, 791.7582417582418, 953.7362637362637, 850.989010989011]"
2025-11-24T15:56:40.099904,/muse/eeg,"[860.2564102564103, 794.1758241758242, 648.3150183150183, 863.4798534798535]"
2025-11-24T15:56:40.192841,/muse/eegAux,"[nan, nan, 0.0, 0.0]"
2025-11-24T15:56:40.254726,/muse/eeg,"[832.0512820512821, 797.3992673992674, 773.6263736263736, 814.3223443223443]"
2025-11-24T15:56:40.285370,/muse/eeg,"[833.6630036630037, 788.1318681318681, 667.6556776556777, 809.0842490842491]"
2025-11-24T15:56:40.332161,/muse/eeg,"[799.4139194139194, 794.1758241758242, 506.4835164835165, 788.1318681318681]"
2025-11-24T15:56:40.409591,/muse/gyro,"[4.007568359375, -8.680572509765625, 68.82400512695312]"
2025-11-24T15:56:40.488213,/muse/eeg,"[839.3040293040293, 768.3882783882784, 658.7912087912088, 819.1575091575091]"
2025-11-24T15:56:40.519395,/muse/eegAux,"[nan, nan, 0.0, 0.0]"
2025-11-24T15:56:40.566329,/muse/eeg,"[812.7106227106227, 774.0293040293041, 876.3736263736264, 822.3809523809524]"
2025-11-24T15:56:40.689211,/muse/eeg,"[772.4175824175825, 807.0695970695971, 845.3479853479854, 792.5641025641025]"
, 0.4603665091753331]"
2025-11-24T15:56:40.738371,/muse/gyro,"[8.860015869140625, 0.49346923828125, 24.770660400390625]"
2025-11-24T15:56:40.769906,/muse/eegAux,"[nan, nan, 0.0, 0.0]"
2025-11-24T15:56:40.863541,/muse/eeg,"[784.5054945054945, 792.967032967033, 895.3113553113553, 786.1172161172161]"
2025-11-24T15:56:40.817066,/muse/eeg,"[801.025641025641, 797.8021978021978, 954.945054945055, 775.2380952380953]"
2025-11-24T15:56:40.940534,/muse/eegAux,"[nan, nan, 0.0, 0.0]"
2025-11-24T15:56:41.048663,/muse/eeg,"[797.8021978021978, 803.4432234432235, 911.0256410256411, 796.1904761904763]"
2025-11-24T15:56:41.001441,/muse/gyro,"[6.123504638671875, -2.51220703125, 15.858306884765625]"
2025-11-24T15:56:40.925531,/muse/eeg,"[765.1648351648352, 817.1428571428571, 793.7728937728938, 736.959706959707]"
2025-11-24T15:56:41.141991,/muse/eeg,"[795.7875457875458, 795.3846153846154, 1210.805860805861, 789.3406593406594]"
2025-11-24T15:56:41.281710,/muse/eeg,"[802.6373626373627, 804.2490842490843, 798.6080586080586, 806.2637362637363]"
2025-11-24T15:56:41.328427,/muse/eeg,"[809.8901098901099, 803.040293040293, 1137.8754578754579, 808.6813186813187]"
2025-11-24T15:56:41.391364,/muse/eeg,"[752.2710622710623, 809.8901098901099, 1392.1245421245421, 803.8461538461539]"
2025-11-24T15:56:41.406491,/muse/gyro,"[6.4898681640625, -6.08612060546875, 6.273040771484375]"
2025-11-24T15:56:41.483013,/muse/eeg,"[776.4468864468864, 815.1282051282052, 375.12820512820514, 806.2637362637363]"
2025-11-24T15:56:41.513918,/muse/eegAux,"[nan, nan, 0.0, 0.0]"
2025-11-24T15:56:41.576089,/muse/eeg,"[798.6080586080586, 812.3076923076924, 427.91208791208794, 770.0]"
2025-11-24T15:56:41.607396,/muse/eegAux,"[nan, nan, 0.0, 0.0]"
2025-11-24T15:56:41.669614,/muse/eeg,"[834.8717948717949, 779.6703296703297, 798.2051282051282, 780.8791208791209]"
2025-11-24T15:56:41.762798,/muse/drlref,"[1617362.6373626373, 1596410.2564102563]"
2025-11-24T15:56:41.825678,/muse/drlref,"[1617362.6373626373, 1596410.2564102563]"
2025-11-24T15:56:41.949578,/muse/gyro,"[-7.843170166015625, -11.013336181640625, 95.15731811523438]"
2025-11-24T15:56:42.012250,/muse/eegAux,"[nan, nan, 0.0, 0.0]"
2025-11-24T15:56:42.120276,/muse/eeg,"[640.2564102564103, 749.8534798534798, 1026.6666666666667, 605.6043956043957]"
2025-11-24T15:56:42.167100,/muse/gyro,"[-22.288360595703125, -16.635894775390625, 116.817626953125]"
2025-11-24T15:56:42.197929,/muse/eegAux,"[nan, nan, 0.0, 0.0]"
2025-11-24T15:56:42.243694,/muse/eeg,"[732.9304029304029, 775.2380952380953, 1473.5164835164835, 837.6923076923077]"
2025-11-24T15:56:42.321330,/muse/eeg,"[678.5347985347986, 806.6666666666667, 1384.871794871795, 830.8424908424909]"
2025-11-24T15:56:42.467204,/muse/gyro,"[-4.53094482421875, -5.301055908203125, 36.6363525390625]"
2025-11-24T15:56:42.538571,/muse/eeg,"[657.5824175824176, 812.7106227106227, 1469.4871794871794, 834.4688644688645]"
2025-11-24T15:56:42.679661,/muse/eeg,"[745.8241758241759, 797.3992673992674, 1574.2490842490843, 803.8461538461539]"
2025-11-24T15:56:42.725617,/muse/gyro,"[4.59075927734375, 8.097381591796875, 17.54058837890625]"
2025-11-24T15:56:42.772655,/muse/eeg,"[836.0805860805862, 784.1025641025641, 1616.959706959707, 830.4395604395604]"
2025-11-24T15:56:42.912406,/muse/eegAux,"[nan, nan, 0.0, 0.0]"
2025-11-24T15:56:42.974157,/muse/gyro,"[0.351409912109375, 3.349609375, 21.39862060546875]"
2025-11-24T15:56:42.850093,/muse/eeg,"[825.6043956043957, 821.1721611721612, 1490.8424908424909, 800.6227106227107]"
2025-11-24T15:56:43.082978,/muse/acc,"[-0.17181396484375, -0.2154541015625, 0.95489501953125]"
2025-11-24T15:56:43.144694,/muse/eeg,"[853.8095238095239, 820.3663003663004, 1308.3150183150183, 786.9230769230769]"
2025-11-24T15:56:43.206034,/muse/gyro,"[5.839385986328125, 1.973876953125, 11.31988525390625]"
2025-11-24T15:56:43.252335,/muse/eeg,"[834.4688644688645, 817.1428571428571, 1202.7472527472528, 782.0879120879121]"
2025-11-24T15:56:43.298734,/muse/eegAux,"[nan, nan, 0.0, 0.0]"
2025-11-24T15:56:43.376757,/muse/gyro,"[3.6187744140625, 0.874786376953125, 13.3685302734375]"
2025-11-24T15:56:43.422720,/muse/acc,"[-0.14306640625, -0.2147216796875, 0.97271728515625]"
2025-11-24T15:56:43.437920,/muse/eeg,"[803.040293040293, 791.3553113553114, 1425.1648351648353, 763.956043956044]"
2025-11-24T15:56:43.468947,/muse/acc,"[-0.27734375, -0.23553466796875, 0.89642333984375]"
2025-11-24T15:56:43.625719,/muse/eegAux,"[nan, nan, 0.0, 0.0]"
2025-11-24T15:56:43.672855,/muse/eeg,"[852.6007326007326, 816.3369963369963, 1052.051282051282, 808.2783882783883]"
2025-11-24T15:56:43.749059,/muse/eeg,"[861.0622710622711, 828.8278388278388, 1295.4212454212454, 764.7619047619048]"
2025-11-24T15:56:43.811280,/muse/gyro,"[5.9814453125, -3.357086181640625, 10.549774169921875]"
2025-11-24T15:56:43.858085,/muse/gyro,"[5.9814453125, -3.357086181640625, 10.549774169921875]"
2025-11-24T15:56:43.998453,/muse/eeg,"[842.9304029304029, 827.6190476190476, 1375.6043956043957, 825.2014652014652]"
2025-11-24T15:56:44.048275,/muse/eegAux,"[nan, nan, 0.0, 0.0]"
2025-11-24T15:56:44.094373,/muse/eeg,"[862.6739926739926, 830.4395604395604, 1570.2197802197802, 785.3113553113553]"
2025-11-24T15:56:44.156947,/muse/gyro,"[6.691741943359375, -3.9178466796875, 0.127105712890625]"
2025-11-24T15:56:44.202947,/muse/gyro,"[6.691741943359375, -3.9178466796875, 0.127105712890625]"
2025-11-24T15:56:44.280739,/muse/gyro,"[3.506622314453125, -4.14215087890625, -1.622467041015625]"
2025-11-24T15:56:44.342256,/muse/eeg,"[799.8168498168499, 821.978021978022, 1347.802197802198, 801.025641025641]"
2025-11-24T15:56:44.373520,/muse/eeg,"[808.6813186813187, 816.7399267399268, 1435.2380952380952, 794.981684981685]"
2025-11-24T15:56:44.467420,/muse/elements/alpha_relative,"[0.2974642048847242, 0.32958517787041636, 0.23952359640232274, 0.276030228791707]"
2025-11-24T15:56:44.514253,/muse/eeg,"[788.1318681318681, 823.992673992674, 1277.6923076923076, 777.6556776556777]"
2025-11-24T15:56:44.606715,/muse/eegAux,"[nan, nan, 0.0, 0.0]"
2025-11-24T15:56:44.715741,/muse/eeg,"[858.2417582417582, 836.0805860805862, 1628.6446886446886, 753.4798534798535]"
2025-11-24T15:56:44.777401,/muse/eegAux,"[nan, nan, 0.0, 0.0]"
2025-11-24T15:56:44.792963,/muse/eeg,"[789.7435897435897, 826.4102564102565, 1016.996336996337, 798.2051282051282]"
2025-11-24T15:56:44.839358,/muse/gyro,"[6.990814208984375, -3.42437744140625, -16.40411376953125]"
2025-11-24T15:56:44.918163,/muse/gyro,"[7.07305908203125, -6.26556396484375, -16.725616455078125]"
2025-11-24T15:56:44.994774,/muse/eeg,"[808.2783882783883, 833.2600732600733, 1271.2454212454213, 809.0842490842491]"
2025-11-24T15:56:45.056748,/muse/drlref,"[1617362.6373626373, 1596410.2564102563]"
2025-11-24T15:56:45.181356,/muse/eeg,"[777.6556776556777, 813.919413919414, 1313.956043956044, 799.4139194139194]"
2025-11-24T15:56:45.150488,/muse/drlref,"[1617362.6373626373, 1596410.2564102563]"
2025-11-24T15:56:45.228187,/muse/eeg,"[761.1355311355312, 810.2930402930403, 1477.948717948718, 792.1611721611722]"
2025-11-24T15:56:45.321855,/muse/eeg,"[774.0293040293041, 835.6776556776557, 1282.930402930403, 798.6080586080586]"
2025-11-24T15:56:45.383397,/muse/eeg,"[786.5201465201466, 853.0036630036631, 1351.8315018315018, 809.0842490842491]"
2025-11-24T15:56:45.462555,/muse/eeg,"[782.4908424908425, 833.6630036630037, 1408.6446886446886, 798.2051282051282]"
2025-11-24T15:56:45.493240,/muse/eeg,"[815.5311355311355, 835.2747252747253, 1539.5970695970695, 834.0659340659341]"
2025-11-24T15:56:45.587238,/muse/eegAux,"[nan, nan, 0.0, 0.0]"
2025-11-24T15:56:45.633862,/muse/elements/beta_relative,"[0.2518737662621569, 0.1551632998323074, 0.2615152154619236, 0.29769301941266735]"
2025-11-24T15:56:45.665200,/muse/eeg,"[830.0366300366301, 802.6373626373627, 1292.1978021978023, 819.96336996337]"
2025-11-24T15:56:45.696447,/muse/eeg,"[763.1501831501831, 814.7252747252747, 1358.6813186813188, 783.6996336996338]"
2025-11-24T15:56:45.743546,/muse/eeg,"[784.1025641025641, 817.948717948718, 1455.787545787546, 814.7252747252747]"
2025-11-24T15:56:45.758888,/muse/eeg,"[774.4322344322345, 812.7106227106227, 1510.5860805860807, 777.6556776556777]"
2025-11-24T15:56:45.867809,/muse/eegAux,"[nan, nan, 0.0, 0.0]"
2025-11-24T15:56:45.947275,/muse/elements/alpha_relative,"[0.2974642048847242, 0.2510993612150229, 0.23952359640232274, 0.358362250517396]"
2025-11-24T15:56:45.994053,/muse/gyro,"[1.83929443359375, -8.314208984375, -4.8748779296875]"
2025-11-24T15:56:46.056092,/muse/gyro,"[2.504730224609375, -7.4468994140625, -4.134674072265625]"
2025-11-24T15:56:46.102254,/muse/gyro,"[3.641204833984375, -3.850555419921875, -1.4056396484375]"
2025-11-24T15:56:46.162961,/muse/eeg,"[796.996336996337, 815.934065934066, 1028.6813186813188, 822.3809523809524]"
2025-11-24T15:56:46.209236,/muse/eeg,"[831.6483516483516, 810.6959706959707, 1405.018315018315, 786.1172161172161]"
2025-11-24T15:56:46.271784,/muse/eegAux,"[nan, nan, 0.0, 0.0]"
2025-11-24T15:56:46.317530,/muse/acc,"[-0.0897216796875, -0.249267578125, 0.9754638671875]"
2025-11-24T15:56:46.364295,/muse/eegAux,"[nan, nan, 0.0, 0.0]"
2025-11-24T15:56:46.472188,/muse/gyro,"[6.50482177734375, 4.314117431640625, -2.714080810546875]"
2025-11-24T15:56:46.551135,/muse/eeg,"[796.996336996337, 828.021978021978, 1440.0732600732601, 788.1318681318681]"
2025-11-24T15:56:46.628004,/muse/eegAux,"[nan, nan, 0.0, 0.0]"
2025-11-24T15:56:46.690390,/muse/elements/alpha_absolute,"[0.9400914394331658, 0.9019228943316338, 0.9472492683000144, 1.5933929698669775]"
2025-11-24T15:56:46.644044,/muse/eeg,"[785.3113553113553, 798.6080586080586, 0.0, 834.0659340659341]"
2025-11-24T15:56:46.783865,/muse/eegAux,"[nan, nan, 0.0, 0.0]"
5641025641, 1553.6996336996338, 807.4725274725275]"
2025-11-24T15:56:46.814591,/muse/gyro,"[4.987030029296875, -0.3887939453125, -11.820831298828125]"
2025-11-24T15:56:46.876881,/muse/eeg,"[757.5091575091575, 838.4981684981685, 1131.025641025641, 759.92673992674]"
2025-11-24T15:56:46.845642,/muse/elements/beta_absolute,"[0.5308675030140914, 0.7026309641278244, 0.9853979264338821, 1.4222726159198216]"
2025-11-24T15:56:47.017552,/muse/eegAux,"[nan, nan, 0.0, 0.0]"
2025-11-24T15:56:47.064875,/muse/eeg,"[770.0, 810.6959706959707, 1574.2490842490843, 798.6080586080586]"
2025-11-24T15:56:47.126077,/muse/gyro,"[3.30474853515625, 16.31439208984375, -15.5218505859375]"
2025-11-24T15:56:47.204211,/muse/gyro,"[3.30474853515625, 16.31439208984375, -15.5218505859375]"
2025-11-24T15:56:47.250905,/muse/eeg,"[767.1794871794872, 798.6080586080586, 925.1282051282052, 810.2930402930403]"
2025-11-24T15:56:47.328858,/muse/eeg,"[786.1172161172161, 801.8315018315019, 1623.4065934065934, 789.3406593406594]"
2025-11-24T15:56:47.390626,/muse/eegAux,"[nan, nan, 0.0, 0.0]"
2025-11-24T15:56:47.421051,/muse/eeg,"[774.4322344322345, 788.9377289377289, 1633.076923076923, 807.4725274725275]"
2025-11-24T15:56:47.452882,/muse/drlref,"[1617362.6373626373, 1596410.2564102563]"
2025-11-24T15:56:47.546969,/muse/eegAux,"[nan, nan, 0.0, 0.0]"
2025-11-24T15:56:47.593708,/muse/eeg,"[757.1062271062272, 810.6959706959707, 1629.047619047619, 800.2197802197802]"
2025-11-24T15:56:47.748357,/muse/eeg,"[713.5897435897436, 821.978021978022, 1593.5897435897436, 800.6227106227107]"
2025-11-24T15:56:47.654729,/muse/gyro,"[0.43365478515625, -2.3626708984375, -5.241241455078125]"
2025-11-24T15:56:47.701307,/muse/eegAux,"[nan, nan, 0.0, 0.0]"
2025-11-24T15:56:47.779114,/muse/eegAux,"[nan, nan, 0.0, 0.0]"
2025-11-24T15:56:47.872810,/muse/gyro,"[8.2244873046875, 4.837493896484375, -6.8487548828125]"
2025-11-24T15:56:48.013787,/muse/gyro,"[7.5665283203125, 5.256195068359375, -4.762725830078125]"
2025-11-24T15:56:47.810342,/muse/eeg,"[795.3846153846154, 791.3553113553114, 1607.6923076923078, 815.1282051282052]"
2025-11-24T15:56:47.951450,/muse/gyro,"[7.5665283203125, 5.256195068359375, -4.762725830078125]"
2025-11-24T15:56:48.169251,/muse/eeg,"[762.3443223443223, 797.3992673992674, 1607.2893772893774, 790.5494505494506]"
2025-11-24T15:56:48.261006,/muse/eegAux,"[nan, nan, 0.0, 0.0]"
2025-11-24T15:56:48.291732,/muse/eeg,"[806.2637362637363, 814.3223443223443, 18.534798534798536, 803.8461538461539]"
2025-11-24T15:56:48.463859,/muse/eegAux,"[nan, nan, 0.0, 0.0]"
2025-11-24T15:56:48.060579,/muse/elements/beta_relative,"[0.07901712241778737, 0.2362425512655914, 0.2615152154619236, 0.32051705267784714]"
2025-11-24T15:56:48.416373,/muse/eegAux,"[nan, nan, 0.0, 0.0]"
2025-11-24T15:56:48.555369,/muse/gyro,"[1.099090576171875, -8.351593017578125, -13.44329833984375]"
2025-11-24T15:56:48.602049,/muse/gyro,"[1.099090576171875, -8.351593017578125, -13.44329833984375]"
2025-11-24T15:56:48.664664,/muse/gyro,"[1.099090576171875, -8.351593017578125, -13.44329833984375]"
2025-11-24T15:56:48.741848,/muse/acc,"[-0.4671630859375, -0.23822021484375, 0.88909912109375]"
2025-11-24T15:56:48.834704,/muse/gyro,"[9.368438720703125, -16.0003662109375, -42.909393310546875]"
2025-11-24T15:56:48.928276,/muse/gyro,"[10.803985595703125, -2.85614013671875, -37.585906982421875]"
2025-11-24T15:56:48.881371,/muse/gyro,"[9.9591064453125, -10.190887451171875, -39.993438720703125]"
2025-11-24T15:56:49.006392,/muse/gyro,"[10.803985595703125, -2.85614013671875, -37.585906982421875]"
2025-11-24T15:56:49.114422,/muse/eeg,"[828.4249084249085, 761.941391941392, 1616.959706959707, 778.8644688644689]"
2025-11-24T15:56:49.160889,/muse/gyro,"[3.671112060546875, -11.3348388671875, -9.592742919921875]"
2025-11-24T15:56:49.223131,/muse/eeg,"[889.2673992673992, 786.5201465201466, 1616.959706959707, 799.8168498168499]"
2025-11-24T15:56:49.254504,/muse/eeg,"[858.2417582417582, 800.6227106227107, 1602.051282051282, 791.3553113553114]"
2025-11-24T15:56:49.346738,/muse/acc,"[-0.2113037109375, -0.32818603515625, 0.923828125]"
2025-11-24T15:56:49.407593,/muse/eeg,"[749.4505494505495, 793.7728937728938, 1620.9890109890111, 796.1904761904763]"
2025-11-24T15:56:49.501726,/muse/eegAux,"[nan, nan, 0.0, 0.0]"
2025-11-24T15:56:49.564302,/muse/drlref,"[1617362.6373626373, 1596410.2564102563]"
2025-11-24T15:56:49.596130,/muse/eeg,"[768.7912087912088, 794.1758241758242, 1605.6776556776558, 786.1172161172161]"
2025-11-24T15:56:49.750809,/muse/eeg,"[785.7142857142858, 796.1904761904763, 1582.3076923076924, 783.6996336996338]"
2025-11-24T15:56:49.690190,/muse/eeg,"[801.025641025641, 799.8168498168499, 1622.6007326007327, 812.7106227106227]"
2025-11-24T15:56:49.816429,/muse/eegAux,"[nan, nan, 0.0, 0.0]"
2025-11-24T15:56:49.924272,/muse/acc,"[-0.2147216796875, -0.34771728515625, 0.910400390625]"
2025-11-24T15:56:49.893252,/muse/eeg,"[805.8608058608058, 819.1575091575091, 1616.959706959707, 803.4432234432235]"
2025-11-24T15:56:49.970327,/muse/eeg,"[796.5934065934066, 803.040293040293, 1595.2014652014652, 782.4908424908425]"
2025-11-24T15:56:50.031728,/muse/eegAux,"[nan, nan, 0.0, 0.0]"
08058608058, 1622.6007326007327, 801.4285714285714]"
2025-11-24T15:56:50.109136,/muse/drlref,"[1617362.6373626373, 1596410.2564102563]"
2025-11-24T15:56:50.169996,/muse/drlref,"[1616556.7765567766, 1596410.2564102563]"
2025-11-24T15:56:50.205782,/muse/eeg,"[822.3809523809524, 804.2490842490843, 1631.062271062271, 806.2637362637363]"
2025-11-24T15:56:50.262863,/muse/gyro,"[7.738494873046875, -6.08612060546875, -7.3870849609375]"
2025-11-24T15:56:50.293985,/muse/acc,"[-0.09112548828125, -0.3948974609375, 0.9749755859375]"
2025-11-24T15:56:50.357883,/muse/eeg,"[780.4761904761905, 803.040293040293, 1622.6007326007327, 796.1904761904763]"
2025-11-24T15:56:50.436878,/muse/eeg,"[798.2051282051282, 813.1135531135532, 1622.6007326007327, 796.5934065934066]"
2025-11-24T15:56:50.483602,/muse/eegAux,"[nan, nan, 0.0, 0.0]"
2025-11-24T15:56:50.561154,/muse/elements/theta_absolute,"[1.1536458168684043, 0.7543680506560015, 0.7240757446562845, 0.5289780124073005]"
2025-11-24T15:56:50.607567,/muse/eeg,"[797.3992673992674, 797.3992673992674, 1615.3479853479853, 809.8901098901099]"
2025-11-24T15:56:50.748254,/muse/elements/alpha_absolute,"[0.8484398151467217, 0.5836616785112656, 0.9472492683000144, 1.2017302471428484]"
2025-11-24T15:56:50.716982,/muse/eeg,"[788.1318681318681, 798.6080586080586, 1624.2124542124543, 818.3516483516484]"
2025-11-24T15:56:50.825251,/muse/gyro,"[27.611846923828125, -2.6019287109375, -23.88092041015625]"
2025-11-24T15:56:50.902720,/muse/acc,"[-0.24957275390625, -0.08740234375, 0.93231201171875]"
2025-11-24T15:56:50.965020,/muse/eeg,"[725.2747252747253, 788.1318681318681, 1622.6007326007327, 805.8608058608058]"
2025-11-24T15:56:51.026886,/muse/acc,"[-0.24615478515625, -0.0615234375, 1.0123291015625]"
2025-11-24T15:56:51.089306,/muse/eeg,"[786.1172161172161, 784.1025641025641, 1319.5970695970695, 770.4029304029305]"
2025-11-24T15:56:51.196691,/muse/eegAux,"[nan, nan, 0.0, 0.0]"
2025-11-24T15:56:51.259110,/muse/gyro,"[22.393035888671875, -37.137298583984375, -19.30511474609375]"
2025-11-24T15:56:51.290643,/muse/eeg,"[811.5018315018315, 788.9377289377289, 783.2967032967033, 786.5201465201466]"
2025-11-24T15:56:51.368717,/muse/eeg,"[773.2234432234433, 793.3699633699634, 1568.2051282051282, 780.0732600732601]"
2025-11-24T15:56:51.446317,/muse/drlref,"[1617362.6373626373, 1596410.2564102563]"
2025-11-24T15:56:51.509354,/muse/gyro,"[7.469329833984375, -3.835601806640625, -11.761016845703125]"
2025-11-24T15:56:51.570961,/muse/eeg,"[788.5347985347986, 801.4285714285714, 1184.6153846153848, 799.8168498168499]"
2025-11-24T15:56:51.632790,/muse/eeg,"[789.3406593406594, 793.3699633699634, 1193.076923076923, 802.6373626373627]"
2025-11-24T15:56:51.678790,/muse/eeg,"[763.1501831501831, 798.6080586080586, 913.040293040293, 789.7435897435897]"
2025-11-24T15:56:51.694287,/muse/eeg,"[815.934065934066, 800.6227106227107, 1553.6996336996338, 786.5201465201466]"
2025-11-24T15:56:51.802938,/muse/gyro,"[4.089813232421875, -17.5555419921875, -4.83001708984375]"
2025-11-24T15:56:51.849310,/muse/eeg,"[770.8058608058608, 795.3846153846154, 1086.7032967032967, 802.2344322344322]"
2025-11-24T15:56:51.926888,/muse/eeg,"[794.5787545787546, 809.4871794871796, 827.2161172161173, 783.2967032967033]"
2025-11-24T15:56:52.004166,/muse/eeg,"[792.967032967033, 788.1318681318681, 929.5604395604396, 776.4468864468864]"
2025-11-24T15:56:52.128494,/muse/eeg,"[792.5641025641025, 810.2930402930403, 1013.7728937728938, 796.1904761904763]"
2025-11-24T15:56:52.050090,/muse/eegAux,"[nan, nan, 0.0, 0.0]"
2025-11-24T15:56:52.081297,/muse/eeg,"[793.7728937728938, 789.3406593406594, 825.2014652014652, 793.3699633699634]"
2025-11-24T15:56:52.189799,/muse/eeg,"[784.9084249084249, 811.0989010989011, 543.1501831501831, 800.6227106227107]"
2025-11-24T15:56:52.313905,/muse/eeg,"[782.0879120879121, 809.4871794871796, 1079.4505494505495, 800.2197802197802]"
2025-11-24T15:56:52.360981,/muse/eeg,"[782.893772893773, 807.0695970695971, 1250.2930402930403, 797.3992673992674]"
2025-11-24T15:56:52.422836,/muse/gyro,"[8.83758544921875, 8.5235595703125, -10.1385498046875]"
2025-11-24T15:56:52.391786,/muse/eeg,"[809.0842490842491, 814.7252747252747, 1188.2417582417584, 793.3699633699634]"
2025-11-24T15:56:52.438162,/muse/gyro,"[8.83758544921875, 8.5235595703125, -10.1385498046875]"
2025-11-24T15:56:52.532487,/muse/eegAux,"[nan, nan, 0.0, 0.0]"
2025-11-24T15:56:52.640690,/muse/eeg,"[810.6959706959707, 825.2014652014652, 1365.128205128205, 806.2637362637363]"
2025-11-24T15:56:52.732907,/muse/gyro,"[5.525360107421875, -6.14593505859375, -2.669219970703125]"
2025-11-24T15:56:52.810678,/muse/eeg,"[796.996336996337, 815.1282051282052, 902.1611721611722, 799.4139194139194]"
2025-11-24T15:56:52.874028,/muse/eeg,"[840.9157509157509, 803.8461538461539, 952.5274725274726, 803.8461538461539]"
2025-11-24T15:56:52.904990,/muse/gyro,"[6.400146484375, -3.70849609375, -3.3795166015625]"
2025-11-24T15:56:52.967361,/muse/eegAux,"[nan, nan, 0.0, 0.0]"
2025-11-24T15:56:53.014589,/muse/gyro,"[5.510406494140625, -4.762725830078125, -2.25799560546875]"
2025-11-24T15:56:53.076517,/muse/eeg,"[800.2197802197802, 813.5164835164835, 1054.4688644688645, 794.981684981685]"
2025-11-24T15:56:53.107563,/muse/eeg,"[796.1904761904763, 803.8461538461539, 1230.952380952381, 789.3406593406594]"
2025-11-24T15:56:53.200905,/muse/eegAux,"[nan, nan, 0.0, 0.0]"
2025-11-24T15:56:53.247444,/muse/eeg,"[800.2197802197802, 803.4432234432235, 1050.8424908424909, 813.919413919414]"
2025-11-24T15:56:53.293619,/muse/gyro,"[3.529052734375, 4.583282470703125, -3.222503662109375]"
2025-11-24T15:56:53.434532,/muse/eeg,"[788.9377289377289, 794.1758241758242, 1310.7326007326008, 789.3406593406594]"
2025-11-24T15:56:53.542358,/muse/eeg,"[811.9047619047619, 803.4432234432235, 1187.032967032967, 794.5787545787546]"
2025-11-24T15:56:53.603495,/muse/elements/alpha_absolute,"[1.3493725234858263, 0.9032137165111694, 0.9472492683000144, 0.6598760457141882]"
2025-11-24T15:56:53.682186,/muse/eeg,"[808.2783882783883, 803.4432234432235, 872.3443223443223, 799.8168498168499]"
2025-11-24T15:56:53.744173,/muse/gyro,"[4.628143310546875, -0.0299072265625, 2.67669677734375]"
2025-11-24T15:56:53.775117,/muse/eeg,"[793.3699633699634, 801.025641025641, 1085.897435897436, 807.4725274725275]"
2025-11-24T15:56:53.836154,/muse/eegAux,"[nan, nan, 0.0, 0.0]"
2025-11-24T15:56:53.882509,/muse/eegAux,"[nan, nan, 0.0, 0.0]"
2025-11-24T15:56:53.928878,/muse/eeg,"[807.0695970695971, 784.9084249084249, 1499.7069597069597, 809.0842490842491]"
2025-11-24T15:56:54.085412,/muse/drlref,"[1617362.6373626373, 1596410.2564102563]"
2025-11-24T15:56:53.975941,/muse/eeg,"[794.5787545787546, 816.7399267399268, 1008.9377289377289, 799.4139194139194]"
2025-11-24T15:56:54.221949,/muse/drlref,"[1617362.6373626373, 1596410.2564102563]"
2025-11-24T15:56:54.269449,/muse/drlref,"[1617362.6373626373, 1596410.2564102563]"
2025-11-24T15:56:54.377468,/muse/eeg,"[801.025641025641, 798.2051282051282, 1073.003663003663, 793.7728937728938]"
2025-11-24T15:56:54.439367,/muse/eeg,"[801.8315018315019, 813.5164835164835, 1425.1648351648353, 800.6227106227107]"
2025-11-24T15:56:54.516134,/muse/eeg,"[820.3663003663004, 830.8424908424909, 1023.040293040293, 790.5494505494506]"
2025-11-24T15:56:54.578077,/muse/eeg,"[781.6849816849817, 800.6227106227107, 629.3772893772893, 803.040293040293]"
2025-11-24T15:56:54.671149,/muse/eeg,"[794.981684981685, 807.4725274725275, 1404.2124542124543, 800.6227106227107]"
2025-11-24T15:56:54.748028,/muse/gyro,"[2.16827392578125, -5.854339599609375, 5.5029296875]"
2025-11-24T15:56:54.842079,/muse/gyro,"[1.5850830078125, -5.001983642578125, 5.973968505859375]"
2025-11-24T15:56:54.889312,/muse/eegAux,"[nan, nan, 0.0, 0.0]"
2025-11-24T15:56:54.919629,/muse/eegAux,"[nan, nan, 0.0, 0.0]"
2025-11-24T15:56:54.981661,/muse/eeg,"[781.2820512820513, 804.2490842490843, 929.5604395604396, 786.5201465201466]"
2025-11-24T15:56:55.043916,/muse/drlref,"[1617362.6373626373, 1596410.2564102563]"
2025-11-24T15:56:55.136226,/muse/drlref,"[1617362.6373626373, 1596410.2564102563]"
2025-11-24T15:56:55.213343,/muse/eeg,"[792.1611721611722, 778.8644688644689, 990.4029304029305, 800.6227106227107]"
2025-11-24T15:56:55.259171,/muse/eeg,"[786.9230769230769, 788.5347985347986, 1138.2783882783883, 785.3113553113553]"
2025-11-24T15:56:55.306507,/muse/eeg,"[806.6666666666667, 801.8315018315019, 1083.4798534798535, 778.4615384615385]"
2025-11-24T15:56:55.321824,/muse/eeg,"[788.9377289377289, 773.2234432234433, 1164.4688644688645, 798.6080586080586]"
2025-11-24T15:56:55.399411,/muse/eeg,"[813.919413919414, 809.8901098901099, 1185.8241758241759, 789.3406593406594]"
2025-11-24T15:56:55.477299,/muse/gyro,"[2.699127197265625, -4.000091552734375, 2.093505859375]"
2025-11-24T15:56:55.524225,/muse/eegAux,"[nan, nan, 0.0, 0.0]"
2025-11-24T15:56:55.587275,/muse/eeg,"[798.6080586080586, 804.2490842490843, 852.6007326007326, 819.5604395604396]"
2025-11-24T15:56:55.618520,/muse/eeg,"[795.7875457875458, 801.8315018315019, 1278.901098901099, 808.6813186813187]"
2025-11-24T15:56:55.650012,/muse/eeg,"[786.9230769230769, 780.8791208791209, 1020.2197802197802, 780.0732600732601]"
2025-11-24T15:56:55.712428,/muse/eegAux,"[nan, nan, 0.0, 0.0]"
2025-11-24T15:56:55.804967,/muse/eegAux,"[nan, nan, 0.0, 0.0]"
2025-11-24T15:56:55.758712,/muse/eeg,"[786.9230769230769, 780.8791208791209, 1020.2197802197802, 780.0732600732601]"
2025-11-24T15:56:55.881906,/muse/eegAux,"[nan, nan, 0.0, 0.0]"
2025-11-24T15:56:55.913175,/muse/elements/alpha_absolute,"[0.3783117178451133, 0.8418147519508068, 0.9472492683000144, 0.6589077318024112]"
2025-11-24T15:56:55.959758,/muse/eeg,"[811.9047619047619, 782.893772893773, 1236.5934065934066, 806.2637362637363]"
2025-11-24T15:56:56.084732,/muse/eegAux,"[nan, nan, 0.0, 0.0]"
2025-11-24T15:56:56.116338,/muse/acc,"[0.1046142578125, 0.000244140625, 0.99639892578125]"
2025-11-24T15:56:56.178122,/muse/eeg,"[801.4285714285714, 806.2637362637363, 1145.5311355311355, 815.934065934066]"
2025-11-24T15:56:56.256342,/muse/eeg,"[776.0439560439561, 788.1318681318681, 712.3809523809524, 799.0109890109891]"
2025-11-24T15:56:56.350164,/muse/eegAux,"[nan, nan, 0.0, 0.0]"
2025-11-24T15:56:56.427066,/muse/eeg,"[824.7985347985348, 815.934065934066, 1424.7619047619048, 805.054945054945]"
2025-11-24T15:56:56.473584,/muse/eegAux,"[nan, nan, 0.0, 0.0]"
2025-11-24T15:56:56.521117,/muse/eeg,"[814.7252747252747, 778.0586080586081, 1406.2271062271063, 784.9084249084249]"
2025-11-24T15:56:56.597779,/muse/eeg,"[818.7545787545788, 796.1904761904763, 1498.4981684981685, 797.3992673992674]"
2025-11-24T15:56:56.690684,/muse/eegAux,"[nan, nan, 0.0, 0.0]"
2025-11-24T15:56:56.736793,/muse/eeg,"[817.1428571428571, 783.6996336996338, 1494.871794871795, 801.025641025641]"
2025-11-24T15:56:56.813920,/muse/eegAux,"[nan, nan, 0.0, 0.0]"
2025-11-24T15:56:56.860271,/muse/eeg,"[799.0109890109891, 809.8901098901099, 1088.7179487179487, 794.1758241758242]"
2025-11-24T15:56:56.952707,/muse/elements/gamma_relative,"[0.0873591741518742, 0.09983335902117463, 0.08824965284235554, 0.11955940854938303]"
2025-11-24T15:56:56.968719,/muse/eeg,"[779.6703296703297, 790.952380952381, 1338.1318681318683, 805.8608058608058]"
2025-11-24T15:56:57.094470,/muse/eeg,"[803.8461538461539, 809.4871794871796, 1328.0586080586081, 793.3699633699634]"
2025-11-24T15:56:56.984528,/muse/eeg,"[786.9230769230769, 790.952380952381, 1316.3736263736264, 801.8315018315019]"
2025-11-24T15:56:57.172580,/muse/eegAux,"[nan, nan, 0.0, 0.0]"
2025-11-24T15:56:57.203234,/muse/elements/alpha_absolute,"[0.4493637483649312, 0.7605593345896792, 0.9472492683000144, 0.5947684737625379]"
2025-11-24T15:56:57.282156,/muse/gyro,"[7.005767822265625, -6.123504638671875, -3.058013916015625]"
2025-11-24T15:56:57.234468,/muse/gyro,"[7.596435546875, -7.917938232421875, -2.25799560546875]"
2025-11-24T15:56:57.328343,/muse/gyro,"[7.005767822265625, -6.123504638671875, -3.058013916015625]"
2025-11-24T15:56:57.375699,/muse/acc,"[0.04327392578125, 0.11590576171875, 0.99713134765625]"
2025-11-24T15:56:57.406540,/muse/acc,"[0.05621337890625, 0.118896484375, 1.00628662109375]"
2025-11-24T15:56:57.498180,/muse/eeg,"[800.6227106227107, 804.6520146520147, 1365.5311355311355, 809.0842490842491]"
2025-11-24T15:56:57.436859,/muse/gyro,"[4.83001708984375, -6.646881103515625, 2.75146484375]"
2025-11-24T15:56:57.669926,/muse/eeg,"[801.4285714285714, 802.2344322344322, 1104.4322344322345, 803.8461538461539]"
2025-11-24T15:56:57.561648,/muse/eegAux,"[nan, nan, 0.0, 0.0]"
2025-11-24T15:56:57.700419,/muse/eegAux,"[nan, nan, 0.0, 0.0]"
2025-11-24T15:56:57.793298,/muse/gyro,"[4.747772216796875, -5.9814453125, -0.73272705078125]"
2025-11-24T15:56:57.838819,/muse/gyro,"[3.0804443359375, -4.1571044921875, 3.30474853515625]"
2025-11-24T15:56:57.930727,/muse/eeg,"[818.7545787545788, 808.2783882783883, 1443.6996336996338, 784.9084249084249]"
2025-11-24T15:56:57.962126,/muse/eeg,"[790.952380952381, 804.2490842490843, 1228.937728937729, 782.4908424908425]"
2025-11-24T15:56:58.055476,/muse/eeg,"[807.0695970695971, 809.8901098901099, 1222.0879120879122, 797.3992673992674]"
2025-11-24T15:56:57.993106,/muse/gyro,"[1.443023681640625, -4.089813232421875, 7.64129638671875]"
2025-11-24T15:56:58.087514,/muse/drlref,"[1616556.7765567766, 1596410.2564102563]"
2025-11-24T15:56:58.180505,/muse/gyro,"[-2.295379638671875, -12.18719482421875, 6.273040771484375]"
2025-11-24T15:56:58.272932,/muse/eeg,"[844.1391941391942, 822.7838827838829, 1320.0, 815.934065934066]"
2025-11-24T15:56:58.380519,/muse/acc,"[0.1123046875, 0.0745849609375, 0.9942626953125]"
2025-11-24T15:56:58.441966,/muse/drlref,"[1617362.6373626373, 1596410.2564102563]"
2025-11-24T15:56:58.473062,/muse/eegAux,"[nan, nan, 0.0, 0.0]"
2025-11-24T15:56:58.534195,/muse/eeg,"[806.6666666666667, 785.3113553113553, 952.5274725274726, 801.8315018315019]"
2025-11-24T15:56:58.629331,/muse/eeg,"[799.0109890109891, 803.040293040293, 615.2747252747253, 785.7142857142858]"
2025-11-24T15:56:58.660400,/muse/eeg,"[796.1904761904763, 799.8168498168499, 858.2417582417582, 797.3992673992674]"
2025-11-24T15:56:58.783572,/muse/gyro,"[7.76092529296875, -10.355377197265625, -3.925323486328125]"
2025-11-24T15:56:58.752585,/muse/eeg,"[782.0879120879121, 798.2051282051282, 228.46153846153848, 785.3113553113553]"
2025-11-24T15:56:58.845383,/muse/gyro,"[7.22259521484375, -7.798309326171875, -2.64678955078125]"
2025-11-24T15:56:58.907791,/muse/eeg,"[798.6080586080586, 778.8644688644689, 864.6886446886447, 800.6227106227107]"
2025-11-24T15:56:58.954975,/muse/acc,"[0.26434326171875, 0.1741943359375, 0.96221923828125]"
2025-11-24T15:56:59.110463,/muse/eeg,"[777.2527472527473, 782.4908424908425, 705.5311355311355, 796.996336996337]"
2025-11-24T15:56:59.157681,/muse/eeg,"[801.8315018315019, 782.0879120879121, 654.3589743589744, 794.1758241758242]"
2025-11-24T15:56:59.234250,/muse/eeg,"[804.2490842490843, 761.1355311355312, 891.6849816849817, 817.1428571428571]"
2025-11-24T15:56:59.312135,/muse/eegAux,"[nan, nan, 0.0, 0.0]"
2025-11-24T15:56:59.373686,/muse/eeg,"[795.7875457875458, 788.9377289377289, 1131.025641025641, 807.0695970695971]"
2025-11-24T15:56:59.450985,/muse/eeg,"[793.3699633699634, 773.2234432234433, 1004.1025641025641, 806.6666666666667]"
2025-11-24T15:56:59.481603,/muse/eeg,"[799.4139194139194, 787.3260073260074, 930.3663003663004, 822.7838827838829]"
2025-11-24T15:56:59.575127,/muse/eeg,"[834.8717948717949, 755.0915750915751, 584.2490842490843, 832.8571428571429]"
2025-11-24T15:56:59.653459,/muse/eeg,"[796.996336996337, 760.3296703296703, 597.1428571428571, 806.2637362637363]"
2025-11-24T15:56:59.684870,/muse/eeg,"[816.3369963369963, 762.7472527472528, 927.948717948718, 815.934065934066]"
2025-11-24T15:56:59.747284,/muse/eegAux,"[nan, nan, 0.0, 0.0]"
2025-11-24T15:56:59.871714,/muse/gyro,"[2.684173583984375, -6.6693115234375, 3.177642822265625]"
2025-11-24T15:56:59.917324,/muse/eeg,"[770.4029304029305, 761.5384615384615, 794.981684981685, 748.2417582417582]"
2025-11-24T15:56:59.982312,/muse/eegAux,"[nan, nan, 0.0, 0.0]"
2025-11-24T15:57:00.010237,/muse/eeg,"[800.6227106227107, 756.3003663003664, 740.989010989011, 811.0989010989011]"
2025-11-24T15:57:00.040002,/muse/eeg,"[828.021978021978, 730.9157509157509, 503.6630036630037, 841.3186813186813]"
2025-11-24T15:57:00.086767,/muse/eegAux,"[nan, nan, 0.0, 0.0]"
2025-11-24T15:57:00.180447,/muse/drlref,"[1617362.6373626373, 1596410.2564102563]"
2025-11-24T15:57:00.241929,/muse/drlref,"[1617362.6373626373, 1596410.2564102563]"
2025-11-24T15:57:00.319192,/muse/eegAux,"[nan, nan, 0.0, 0.0]"
2025-11-24T15:57:00.425992,/muse/eeg,"[792.5641025641025, 765.9706959706959, 830.8424908424909, 795.3846153846154]"
2025-11-24T15:57:00.365005,/muse/acc,"[0.32220458984375, 0.14105224609375, 0.93365478515625]"
2025-11-24T15:57:00.472818,/muse/eeg,"[801.8315018315019, 749.8534798534798, 698.2783882783883, 806.6666666666667]"
2025-11-24T15:57:00.519137,/muse/gyro,"[0.28411865234375, -5.001983642578125, 10.42266845703125]"
2025-11-24T15:57:00.566067,/muse/eeg,"[809.8901098901099, 740.989010989011, 755.0915750915751, 792.5641025641025]"
2025-11-24T15:57:00.643221,/muse/eeg,"[822.7838827838829, 572.5641025641025, 889.2673992673992, 780.0732600732601]"
2025-11-24T15:57:00.689224,/muse/eeg,"[800.2197802197802, 720.4395604395604, 718.8278388278388, 793.7728937728938]"
2025-11-24T15:57:00.766399,/muse/eegAux,"[nan, nan, 0.0, 0.0]"
2025-11-24T15:57:00.828829,/muse/gyro,"[-1.5850830078125, 3.446807861328125, -0.49346923828125]"
2025-11-24T15:57:00.889815,/muse/gyro,"[-1.5850830078125, 3.446807861328125, -0.49346923828125]"
2025-11-24T15:57:00.996869,/muse/eegAux,"[nan, nan, 0.0, 0.0]"
2025-11-24T15:57:01.028244,/muse/eeg,"[814.7252747252747, 759.92673992674, 612.4542124542124, 825.2014652014652]"
2025-11-24T15:57:01.090499,/muse/eegAux,"[nan, nan, 0.0, 0.0]"
2025-11-24T15:57:01.152951,/muse/gyro,"[0.321502685546875, 0.10467529296875, 0.55328369140625]"
2025-11-24T15:57:01.247258,/muse/acc,"[0.2952880859375, 0.08233642578125, 0.94781494140625]"
2025-11-24T15:57:01.293907,/muse/acc,"[0.2952880859375, 0.08233642578125, 0.94781494140625]"
2025-11-24T15:57:01.340991,/muse/elements/gamma_relative,"[0.06738911101687832, 0.04318039927703908, 0.08824965284235554, 0.032319339189953604]"
2025-11-24T15:57:01.433290,/muse/eegAux,"[nan, nan, 0.0, 0.0]"
2025-11-24T15:57:01.464020,/muse/eeg,"[751.4652014652015, 749.8534798534798, 240.95238095238096, 787.3260073260074]"
2025-11-24T15:57:01.556181,/muse/elements/alpha_absolute,"[0.6698917637095937, 0.8464937543200632, 0.9472492683000144, 0.7969493659486515]"
2025-11-24T15:57:01.618865,/muse/eegAux,"[nan, nan, 0.0, 0.0]"
2025-11-24T15:57:01.665152,/muse/eeg,"[794.981684981685, 782.4908424908425, 713.1868131868132, 805.8608058608058]"
2025-11-24T15:57:01.712540,/muse/drlref,"[1616556.7765567766, 1596410.2564102563]"
2025-11-24T15:57:01.791795,/muse/drlref,"[1617362.6373626373, 1596410.2564102563]"
2025-11-24T15:57:01.869439,/muse/eeg,"[794.5787545787546, 683.3699633699634, 536.3003663003664, 785.7142857142858]"
2025-11-24T15:57:01.930497,/muse/eeg,"[809.8901098901099, 700.6959706959707, 614.8717948717949, 805.8608058608058]"
2025-11-24T15:57:02.008292,/muse/eegAux,"[nan, nan, 0.0, 0.0]"
2025-11-24T15:57:02.087181,/muse/eeg,"[698.2783882783883, 749.047619047619, 450.0732600732601, 711.978021978022]"
2025-11-24T15:57:02.149132,/muse/eeg,"[666.0439560439561, 741.7948717948718, 592.7106227106227, 688.6080586080586]"
2025-11-24T15:57:02.164958,/muse/eeg,"[756.7032967032967, 734.1391941391942, 935.6043956043957, 753.8827838827839]"
2025-11-24T15:57:02.196226,/muse/eeg,"[875.9706959706959, 769.1941391941392, 778.8644688644689, 870.7326007326008]"
2025-11-24T15:57:02.211887,/muse/eegAux,"[nan, nan, 0.0, 0.0]"
2025-11-24T15:57:02.274951,/muse/gyro,"[13.47320556640625, -15.753631591796875, 10.205841064453125]"
2025-11-24T15:57:02.336297,/muse/eeg,"[807.4725274725275, 784.1025641025641, 342.0879120879121, 808.2783882783883]"
2025-11-24T15:57:02.383650,/muse/eeg,"[810.2930402930403, 797.8021978021978, 396.4835164835165, 791.3553113553114]"
2025-11-24T15:57:02.414208,/muse/eeg,"[822.3809523809524, 781.6849816849817, 782.4908424908425, 799.8168498168499]"
2025-11-24T15:57:02.476862,/muse/eeg,"[826.007326007326, 823.1868131868132, 238.13186813186815, 803.4432234432235]"
2025-11-24T15:57:02.554642,/muse/eegAux,"[nan, nan, 0.0, 0.0]"
2025-11-24T15:57:02.632581,/muse/eeg,"[834.4688644688645, 796.5934065934066, 493.992673992674, 814.7252747252747]"
2025-11-24T15:57:02.678899,/muse/eeg,"[810.2930402930403, 805.8608058608058, 704.7252747252747, 805.8608058608058]"
2025-11-24T15:57:02.740620,/muse/gyro,"[-1.428070068359375, 1.15142822265625, -5.562744140625]"
2025-11-24T15:57:02.756393,/muse/eeg,"[801.8315018315019, 795.7875457875458, 491.57509157509156, 807.0695970695971]"
2025-11-24T15:57:02.833431,/muse/eeg,"[807.0695970695971, 786.5201465201466, 728.0952380952381, 812.3076923076924]"
2025-11-24T15:57:02.895505,/muse/eeg,"[798.2051282051282, 779.6703296703297, 901.3553113553114, 807.0695970695971]"
2025-11-24T15:57:03.019525,/muse/gyro,"[-4.149627685546875, 7.53662109375, -3.611297607421875]"
2025-11-24T15:57:03.050633,/muse/eeg,"[795.3846153846154, 784.1025641025641, 471.42857142857144, 799.4139194139194]"
2025-11-24T15:57:03.221971,/muse/eeg,"[799.4139194139194, 794.5787545787546, 835.6776556776557, 791.7582417582418]"
2025-11-24T15:57:03.128958,/muse/eeg,"[788.9377289377289, 801.8315018315019, 562.4908424908425, 820.7692307692308]"
2025-11-24T15:57:03.315749,/muse/gyro,"[-3.36456298828125, -0.680389404296875, -4.344024658203125]"
2025-11-24T15:57:03.376271,/muse/eegAux,"[nan, nan, 0.0, 0.0]"
2025-11-24T15:57:03.423266,/muse/eeg,"[791.7582417582418, 789.3406593406594, 920.2930402930403, 794.981684981685]"
2025-11-24T15:57:03.485138,/muse/gyro,"[-3.701019287109375, 0.1495361328125, -4.463653564453125]"
2025-11-24T15:57:03.530699,/muse/eeg,"[804.6520146520147, 788.9377289377289, 851.3919413919414, 805.4578754578755]"
2025-11-24T15:57:03.622643,/muse/eegAux,"[nan, nan, 0.0, 0.0]"
2025-11-24T15:57:03.699582,/muse/acc,"[0.32330322265625, 0.01055908203125, 0.9498291015625]"
2025-11-24T15:57:03.778144,/muse/eeg,"[800.2197802197802, 765.9706959706959, 635.8241758241759, 797.8021978021978]"
2025-11-24T15:57:03.917676,/muse/gyro,"[-0.171966552734375, -0.13458251953125, -1.62994384765625]"
2025-11-24T15:57:04.039023,/muse/eeg,"[782.0879120879121, 782.893772893773, 371.50183150183153, 797.3992673992674]"
2025-11-24T15:57:04.085199,/muse/eeg,"[788.5347985347986, 788.1318681318681, 720.8424908424909, 803.040293040293]"
2025-11-24T15:57:04.193872,/muse/eegAux,"[nan, nan, 0.0, 0.0]"
2025-11-24T15:57:04.116725,/muse/eeg,"[798.2051282051282, 778.0586080586081, 622.1245421245421, 804.2490842490843]"
2025-11-24T15:57:04.255710,/muse/gyro,"[1.697235107421875, -4.074859619140625, 0.3289794921875]"
2025-11-24T15:57:04.333143,/muse/elements/alpha_absolute,"[0.7553683186649436, 0.7076446359299742, 0.9472492683000144, 0.45359065441118135]"
2025-11-24T15:57:04.411046,/muse/eeg,"[805.4578754578755, 771.2087912087912, 670.0732600732601, 817.5457875457876]"
2025-11-24T15:57:04.488836,/muse/eeg,"[792.967032967033, 768.3882783882784, 680.1465201465202, 792.967032967033]"
2025-11-24T15:57:04.566852,/muse/eegAux,"[nan, nan, 0.0, 0.0]"
2025-11-24T15:57:04.644878,/muse/eeg,"[792.1611721611722, 726.0805860805862, 415.01831501831504, 811.5018315018315]"
2025-11-24T15:57:04.629219,/muse/eegAux,"[nan, nan, 0.0, 0.0]"
2025-11-24T15:57:04.722280,/muse/elements/alpha_absolute,"[0.8311648076851329, 0.7679773001312793, 0.9472492683000144, 0.5453141676101888]"
2025-11-24T15:57:04.784568,/muse/eeg,"[786.1172161172161, 726.886446886447, 328.3882783882784, 791.7582417582418]"
2025-11-24T15:57:04.846810,/muse/eeg,"[692.6373626373627, 802.6373626373627, 526.6300366300367, 674.9084249084249]"
2025-11-24T15:57:04.878027,/muse/elements/alpha_absolute,"[0.8410098087489909, 0.7530016041063657, 0.9472492683000144, 0.5505420193036489]"
2025-11-24T15:57:04.893481,/muse/eeg,"[829.6336996336996, 802.6373626373627, 458.13186813186815, 811.0989010989011]"
2025-11-24T15:57:04.923880,/muse/eegAux,"[nan, nan, 0.0, 0.0]"
2025-11-24T15:57:05.097256,/muse/hsi,"[1.0, 1.0, 4.0, 1.0]"
2025-11-24T15:57:05.034128,/muse/eeg,"[810.2930402930403, 809.4871794871796, 724.8717948717949, 807.0695970695971]"
2025-11-24T15:57:05.188665,/muse/eeg,"[803.8461538461539, 794.981684981685, 499.6336996336996, 799.8168498168499]"
2025-11-24T15:57:05.249945,/muse/gyro,"[2.6617431640625, -3.521575927734375, -2.429962158203125]"
2025-11-24T15:57:05.219824,/muse/eeg,"[813.1135531135532, 811.0989010989011, 564.1025641025641, 806.6666666666667]"
2025-11-24T15:57:05.281001,/muse/eeg,"[794.5787545787546, 823.992673992674, 746.6300366300367, 791.3553113553114]"
2025-11-24T15:57:05.435565,/muse/eeg,"[792.967032967033, 798.6080586080586, 652.3443223443223, 807.8754578754579]"
2025-11-24T15:57:05.374340,/muse/eeg,"[813.5164835164835, 811.5018315018315, 629.7802197802198, 811.5018315018315]"
2025-11-24T15:57:05.482387,/muse/eeg,"[803.8461538461539, 805.4578754578755, 309.4505494505495, 810.6959706959707]"
2025-11-24T15:57:05.560495,/muse/eeg,"[832.8571428571429, 784.5054945054945, 757.9120879120879, 853.4065934065934]"
2025-11-24T15:57:05.669312,/muse/eegAux,"[nan, nan, 0.0, 0.0]"
2025-11-24T15:57:05.731266,/muse/eeg,"[837.2893772893773, 802.2344322344322, 519.3772893772893, 849.7802197802198]"
2025-11-24T15:57:05.823724,/muse/eegAux,"[nan, nan, 0.0, 0.0]"
2025-11-24T15:57:05.885472,/muse/eeg,"[837.2893772893773, 802.2344322344322, 519.3772893772893, 849.7802197802198]"
2025-11-24T15:57:05.977761,/muse/gyro,"[2.280426025390625, -6.17584228515625, -0.246734619140625]"
2025-11-24T15:57:05.946162,/muse/eeg,"[794.981684981685, 787.7289377289378, 747.032967032967, 777.6556776556777]"
2025-11-24T15:57:06.008368,/muse/gyro,"[2.85614013671875, -7.94036865234375, 0.4486083984375]"
2025-11-24T15:57:06.055666,/muse/eeg,"[788.1318681318681, 793.3699633699634, 492.7838827838828, 811.9047619047619]"
2025-11-24T15:57:06.102027,/muse/eegAux,"[nan, nan, 0.0, 0.0]"
2025-11-24T15:57:06.179259,/muse/gyro,"[1.547698974609375, 2.19818115234375, -2.55706787109375]"
2025-11-24T15:57:06.209304,/muse/acc,"[0.2437744140625, -0.05731201171875, 0.97064208984375]"
2025-11-24T15:57:06.286330,/muse/acc,"[0.2437744140625, -0.05731201171875, 0.97064208984375]"
2025-11-24T15:57:06.117148,/muse/eegAux,"[nan, nan, 0.0, 0.0]"
2025-11-24T15:57:06.362391,/muse/acc,"[0.2437744140625, -0.05731201171875, 0.97064208984375]"
2025-11-24T15:57:06.424819,/muse/elements/alpha_absolute,"[0.5734551577050497, 0.7487406611023075, 0.9472492683000144, 0.47758847372939944]"
2025-11-24T15:57:06.533244,/muse/gyro,"[3.297271728515625, -5.375823974609375, 0.231781005859375]"
2025-11-24T15:57:06.565084,/muse/eegAux,"[nan, nan, 0.0, 0.0]"
2025-11-24T15:57:06.796806,/muse/eeg,"[785.7142857142858, 820.3663003663004, 630.989010989011, 794.5787545787546]"
2025-11-24T15:57:06.751254,/muse/eeg,"[799.4139194139194, 792.1611721611722, 612.0512820512821, 783.2967032967033]"
2025-11-24T15:57:06.889298,/muse/eegAux,"[nan, nan, 0.0, 0.0]"
2025-11-24T15:57:06.936432,/muse/eeg,"[801.8315018315019, 834.8717948717949, 946.0805860805862, 800.2197802197802]"
2025-11-24T15:57:07.029191,/muse/eegAux,"[nan, nan, 0.0, 0.0]"
2025-11-24T15:57:07.060775,/muse/gyro,"[4.299163818359375, -0.889739990234375, -1.00189208984375]"
2025-11-24T15:57:07.154823,/muse/eegAux,"[nan, nan, 0.0, 0.0]"
2025-11-24T15:57:07.107896,/muse/eeg,"[811.0989010989011, 816.7399267399268, 322.74725274725273, 812.7106227106227]"
2025-11-24T15:57:07.185687,/muse/gyro,"[5.375823974609375, -1.622467041015625, 3.6187744140625]"
2025-11-24T15:57:07.263970,/muse/eeg,"[814.7252747252747, 806.6666666666667, 727.6923076923077, 817.1428571428571]"
2025-11-24T15:57:07.357422,/muse/eegAux,"[nan, nan, 0.0, 0.0]"
2025-11-24T15:57:07.404048,/muse/eeg,"[797.3992673992674, 783.2967032967033, 541.1355311355311, 809.4871794871796]"
2025-11-24T15:57:07.466463,/muse/eeg,"[785.3113553113553, 757.5091575091575, 734.1391941391942, 809.8901098901099]"
2025-11-24T15:57:07.590400,/muse/eeg,"[796.5934065934066, 762.7472527472528, 771.2087912087912, 804.6520146520147]"
2025-11-24T15:57:07.543791,/muse/eegAux,"[nan, nan, 0.0, 0.0]"
2025-11-24T15:57:07.652491,/muse/eegAux,"[nan, nan, 0.0, 0.0]"
2025-11-24T15:57:07.762199,/muse/eeg,"[793.7728937728938, 796.996336996337, 718.4249084249085, 815.5311355311355]"
2025-11-24T15:57:07.809788,/muse/eegAux,"[nan, nan, 0.0, 0.0]"
2025-11-24T15:57:07.871054,/muse/eeg,"[748.2417582417582, 795.7875457875458, 687.8021978021978, 747.4358974358975]"
2025-11-24T15:57:07.916604,/muse/eegAux,"[nan, nan, 0.0, 0.0]"
2025-11-24T15:57:07.947012,/muse/eeg,"[773.2234432234433, 797.8021978021978, 515.7509157509157, 773.6263736263736]"
2025-11-24T15:57:07.992924,/muse/gyro,"[2.811279296875, -0.530853271484375, -5.27862548828125]"
2025-11-24T15:57:08.023843,/muse/elements/alpha_absolute,"[1.03864745647565, 0.8279701901316905, 0.9472492683000144, 1.023675648236072]"
2025-11-24T15:57:08.054629,/muse/gyro,"[-4.388885498046875, -1.428070068359375, 5.3533935546875]"
2025-11-24T15:57:08.118397,/muse/eeg,"[801.025641025641, 808.6813186813187, 825.2014652014652, 801.025641025641]"
2025-11-24T15:57:08.225630,/muse/gyro,"[6.160888671875, -7.544097900390625, 4.179534912109375]"
2025-11-24T15:57:08.272917,/muse/eeg,"[805.8608058608058, 769.5970695970697, 574.1758241758242, 814.3223443223443]"
2025-11-24T15:57:08.164286,/muse/elements/beta_relative,"[0.07934333335892137, 0.11835699757228695, 0.2615152154619236, 0.15499384704848582]"
2025-11-24T15:57:08.365384,/muse/eeg,"[810.6959706959707, 798.2051282051282, 685.3846153846154, 816.3369963369963]"
2025-11-24T15:57:08.395246,/muse/eeg,"[792.967032967033, 810.6959706959707, 563.2967032967033, 786.5201465201466]"
2025-11-24T15:57:08.455325,/muse/eegAux,"[nan, nan, 0.0, 0.0]"
2025-11-24T15:57:08.531693,/muse/eegAux,"[nan, nan, 0.0, 0.0]"
2025-11-24T15:57:08.579369,/muse/eeg,"[790.1465201465202, 776.0439560439561, 603.5897435897436, 787.7289377289378]"
2025-11-24T15:57:08.673679,/muse/eeg,"[800.2197802197802, 786.1172161172161, 806.6666666666667, 797.8021978021978]"
2025-11-24T15:57:08.610454,/muse/eeg,"[786.5201465201466, 782.0879120879121, 592.7106227106227, 795.7875457875458]"
2025-11-24T15:57:08.748058,/muse/eeg,"[797.3992673992674, 810.2930402930403, 396.8864468864469, 801.025641025641]"
2025-11-24T15:57:08.828210,/muse/eeg,"[808.2783882783883, 794.981684981685, 946.0805860805862, 826.007326007326]"
2025-11-24T15:57:08.859429,/muse/eeg,"[794.981684981685, 797.3992673992674, 371.09890109890114, 809.4871794871796]"
2025-11-24T15:57:08.890089,/muse/gyro,"[-18.662109375, 2.52716064453125, -5.630035400390625]"
2025-11-24T15:57:08.952544,/muse/eegAux,"[nan, nan, 0.0, 0.0]"
2025-11-24T15:57:08.998231,/muse/drlref,"[1617362.6373626373, 1596410.2564102563]"
2025-11-24T15:57:09.060829,/muse/eegAux,"[nan, nan, 0.0, 0.0]"
2025-11-24T15:57:09.091357,/muse/eeg,"[810.2930402930403, 787.7289377289378, 629.7802197802198, 805.4578754578755]"
2025-11-24T15:57:09.154316,/muse/eeg,"[848.5714285714286, 745.4212454212454, 191.3919413919414, 851.7948717948718]"
2025-11-24T15:57:09.200327,/muse/gyro,"[0.538330078125, -7.977752685546875, -0.725250244140625]"
2025-11-24T15:57:09.231321,/muse/elements/delta_absolute,"[1.0161528142136302, 1.1051300435690325, 0.9951193641341841, 0.9991578529088991]"
2025-11-24T15:57:09.292632,/muse/eeg,"[805.4578754578755, 761.941391941392, 703.1135531135532, 803.040293040293]"
2025-11-24T15:57:09.417518,/muse/eeg,"[788.5347985347986, 772.4175824175825, 707.5457875457876, 778.8644688644689]"
2025-11-24T15:57:09.479878,/muse/eegAux,"[nan, nan, 0.0, 0.0]"
2025-11-24T15:57:09.526694,/muse/eeg,"[774.8351648351648, 739.3772893772893, 269.96336996337, 784.9084249084249]"
2025-11-24T15:57:09.589089,/muse/eeg,"[786.9230769230769, 738.974358974359, 551.6117216117216, 770.8058608058608]"
2025-11-24T15:57:09.651649,/muse/drlref,"[1617362.6373626373, 1596410.2564102563]"
2025-11-24T15:57:09.713273,/muse/gyro,"[10.52734375, -15.29754638671875, 2.6617431640625]"
2025-11-24T15:57:09.759902,/muse/eeg,"[786.5201465201466, 707.1428571428571, 720.4395604395604, 801.8315018315019]"
2025-11-24T15:57:09.837817,/muse/eeg,"[779.2673992673992, 736.1538461538462, 570.1465201465202, 794.5787545787546]"
2025-11-24T15:57:09.930864,/muse/eegAux,"[nan, nan, 0.0, 0.0]"
2025-11-24T15:57:09.884242,/muse/elements/gamma_absolute,"[0.036595583667911116, 0.11954759839878505, 0.5136139700309592, 0.19025659791504673]"
2025-11-24T15:57:10.023498,/muse/drlref,"[1617362.6373626373, 1596410.2564102563]"
2025-11-24T15:57:10.085471,/muse/elements/alpha_absolute,"[0.6683666665993545, 0.40125177106003396, 0.9472492683000144, 1.2855815694213937]"
2025-11-24T15:57:10.116543,/muse/elements/gamma_relative,"[0.040522863639217165, 0.05463851379682919, 0.08824965284235554, 0.0231958921201917]"
2025-11-24T15:57:10.193859,/muse/eegAux,"[nan, nan, 0.0, 0.0]"
2025-11-24T15:57:10.240019,/muse/eeg,"[797.3992673992674, 779.2673992673992, 636.6300366300367, 801.8315018315019]"
2025-11-24T15:57:10.270627,/muse/gyro,"[5.944061279296875, -2.75146484375, 2.093505859375]"
2025-11-24T15:57:10.348061,/muse/gyro,"[5.794525146484375, -3.3795166015625, 2.310333251953125]"
2025-11-24T15:57:10.408210,/muse/eegAux,"[nan, nan, 0.0, 0.0]"
2025-11-24T15:57:10.455526,/muse/acc,"[0.39154052734375, -0.21258544921875, 0.89984130859375]"
2025-11-24T15:57:10.550379,/muse/eeg,"[714.7985347985348, 253.04029304029305, 668.0586080586081, 700.6959706959707]"
2025-11-24T15:57:10.643302,/muse/eeg,"[602.3809523809524, 9.267399267399268, 1082.2710622710622, 572.967032967033]"
2025-11-24T15:57:10.705579,/muse/eegAux,"[nan, nan, 0.0, 0.0]"
2025-11-24T15:57:10.751713,/muse/gyro,"[5.944061279296875, -4.6356201171875, -0.7177734375]"
2025-11-24T15:57:10.812518,/muse/eeg,"[703.919413919414, 596.3369963369963, 1233.3699633699634, 683.7728937728938]"
2025-11-24T15:57:10.782440,/muse/eeg,"[595.5311355311355, 700.2930402930403, 1451.7582417582419, 571.3553113553114]"
2025-11-24T15:57:10.888766,/muse/eeg,"[916.6666666666667, 956.1538461538462, 705.1282051282052, 894.1025641025641]"
2025-11-24T15:57:10.935856,/muse/gyro,"[3.050537109375, -2.310333251953125, 3.2000732421875]"
2025-11-24T15:57:10.983533,/muse/eeg,"[749.8534798534798, 1622.1978021978023, 112.01465201465201, 745.0183150183151]"
2025-11-24T15:57:11.029162,/muse/eeg,"[593.1135531135532, 1622.6007326007327, 127.72893772893774, 597.948717948718]"
2025-11-24T15:57:11.091346,/muse/eeg,"[1144.7252747252749, 1622.6007326007327, 125.31135531135531, 1157.2161172161173]"
2025-11-24T15:57:11.122545,/muse/eeg,"[1023.4432234432235, 1622.6007326007327, 706.3369963369963, 1048.8278388278388]"
2025-11-24T15:57:11.200881,/muse/elements/delta_absolute,"[1.0161528142136302, 1.0839174290809814, 0.9951193641341841, 1.7251887597190296]"
2025-11-24T15:57:11.278726,/muse/gyro,"[14.176025390625, 6.407623291015625, 25.264129638671875]"
2025-11-24T15:57:11.325149,/muse/gyro,"[14.176025390625, 6.407623291015625, 25.264129638671875]"
2025-11-24T15:57:11.403674,/muse/gyro,"[14.176025390625, 6.407623291015625, 25.264129638671875]"
2025-11-24T15:57:11.435027,/muse/eeg,"[672.893772893773, 1622.1978021978023, 1386.080586080586, 685.3846153846154]"
2025-11-24T15:57:11.497008,/muse/eeg,"[759.1208791208792, 1622.6007326007327, 1611.3186813186815, 769.1941391941392]"
2025-11-24T15:57:11.713362,/muse/eeg,"[766.3736263736264, 1175.7509157509157, 1622.6007326007327, 761.5384615384615]"
2025-11-24T15:57:11.605673,/muse/gyro,"[17.906951904296875, 5.031890869140625, 46.16180419921875]"
2025-11-24T15:57:11.745148,/muse/gyro,"[16.62841796875, 11.252593994140625, 21.077117919921875]"
2025-11-24T15:57:11.651221,/muse/eegAux,"[nan, nan, 0.0, 0.0]"
2025-11-24T15:57:11.902515,/muse/gyro,"[8.052520751953125, 10.467529296875, 0.919647216796875]"
2025-11-24T15:57:11.776233,/muse/eeg,"[800.6227106227107, 1127.3992673992675, 1622.1978021978023, 810.2930402930403]"
2025-11-24T15:57:12.026769,/muse/gyro,"[8.052520751953125, 10.467529296875, 0.919647216796875]"
2025-11-24T15:57:12.136092,/muse/eeg,"[813.919413919414, 1029.0842490842492, 1622.1978021978023, 805.8608058608058]"
2025-11-24T15:57:12.244205,/muse/gyro,"[8.994598388671875, 5.51788330078125, -4.90478515625]"
2025-11-24T15:57:12.275280,/muse/gyro,"[8.994598388671875, 5.51788330078125, -4.90478515625]"
2025-11-24T15:57:12.336915,/muse/hsi,"[2.0, 1.0, 1.0, 2.0]"
2025-11-24T15:57:12.445178,/muse/eeg,"[793.3699633699634, 1006.1172161172161, 1622.1978021978023, 799.0109890109891]"
2025-11-24T15:57:12.476583,/muse/eegAux,"[nan, nan, 0.0, 0.0]"
2025-11-24T15:57:12.646615,/muse/eeg,"[587.0695970695971, 1254.3223443223444, 1622.1978021978023, 819.5604395604396]"
2025-11-24T15:57:12.537797,/muse/eeg,"[786.1172161172161, 1006.5201465201466, 1622.6007326007327, 801.025641025641]"
2025-11-24T15:57:12.756365,/muse/gyro,"[28.2623291015625, 30.2960205078125, 118.09616088867188]"
2025-11-24T15:57:12.803140,/muse/eeg,"[839.3040293040293, 1386.886446886447, 1622.6007326007327, 850.5860805860806]"
2025-11-24T15:57:12.834566,/muse/gyro,"[-7.37213134765625, 34.610137939453125, 135.74142456054688]"
2025-11-24T15:57:12.850173,/muse/eeg,"[671.6849816849817, 1239.010989010989, 1622.1978021978023, 767.1794871794872]"
2025-11-24T15:57:13.116164,/muse/eeg,"[790.952380952381, 957.7655677655678, 1622.6007326007327, 732.9304029304029]"
2025-11-24T15:57:12.944059,/muse/eeg,"[811.0989010989011, 1018.6080586080586, 1622.1978021978023, 776.8498168498169]"
2025-11-24T15:57:13.038506,/muse/eeg,"[841.3186813186813, 997.2527472527473, 1622.6007326007327, 781.6849816849817]"
2025-11-24T15:57:13.177890,/muse/eeg,"[741.7948717948718, 893.2967032967033, 1622.6007326007327, 711.1721611721612]"
2025-11-24T15:57:13.240149,/muse/eeg,"[804.2490842490843, 877.1794871794872, 1622.6007326007327, 744.2124542124542]"
2025-11-24T15:57:13.333498,/muse/eegAux,"[nan, nan, 0.0, 0.0]"
2025-11-24T15:57:13.412157,/muse/eeg,"[840.5128205128206, 898.5347985347986, 1622.6007326007327, 826.007326007326]"
2025-11-24T15:57:13.443075,/muse/eeg,"[772.014652014652, 860.6593406593407, 1622.1978021978023, 748.2417582417582]"
2025-11-24T15:57:13.504543,/muse/eegAux,"[nan, nan, 0.0, 0.0]"
2025-11-24T15:57:13.551985,/muse/eeg,"[797.8021978021978, 844.1391941391942, 1622.6007326007327, 786.5201465201466]"
2025-11-24T15:57:13.644104,/muse/eeg,"[778.8644688644689, 830.0366300366301, 1622.1978021978023, 728.0952380952381]"
2025-11-24T15:57:13.597794,/muse/eeg,"[792.967032967033, 807.0695970695971, 1622.6007326007327, 734.1391941391942]"
2025-11-24T15:57:13.690440,/muse/eeg,"[770.0, 817.948717948718, 1622.1978021978023, 774.4322344322345]"
2025-11-24T15:57:13.752830,/muse/eegAux,"[nan, nan, 0.0, 0.0]"
2025-11-24T15:57:13.783626,/muse/eegAux,"[nan, nan, 0.0, 0.0]"
2025-11-24T15:57:13.875304,/muse/acc,"[-0.1212158203125, -0.05316162109375, 0.9957275390625]"
2025-11-24T15:57:13.951851,/muse/eeg,"[810.6959706959707, 937.6190476190476, 1622.6007326007327, 776.0439560439561]"
2025-11-24T15:57:14.013351,/muse/eegAux,"[nan, nan, 0.0, 0.0]"
2025-11-24T15:57:14.044249,/muse/eegAux,"[nan, nan, 0.0, 0.0]"
2025-11-24T15:57:14.090908,/muse/eeg,"[678.1318681318681, 870.7326007326008, 1622.6007326007327, 722.4542124542124]"
2025-11-24T15:57:14.168654,/muse/eeg,"[626.959706959707, 916.6666666666667, 1622.6007326007327, 639.8534798534798]"
2025-11-24T15:57:14.215380,/muse/gyro,"[-1.495361328125, -26.789398193359375, 24.351959228515625]"
2025-11-24T15:57:14.386957,/muse/acc,"[-0.02569580078125, -0.11041259765625, 1.071044921875]"
2025-11-24T15:57:14.323838,/muse/gyro,"[-4.59075927734375, -28.703460693359375, 21.69769287109375]"
2025-11-24T15:57:14.447854,/muse/eegAux,"[nan, nan, 0.0, 0.0]"
2025-11-24T15:57:14.556572,/muse/eeg,"[1091.9413919413919, 947.6923076923077, 1622.1978021978023, 974.6886446886447]"
2025-11-24T15:57:14.601864,/muse/gyro,"[3.30474853515625, -31.0137939453125, -8.007659912109375]"
2025-11-24T15:57:14.632935,/muse/eeg,"[835.6776556776557, 901.7582417582418, 1622.1978021978023, 826.007326007326]"
2025-11-24T15:57:14.757147,/muse/acc,"[0.28765869140625, -0.1112060546875, 0.95965576171875]"
2025-11-24T15:57:14.819153,/muse/acc,"[0.3018798828125, -0.0946044921875, 1.00433349609375]"
2025-11-24T15:57:14.849912,/muse/gyro,"[-5.794525146484375, -9.6002197265625, -9.869384765625]"
2025-11-24T15:57:14.911779,/muse/eegAux,"[nan, nan, 0.0, 0.0]"
2025-11-24T15:57:14.958438,/muse/acc,"[0.356201171875, -0.20458984375, 0.91552734375]"
2025-11-24T15:57:15.004326,/muse/eeg,"[897.3260073260074, 836.886446886447, 1622.6007326007327, 812.3076923076924]"
2025-11-24T15:57:15.066523,/muse/gyro,"[-2.5421142578125, -2.55706787109375, 9.61517333984375]"
2025-11-24T15:57:15.082597,/muse/drlref,"[1620586.0805860804, 1596410.2564102563]"
2025-11-24T15:57:15.144724,/muse/drlref,"[1620586.0805860804, 1596410.2564102563]"
2025-11-24T15:57:15.190344,/muse/eeg,"[645.8974358974359, 828.8278388278388, 1622.6007326007327, 757.9120879120879]"
2025-11-24T15:57:15.252705,/muse/eeg,"[706.7399267399268, 835.6776556776557, 1622.1978021978023, 809.8901098901099]"
2025-11-24T15:57:15.315256,/muse/eeg,"[770.8058608058608, 768.7912087912088, 1622.1978021978023, 807.4725274725275]"
2025-11-24T15:57:15.393390,/muse/eeg,"[699.4871794871796, 683.3699633699634, 1622.6007326007327, 672.4908424908425]"
2025-11-24T15:57:15.456246,/muse/eeg,"[992.8205128205128, 538.3150183150183, 1622.6007326007327, 934.3956043956044]"
2025-11-24T15:57:15.563753,/muse/eeg,"[638.2417582417582, 606.8131868131868, 1622.6007326007327, 844.1391941391942]"
2025-11-24T15:57:15.486178,/muse/eegAux,"[nan, nan, 0.0, 0.0]"
2025-11-24T15:57:15.579774,/muse/eegAux,"[nan, nan, 0.0, 0.0]"
2025-11-24T15:57:15.625542,/muse/eeg,"[620.5128205128206, 678.9377289377289, 1622.1978021978023, 826.8131868131868]"
2025-11-24T15:57:15.672251,/muse/eegAux,"[nan, nan, 0.0, 0.0]"
2025-11-24T15:57:15.796029,/muse/eeg,"[817.1428571428571, 670.4761904761905, 1561.7582417582419, 853.4065934065934]"
2025-11-24T15:57:15.718198,/muse/eegAux,"[nan, nan, 0.0, 0.0]"
2025-11-24T15:57:15.858186,/muse/eeg,"[858.6446886446887, 686.5934065934066, 1632.2710622710624, 828.8278388278388]"
2025-11-24T15:57:15.889336,/muse/eegAux,"[nan, nan, 0.0, 0.0]"
2025-11-24T15:57:15.920809,/muse/eeg,"[598.3516483516484, 662.014652014652, 1498.4981684981685, 803.040293040293]"
2025-11-24T15:57:16.012663,/muse/eeg,"[939.2307692307693, 724.4688644688645, 1622.6007326007327, 802.6373626373627]"
2025-11-24T15:57:16.028155,/muse/eeg,"[988.7912087912089, 736.1538461538462, 1622.1978021978023, 807.8754578754579]"
2025-11-24T15:57:16.119519,/muse/eegAux,"[nan, nan, 0.0, 0.0]"
2025-11-24T15:57:16.166304,/muse/gyro,"[12.81524658203125, -0.40374755859375, 3.3197021484375]"
2025-11-24T15:57:16.197051,/muse/gyro,"[-9.174041748046875, 39.679412841796875, 27.925872802734375]"
2025-11-24T15:57:16.275544,/muse/eegAux,"[nan, nan, 0.0, 0.0]"
2025-11-24T15:57:16.353602,/muse/gyro,"[-23.768768310546875, 23.16314697265625, 23.679046630859375]"
2025-11-24T15:57:16.415538,/muse/gyro,"[-20.53131103515625, 17.189178466796875, 22.766876220703125]"
2025-11-24T15:57:16.476520,/muse/acc,"[0.26348876953125, 0.1475830078125, 0.81927490234375]"
2025-11-24T15:57:16.538599,/muse/eeg,"[910.6227106227107, 824.7985347985348, 1622.6007326007327, 865.4945054945056]"
2025-11-24T15:57:16.601301,/muse/eeg,"[913.040293040293, 853.0036630036631, 1622.6007326007327, 838.0952380952381]"
2025-11-24T15:57:16.679305,/muse/eegAux,"[nan, nan, 0.0, 0.0]"
2025-11-24T15:57:16.724742,/muse/gyro,"[-4.50103759765625, -31.081085205078125, -0.16448974609375]"
2025-11-24T15:57:16.787418,/muse/gyro,"[-4.50103759765625, -31.081085205078125, -0.16448974609375]"
2025-11-24T15:57:16.833696,/muse/eeg,"[970.2564102564103, 797.3992673992674, 1622.1978021978023, 821.5750915750916]"
2025-11-24T15:57:16.973359,/muse/eeg,"[634.2124542124542, 767.1794871794872, 1600.8424908424909, 607.2161172161173]"
2025-11-24T15:57:16.926954,/muse/eegAux,"[nan, nan, 0.0, 0.0]"
2025-11-24T15:57:17.082868,/muse/eeg,"[634.2124542124542, 767.1794871794872, 1600.8424908424909, 607.2161172161173]"
2025-11-24T15:57:17.036301,/muse/eegAux,"[nan, nan, 0.0, 0.0]"
2025-11-24T15:57:17.237675,/muse/drlref,"[1619780.2197802197, 1596410.2564102563]"
2025-11-24T15:57:17.128689,/muse/eegAux,"[nan, nan, 0.0, 0.0]"
2025-11-24T15:57:17.191098,/muse/drlref,"[1620586.0805860804, 1596410.2564102563]"
2025-11-24T15:57:17.285528,/muse/drlref,"[1620586.0805860804, 1596410.2564102563]"
2025-11-24T15:57:17.331541,/muse/drlref,"[1620586.0805860804, 1596410.2564102563]"
2025-11-24T15:57:17.393408,/muse/eeg,"[813.919413919414, 821.5750915750916, 1172.930402930403, 777.6556776556777]"
2025-11-24T15:57:17.485546,/muse/gyro,"[27.312774658203125, 24.396820068359375, 29.376373291015625]"
2025-11-24T15:57:17.516395,/muse/eeg,"[612.0512820512821, 879.1941391941392, 1091.1355311355312, 773.2234432234433]"
2025-11-24T15:57:17.655047,/muse/eeg,"[782.893772893773, 865.8974358974359, 1013.3699633699634, 763.956043956044]"
2025-11-24T15:57:17.686777,/muse/elements/beta_absolute,"[0.6115936021144085, 0.47907127590129134, -2.7866814850890833, 0.7743333520254329]"
2025-11-24T15:57:17.732880,/muse/eeg,"[639.8534798534798, 851.3919413919414, 1079.85347985348, 765.5677655677656]"
2025-11-24T15:57:17.794473,/muse/eeg,"[666.8498168498169, 825.6043956043957, 1622.1978021978023, 772.8205128205128]"
2025-11-24T15:57:17.855662,/muse/eeg,"[937.6190476190476, 815.1282051282052, 1623.003663003663, 813.1135531135532]"
2025-11-24T15:57:17.901560,/muse/eegAux,"[nan, nan, 0.0, 0.0]"
2025-11-24T15:57:17.994341,/muse/eeg,"[1075.4212454212454, 815.1282051282052, 1623.003663003663, 801.4285714285714]"
2025-11-24T15:57:18.070445,/muse/gyro,"[-6.871185302734375, 13.32366943359375, 12.48626708984375]"
2025-11-24T15:57:18.040525,/muse/gyro,"[14.84893798828125, 13.32366943359375, 12.48626708984375]"
2025-11-24T15:57:18.148004,/muse/gyro,"[-6.871185302734375, 13.32366943359375, 12.48626708984375]"
2025-11-24T15:57:18.195289,/muse/eeg,"[788.5347985347986, 815.934065934066, 1339.3406593406594, 786.9230769230769]"
2025-11-24T15:57:18.257038,/muse/eeg,"[761.1355311355312, 831.2454212454213, 1076.2271062271063, 796.996336996337]"
2025-11-24T15:57:18.303119,/muse/gyro,"[-30.445556640625, -11.11053466796875, 14.51995849609375]"
2025-11-24T15:57:18.395045,/muse/eeg,"[608.4249084249085, 795.7875457875458, 1012.967032967033, 804.6520146520147]"
2025-11-24T15:57:18.426235,/muse/eeg,"[536.3003663003664, 811.0989010989011, 574.981684981685, 801.025641025641]"
2025-11-24T15:57:18.549493,/muse/eeg,"[391.64835164835165, 813.919413919414, 1056.886446886447, 748.6446886446887]"
2025-11-24T15:57:18.611426,/muse/eeg,"[1624.2124542124543, 763.956043956044, 1623.4065934065934, 883.6263736263736]"
2025-11-24T15:57:18.688514,/muse/gyro,"[-23.01361083984375, -8.01513671875, 0.426177978515625]"
2025-11-24T15:57:18.719944,/muse/eeg,"[597.5457875457876, 790.5494505494506, 94.68864468864469, 767.5824175824176]"
2025-11-24T15:57:18.781820,/muse/eeg,"[590.6959706959707, 784.1025641025641, 194.21245421245422, 780.4761904761905]"
2025-11-24T15:57:18.844573,/muse/gyro,"[4.538421630859375, -22.198638916015625, 12.867584228515625]"
2025-11-24T15:57:18.921515,/muse/gyro,"[4.20196533203125, -24.665985107421875, 13.86199951171875]"
2025-11-24T15:57:18.997960,/muse/gyro,"[4.20196533203125, -24.665985107421875, 13.86199951171875]"
2025-11-24T15:57:19.044143,/muse/acc,"[0.00128173828125, -0.2342529296875, 0.91937255859375]"
2025-11-24T15:57:19.121601,/muse/acc,"[0.00128173828125, -0.2342529296875, 0.91937255859375]"
2025-11-24T15:57:19.199122,/muse/eeg,"[726.4835164835165, 780.4761904761905, 1602.051282051282, 820.3663003663004]"
2025-11-24T15:57:19.276511,/muse/eegAux,"[nan, nan, 0.0, 0.0]"
2025-11-24T15:57:19.338063,/muse/eeg,"[807.0695970695971, 787.7289377289378, 1635.4945054945056, 776.4468864468864]"
2025-11-24T15:57:19.399549,/muse/gyro,"[-11.05072021484375, -9.16656494140625, -2.459869384765625]"
2025-11-24T15:57:19.461323,/muse/eeg,"[772.014652014652, 778.0586080586081, 1184.2124542124543, 805.054945054945]"
2025-11-24T15:57:19.632325,/muse/eeg,"[562.893772893773, 760.7326007326008, 909.4139194139194, 777.2527472527473]"
2025-11-24T15:57:19.710180,/muse/acc,"[-0.00164794921875, -0.0263671875, 1.1976318359375]"
2025-11-24T15:57:19.647872,/muse/eeg,"[799.0109890109891, 788.1318681318681, 1463.4432234432236, 792.1611721611722]"
2025-11-24T15:57:19.741534,/muse/eegAux,"[nan, nan, 0.0, 0.0]"
2025-11-24T15:57:19.834077,/muse/gyro,"[-23.170623779296875, -34.595184326171875, -8.7030029296875]"
2025-11-24T15:57:19.933677,/muse/eeg,"[939.2307692307693, 783.2967032967033, 389.2307692307692, 786.9230769230769]"
2025-11-24T15:57:20.004905,/muse/elements/alpha_absolute,"[0.6683666665993545, 0.40125177106003396, -3.0464130382657006, 1.2830507225320293]"
2025-11-24T15:57:19.959169,/muse/acc,"[0.13153076171875, -0.25732421875, 0.8843994140625]"
2025-11-24T15:57:20.081633,/muse/eeg,"[554.8351648351648, 717.6190476190476, 661.2087912087912, 764.7619047619048]"
2025-11-24T15:57:20.173243,/muse/eeg,"[757.1062271062272, 711.5750915750916, 1552.8937728937728, 795.7875457875458]"
2025-11-24T15:57:20.220065,/muse/eeg,"[489.1575091575092, 737.7655677655678, 1593.5897435897436, 759.92673992674]"
2025-11-24T15:57:20.296837,/muse/eeg,"[21.355311355311358, 774.0293040293041, 1095.970695970696, 701.9047619047619]"
2025-11-24T15:57:20.357924,/muse/eeg,"[1555.7142857142858, 790.1465201465202, 1622.6007326007327, 879.1941391941392]"
2025-11-24T15:57:20.403860,/muse/gyro,"[33.51104736328125, -8.441314697265625, -3.70849609375]"
2025-11-24T15:57:20.435288,/muse/eegAux,"[nan, nan, 0.0, 0.0]"
2025-11-24T15:57:20.465729,/muse/eeg,"[823.5897435897436, 787.7289377289378, 1153.5897435897436, 783.2967032967033]"
2025-11-24T15:57:20.575557,/muse/elements/alpha_relative,"[0.1735686202341084, 0.10582324143134755, 0.1969018943271207, 0.18854690056728113]"
2025-11-24T15:57:20.605779,/muse/eeg,"[738.5714285714286, 769.5970695970697, 880.4029304029305, 796.1904761904763]"
2025-11-24T15:57:20.666817,/muse/acc,"[0.34796142578125, 0.21160888671875, 0.7294921875]"
2025-11-24T15:57:20.744094,/muse/eeg,"[49.15750915750916, 709.5604395604396, 1294.6153846153848, 722.4542124542124]"
2025-11-24T15:57:20.697521,/muse/eeg,"[824.3956043956044, 753.0769230769231, 1111.2820512820513, 803.4432234432235]"
2025-11-24T15:57:20.822478,/muse/eeg,"[656.3736263736264, 759.1208791208792, 1622.6007326007327, 786.9230769230769]"
2025-11-24T15:57:20.900176,/muse/eeg,"[1286.1538461538462, 737.3626373626374, 1622.6007326007327, 843.7362637362637]"
2025-11-24T15:57:20.868926,/muse/gyro,"[7.0281982421875, -44.449615478515625, 24.127655029296875]"
2025-11-24T15:57:20.963224,/muse/eegAux,"[nan, nan, 0.0, 0.0]"
2025-11-24T15:57:21.119066,/muse/eeg,"[606.4102564102565, 650.3296703296703, 1622.6007326007327, 772.4175824175825]"
2025-11-24T15:57:21.073469,/muse/eeg,"[715.6043956043957, 732.1245421245421, 1622.1978021978023, 769.1941391941392]"
2025-11-24T15:57:21.289181,/muse/eeg,"[357.3992673992674, 701.9047619047619, 1622.6007326007327, 661.2087912087912]"
2025-11-24T15:57:21.226983,/muse/eeg,"[440.4029304029304, 663.6263736263736, 1622.6007326007327, 641.0622710622711]"
2025-11-24T15:57:21.366668,/muse/eeg,"[338.05860805860806, 754.2857142857143, 1276.080586080586, 736.1538461538462]"
2025-11-24T15:57:21.443780,/muse/eeg,"[989.1941391941392, 688.6080586080586, 1622.1978021978023, 816.3369963369963]"
2025-11-24T15:57:21.506504,/muse/gyro,"[18.759307861328125, 14.587249755859375, -26.5277099609375]"
2025-11-24T15:57:21.583831,/muse/eeg,"[1015.7875457875458, 810.2930402930403, 1622.1978021978023, 838.4981684981685]"
2025-11-24T15:57:21.629905,/muse/elements/theta_absolute,"[0.8216154942119234, 0.6848670590479075, -3.372595035594313, 1.3417635024816994]"
2025-11-24T15:57:21.707588,/muse/eegAux,"[nan, nan, 0.0, 0.0]"
2025-11-24T15:57:21.802997,/muse/elements/theta_absolute,"[0.8216154942119234, 0.6848670590479075, -3.372595035594313, 1.3417635024816994]"
2025-11-24T15:57:21.848156,/muse/eeg,"[619.3040293040293, 750.2564102564103, 0.0, 800.2197802197802]"
2025-11-24T15:57:21.879552,/muse/drlref,"[1619780.2197802197, 1596410.2564102563]"
2025-11-24T15:57:21.941998,/muse/drlref,"[1619780.2197802197, 1596410.2564102563]"
2025-11-24T15:57:21.973275,/muse/eeg,"[1172.1245421245421, 388.82783882783883, 1085.4945054945056, 860.2564102564103]"
2025-11-24T15:57:22.035839,/muse/eegAux,"[nan, nan, 0.0, 0.0]"
2025-11-24T15:57:22.098246,/muse/elements/theta_absolute,"[0.8216154942119234, 0.6848670590479075, -3.372595035594313, 1.3417635024816994]"
2025-11-24T15:57:22.129687,/muse/gyro,"[-3.03558349609375, -13.824615478515625, 25.458526611328125]"
2025-11-24T15:57:22.145388,/muse/eeg,"[848.974358974359, 585.4578754578755, 628.5714285714286, 774.4322344322345]"
2025-11-24T15:57:22.238063,/muse/acc,"[0.43359375, -0.2818603515625, 0.8890380859375]"
2025-11-24T15:57:22.300336,/muse/eeg,"[701.5018315018315, 667.6556776556777, 259.4871794871795, 792.5641025641025]"
2025-11-24T15:57:22.331013,/muse/eegAux,"[nan, nan, 0.0, 0.0]"
2025-11-24T15:57:22.393264,/muse/eeg,"[826.8131868131868, 741.7948717948718, 28.205128205128204, 795.3846153846154]"
2025-11-24T15:57:22.440150,/muse/eeg,"[892.0879120879121, 757.5091575091575, 59.23076923076923, 764.3589743589744]"
2025-11-24T15:57:22.470851,/muse/eegAux,"[nan, nan, 0.0, 0.0]"
2025-11-24T15:57:22.532520,/muse/gyro,"[10.4376220703125, 2.818756103515625, -2.145843505859375]"
2025-11-24T15:57:22.594042,/muse/eeg,"[799.8168498168499, 804.2490842490843, 145.86080586080587, 797.3992673992674]"
2025-11-24T15:57:22.671055,/muse/eeg,"[702.7106227106227, 794.1758241758242, 204.28571428571428, 804.6520146520147]"
2025-11-24T15:57:22.624426,/muse/eeg,"[677.3260073260074, 796.1904761904763, 223.22344322344324, 788.5347985347986]"
2025-11-24T15:57:22.841305,/muse/eeg,"[736.959706959707, 778.8644688644689, 315.8974358974359, 776.0439560439561]"
2025-11-24T15:57:22.917382,/muse/gyro,"[0.25421142578125, -4.119720458984375, -13.95172119140625]"
2025-11-24T15:57:22.964646,/muse/eeg,"[815.5311355311355, 809.0842490842491, 456.1172161172161, 808.6813186813187]"
2025-11-24T15:57:23.074695,/muse/eeg,"[811.5018315018315, 766.3736263736264, 332.01465201465203, 782.0879120879121]"
2025-11-24T15:57:23.183223,/muse/eeg,"[751.0622710622711, 789.7435897435897, 210.73260073260073, 609.2307692307693]"
2025-11-24T15:57:23.214224,/muse/eeg,"[780.4761904761905, 802.6373626373627, 72.93040293040293, 727.6923076923077]"
2025-11-24T15:57:23.292058,/muse/eegAux,"[nan, nan, 0.0, 0.0]"
2025-11-24T15:57:23.416373,/muse/elements/alpha_absolute,"[0.6683666665993545, 0.40125177106003396, -3.0464130382657006, 1.2830507225320293]"
2025-11-24T15:57:23.479476,/muse/eeg,"[866.3003663003664, 786.1172161172161, 390.84249084249086, 826.8131868131868]"
2025-11-24T15:57:23.540928,/muse/eeg,"[854.6153846153846, 768.7912087912088, 289.3040293040293, 799.0109890109891]"
2025-11-24T15:57:23.586546,/muse/gyro,"[-5.8917236328125, -3.63372802734375, -31.41754150390625]"
2025-11-24T15:57:23.620214,/muse/gyro,"[-5.046844482421875, -3.42437744140625, -27.821197509765625]"
2025-11-24T15:57:23.647757,/muse/eeg,"[827.2161172161173, 768.7912087912088, 548.3882783882784, 805.8608058608058]"
2025-11-24T15:57:23.678103,/muse/eegAux,"[nan, nan, 0.0, 0.0]"
2025-11-24T15:57:23.708615,/muse/acc,"[0.43145751953125, 0.15203857421875, 0.92449951171875]"
2025-11-24T15:57:23.772036,/muse/elements/theta_relative,"[0.24701312993500799, 0.20332760639453215, 0.0929111631523125, 0.21584012189277074]"
2025-11-24T15:57:23.865456,/muse/eeg,"[839.7069597069598, 764.3589743589744, 222.82051282051282, 811.0989010989011]"
2025-11-24T15:57:23.959011,/muse/eeg,"[732.1245421245421, 785.3113553113553, 296.5567765567766, 791.3553113553114]"
2025-11-24T15:57:24.084422,/muse/eeg,"[812.3076923076924, 796.996336996337, 257.87545787545787, 784.1025641025641]"
2025-11-24T15:57:24.146916,/muse/gyro,"[-3.90289306640625, -5.87677001953125, -4.02252197265625]"
2025-11-24T15:57:24.223790,/muse/gyro,"[-3.90289306640625, -5.87677001953125, -4.02252197265625]"
2025-11-24T15:57:24.286707,/muse/elements/alpha_relative,"[0.1735686202341084, 0.1785202276097101, 0.1969018943271207, 0.18854690056728113]"
2025-11-24T15:57:24.332927,/muse/eeg,"[880.8058608058608, 850.989010989011, 546.7765567765568, 801.4285714285714]"
2025-11-24T15:57:24.394414,/muse/eegAux,"[nan, nan, 0.0, 0.0]"
2025-11-24T15:57:24.472512,/muse/eeg,"[793.3699633699634, 784.5054945054945, 573.3699633699634, 816.7399267399268]"
2025-11-24T15:57:24.566899,/muse/eeg,"[779.2673992673992, 791.7582417582418, 549.1941391941392, 809.4871794871796]"
2025-11-24T15:57:24.659807,/muse/elements/alpha_absolute,"[0.6683666665993545, 0.9779082899760435, -3.0464130382657006, 1.2830507225320293]"
2025-11-24T15:57:24.742560,/muse/eeg,"[831.2454212454213, 813.1135531135532, 252.63736263736266, 784.9084249084249]"
2025-11-24T15:57:24.815419,/muse/eeg,"[828.8278388278388, 799.4139194139194, 171.64835164835165, 805.8608058608058]"
2025-11-24T15:57:24.877258,/muse/eeg,"[820.3663003663004, 792.1611721611722, 581.025641025641, 787.3260073260074]"
2025-11-24T15:57:24.923320,/muse/acc,"[0.1981201171875, 0.15234375, 0.97784423828125]"
2025-11-24T15:57:24.983945,/muse/eeg,"[837.6923076923077, 844.5421245421246, 1006.9230769230769, 793.3699633699634]"
2025-11-24T15:57:25.060891,/muse/gyro,"[0.874786376953125, -9.16656494140625, -26.176300048828125]"
2025-11-24T15:57:25.091976,/muse/eeg,"[805.8608058608058, 831.6483516483516, 843.3333333333334, 776.0439560439561]"
2025-11-24T15:57:25.153912,/muse/eeg,"[796.996336996337, 779.6703296703297, 568.9377289377289, 778.0586080586081]"
2025-11-24T15:57:25.245781,/muse/eeg,"[787.3260073260074, 778.4615384615385, 484.72527472527474, 796.1904761904763]"
2025-11-24T15:57:25.338211,/muse/eeg,"[814.7252747252747, 762.3443223443223, 824.7985347985348, 794.5787545787546]"
2025-11-24T15:57:25.400965,/muse/eegAux,"[nan, nan, 0.0, 0.0]"
2025-11-24T15:57:25.448158,/muse/gyro,"[-20.329437255859375, -5.001983642578125, 18.161163330078125]"
2025-11-24T15:57:25.494572,/muse/gyro,"[-8.2244873046875, 6.243133544921875, 25.219268798828125]"
2025-11-24T15:57:25.525930,/muse/drlref,"[1619780.2197802197, 1596410.2564102563]"
2025-11-24T15:57:25.620528,/muse/eeg,"[730.9157509157509, 761.941391941392, 0.0, 818.7545787545788]"
2025-11-24T15:57:25.745843,/muse/gyro,"[5.39825439453125, -12.32177734375, 37.6531982421875]"
2025-11-24T15:57:25.715041,/muse/elements/beta_relative,"[0.15229938394767192, 0.09479113665290866, 0.35808114004161157, 0.1686639021898425]"
2025-11-24T15:57:25.792369,/muse/gyro,"[5.39825439453125, -12.32177734375, 37.6531982421875]"
2025-11-24T15:57:25.869887,/muse/acc,"[0.31243896484375, -0.1766357421875, 0.9095458984375]"
2025-11-24T15:57:25.823883,/muse/gyro,"[5.39825439453125, -12.32177734375, 37.6531982421875]"
2025-11-24T15:57:25.994074,/muse/acc,"[0.31243896484375, -0.1766357421875, 0.9095458984375]"
2025-11-24T15:57:26.040275,/muse/eeg,"[655.1648351648352, 730.1098901098901, 0.0, 805.054945054945]"
2025-11-24T15:57:25.946966,/muse/acc,"[0.31243896484375, -0.1766357421875, 0.9095458984375]"
2025-11-24T15:57:26.087793,/muse/eeg,"[732.5274725274726, 722.8571428571429, 0.0, 832.4542124542124]"
2025-11-24T15:57:26.150830,/muse/eeg,"[739.7802197802198, 761.1355311355312, 0.0, 798.6080586080586]"
2025-11-24T15:57:26.257291,/muse/eeg,"[890.8791208791209, 780.0732600732601, 260.6959706959707, 811.9047619047619]"
2025-11-24T15:57:26.181173,/muse/eeg,"[814.3223443223443, 770.0, 51.172161172161175, 826.4102564102565]"
2025-11-24T15:57:26.319706,/muse/eeg,"[864.2857142857143, 778.8644688644689, 505.6776556776557, 789.7435897435897]"
2025-11-24T15:57:26.366645,/muse/eegAux,"[nan, nan, 0.0, 0.0]"
2025-11-24T15:57:26.475751,/muse/eegAux,"[nan, nan, 0.0, 0.0]"
2025-11-24T15:57:26.506867,/muse/gyro,"[12.18719482421875, -1.009368896484375, 12.39654541015625]"
2025-11-24T15:57:26.553528,/muse/gyro,"[11.58905029296875, -10.774078369140625, 18.026580810546875]"
2025-11-24T15:57:26.615039,/muse/eeg,"[835.6776556776557, 780.8791208791209, 802.6373626373627, 834.8717948717949]"
2025-11-24T15:57:26.676701,/muse/eegAux,"[nan, nan, 0.0, 0.0]"
2025-11-24T15:57:26.738546,/muse/gyro,"[13.675079345703125, 5.15899658203125, 28.464202880859375]"
2025-11-24T15:57:26.785630,/muse/gyro,"[13.525543212890625, 1.069183349609375, 28.852996826171875]"
2025-11-24T15:57:26.832406,/muse/gyro,"[13.525543212890625, 1.069183349609375, 28.852996826171875]"
2025-11-24T15:57:26.909501,/muse/elements/theta_absolute,"[0.8216154942119234, 1.0620595646975155, -3.372595035594313, 0.776785237197991]"
2025-11-24T15:57:26.878218,/muse/acc,"[0.462646484375, 0.286376953125, 0.9366455078125]"
2025-11-24T15:57:26.986500,/muse/acc,"[0.35614013671875, 0.060791015625, 0.87994384765625]"
2025-11-24T15:57:27.033114,/muse/acc,"[0.35614013671875, 0.060791015625, 0.87994384765625]"
2025-11-24T15:57:27.079319,/muse/eeg,"[994.8351648351648, 796.1904761904763, 1637.912087912088, 816.3369963369963]"
2025-11-24T15:57:27.142233,/muse/eegAux,"[nan, nan, 0.0, 0.0]"
2025-11-24T15:57:27.188948,/muse/eeg,"[909.4139194139194, 790.952380952381, 1606.886446886447, 821.1721611721612]"
2025-11-24T15:57:27.282667,/muse/eegAux,"[nan, nan, 0.0, 0.0]"
2025-11-24T15:57:27.360697,/muse/gyro,"[1.54022216796875, -8.486175537109375, 39.141082763671875]"
2025-11-24T15:57:27.313876,/muse/eeg,"[949.3040293040293, 782.0879120879121, 1.6117216117216118, 813.1135531135532]"
2025-11-24T15:57:27.452731,/muse/eeg,"[759.5238095238095, 675.7142857142858, 28.205128205128204, 773.2234432234433]"
2025-11-24T15:57:27.500021,/muse/elements/alpha_absolute,"[0.6683666665993545, 0.9779082899760435, -3.0464130382657006, 0.8019454437800188]"
2025-11-24T15:57:27.608159,/muse/eeg,"[637.8388278388279, 738.5714285714286, 23.772893772893774, 793.7728937728938]"
2025-11-24T15:57:27.717167,/muse/gyro,"[23.155670166015625, 1.233673095703125, 64.0313720703125]"
2025-11-24T15:57:27.794040,/muse/eeg,"[900.5494505494506, 772.4175824175825, 1390.10989010989, 840.9157509157509]"
2025-11-24T15:57:27.825398,/muse/eegAux,"[nan, nan, 0.0, 0.0]"
2025-11-24T15:57:27.871131,/muse/eeg,"[1052.051282051282, 781.6849816849817, 1440.0732600732601, 822.3809523809524]"
2025-11-24T15:57:27.932795,/muse/eegAux,"[nan, nan, 0.0, 0.0]"
2025-11-24T15:57:28.103532,/muse/eeg,"[498.42490842490844, 779.6703296703297, 0.0, 781.2820512820513]"
2025-11-24T15:57:28.041549,/muse/eeg,"[298.16849816849816, 810.6959706959707, 0.0, 767.1794871794872]"
2025-11-24T15:57:28.180827,/muse/hsi,"[1.0, 1.0, 4.0, 1.0]"
2025-11-24T15:57:28.212142,/muse/elements/alpha_absolute,"[0.6683666665993545, 0.9779082899760435, -3.0464130382657006, 1.1988849726346391]"
2025-11-24T15:57:28.259008,/muse/eeg,"[986.7765567765568, 801.8315018315019, 0.0, 810.2930402930403]"
2025-11-24T15:57:28.353078,/muse/eeg,"[1014.1758241758242, 798.6080586080586, 579.0109890109891, 826.007326007326]"
2025-11-24T15:57:28.383936,/muse/eeg,"[1103.6263736263736, 799.4139194139194, 1453.772893772894, 789.3406593406594]"
2025-11-24T15:57:28.444959,/muse/acc,"[0.32501220703125, 0.13079833984375, 0.94512939453125]"
2025-11-24T15:57:28.585782,/muse/drlref,"[1618974.358974359, 1596410.2564102563]"
2025-11-24T15:57:28.632139,/muse/eeg,"[691.025641025641, 773.6263736263736, 585.054945054945, 785.3113553113553]"
2025-11-24T15:57:28.693171,/muse/eeg,"[730.1098901098901, 745.0183150183151, 10.073260073260073, 792.5641025641025]"
2025-11-24T15:57:28.708717,/muse/elements/alpha_absolute,"[0.6683666665993545, 0.9779082899760435, -3.0464130382657006, 1.2286797829487877]"
2025-11-24T15:57:28.740157,/muse/eegAux,"[nan, nan, 0.0, 0.0]"
2025-11-24T15:57:28.818565,/muse/elements/theta_absolute,"[0.8216154942119234, 1.0620595646975155, -3.372595035594313, 1.2190694796160662]"
2025-11-24T15:57:28.911830,/muse/drlref,"[1618974.358974359, 1596410.2564102563]"
2025-11-24T15:57:29.005798,/muse/drlref,"[1618974.358974359, 1596410.2564102563]"
2025-11-24T15:57:29.067926,/muse/drlref,"[1618974.358974359, 1596410.2564102563]"
2025-11-24T15:57:29.193722,/muse/eeg,"[1038.3516483516485, 771.2087912087912, 1497.2893772893774, 838.4981684981685]"
2025-11-24T15:57:29.225431,/muse/eegAux,"[nan, nan, 0.0, 0.0]"
2025-11-24T15:57:29.302604,/muse/gyro,"[-16.620941162109375, -7.379608154296875, -33.010101318359375]"
2025-11-24T15:57:29.317796,/muse/gyro,"[-9.25628662109375, -14.063873291015625, -34.273681640625]"
2025-11-24T15:57:29.379884,/muse/gyro,"[-9.25628662109375, -14.063873291015625, -34.273681640625]"
2025-11-24T15:57:29.458263,/muse/eeg,"[402.12454212454213, 686.1904761904763, 0.0, 753.0769230769231]"
2025-11-24T15:57:29.629504,/muse/eeg,"[664.4322344322344, 761.941391941392, 0.0, 799.8168498168499]"
2025-11-24T15:57:29.551184,/muse/eegAux,"[nan, nan, 0.0, 0.0]"
2025-11-24T15:57:29.706811,/muse/elements/theta_relative,"[0.24701312993500799, 0.2166899186851578, 0.0929111631523125, 0.2612087032696607]"
2025-11-24T15:57:29.769811,/muse/eeg,"[923.919413919414, 790.5494505494506, 460.1465201465202, 815.1282051282052]"
2025-11-24T15:57:29.785200,/muse/gyro,"[6.2506103515625, -9.0618896484375, -13.44329833984375]"
2025-11-24T15:57:29.987092,/muse/gyro,"[5.5926513671875, -7.9852294921875, -13.2489013671875]"
2025-11-24T15:57:30.064723,/muse/eeg,"[849.7802197802198, 807.4725274725275, 669.2673992673992, 797.8021978021978]"
2025-11-24T15:57:30.111689,/muse/eegAux,"[nan, nan, 0.0, 0.0]"
2025-11-24T15:57:30.158946,/muse/eegAux,"[nan, nan, 0.0, 0.0]"
2025-11-24T15:57:30.220086,/muse/elements/alpha_absolute,"[0.6683666665993545, 0.9779082899760435, -3.0464130382657006, 0.9335532878488556]"
2025-11-24T15:57:30.284085,/muse/eeg,"[754.6886446886447, 794.1758241758242, 347.32600732600736, 794.5787545787546]"
2025-11-24T15:57:30.346270,/muse/drlref,"[1618974.358974359, 1596410.2564102563]"
2025-11-24T15:57:30.484232,/muse/eeg,"[753.0769230769231, 801.8315018315019, 161.97802197802199, 809.8901098901099]"
2025-11-24T15:57:30.607630,/muse/eeg,"[872.7472527472528, 797.8021978021978, 99.12087912087912, 831.2454212454213]"
2025-11-24T15:57:30.668960,/muse/eeg,"[832.4542124542124, 782.0879120879121, 745.4212454212454, 764.3589743589744]"
2025-11-24T15:57:30.729817,/muse/eeg,"[869.92673992674, 793.3699633699634, 790.5494505494506, 796.5934065934066]"
2025-11-24T15:57:30.821010,/muse/eeg,"[780.4761904761905, 806.6666666666667, 629.3772893772893, 816.7399267399268]"
2025-11-24T15:57:30.852339,/muse/eegAux,"[nan, nan, 0.0, 0.0]"
2025-11-24T15:57:30.883639,/muse/eeg,"[873.956043956044, 797.3992673992674, 484.72527472527474, 784.1025641025641]"
2025-11-24T15:57:30.976474,/muse/eegAux,"[nan, nan, 0.0, 0.0]"
2025-11-24T15:57:31.022456,/muse/eegAux,"[nan, nan, 0.0, 0.0]"
2025-11-24T15:57:31.069410,/muse/acc,"[0.47186279296875, -0.1038818359375, 0.89044189453125]"
2025-11-24T15:57:31.162836,/muse/elements/beta_relative,"[0.15229938394767192, 0.09479113665290866, 0.35808114004161157, 0.05042279677301958]"
2025-11-24T15:57:31.225038,/muse/eeg,"[828.021978021978, 769.5970695970697, 435.16483516483515, 797.3992673992674]"
2025-11-24T15:57:31.257595,/muse/eeg,"[772.8205128205128, 760.3296703296703, 56.41025641025641, 802.6373626373627]"
2025-11-24T15:57:31.333365,/muse/eeg,"[727.6923076923077, 776.0439560439561, 571.7582417582418, 779.2673992673992]"
2025-11-24T15:57:31.378914,/muse/eeg,"[779.2673992673992, 771.6117216117216, 305.42124542124543, 797.3992673992674]"
2025-11-24T15:57:31.409996,/muse/eeg,"[786.1172161172161, 800.6227106227107, 370.2930402930403, 813.5164835164835]"
2025-11-24T15:57:31.457032,/muse/eeg,"[777.2527472527473, 792.5641025641025, 282.8571428571429, 803.040293040293]"
2025-11-24T15:57:31.502895,/muse/gyro,"[12.860107421875, 3.81317138671875, -4.538421630859375]"
2025-11-24T15:57:31.626903,/muse/eeg,"[794.981684981685, 770.0, 95.4945054945055, 796.996336996337]"
2025-11-24T15:57:31.720783,/muse/eeg,"[739.7802197802198, 783.2967032967033, 95.0915750915751, 795.3846153846154]"
2025-11-24T15:57:31.783307,/muse/eeg,"[750.2564102564103, 775.6410256410256, 286.0805860805861, 796.1904761904763]"
2025-11-24T15:57:31.892126,/muse/eegAux,"[nan, nan, 0.0, 0.0]"
2025-11-24T15:57:31.922296,/muse/gyro,"[8.396453857421875, -1.547698974609375, -6.691741943359375]"
2025-11-24T15:57:31.968097,/muse/elements/alpha_absolute,"[0.6683666665993545, 0.9779082899760435, -3.0464130382657006, 1.2599175594970549]"
2025-11-24T15:57:32.045480,/muse/gyro,"[9.458160400390625, -1.398162841796875, -7.16278076171875]"
2025-11-24T15:57:32.138731,/muse/eeg,"[792.5641025641025, 807.8754578754579, 195.42124542124543, 796.996336996337]"
2025-11-24T15:57:32.201809,/muse/eegAux,"[nan, nan, 0.0, 0.0]"
2025-11-24T15:57:32.262911,/muse/gyro,"[3.84307861328125, -0.829925537109375, -10.75164794921875]"
2025-11-24T15:57:32.339453,/muse/gyro,"[4.366455078125, -1.07666015625, -9.637603759765625]"
2025-11-24T15:57:32.417070,/muse/acc,"[0.349365234375, 0.06280517578125, 0.93505859375]"
2025-11-24T15:57:32.448385,/muse/eeg,"[797.3992673992674, 794.981684981685, 173.26007326007326, 793.3699633699634]"
2025-11-24T15:57:32.494793,/muse/eeg,"[825.2014652014652, 796.5934065934066, 291.72161172161174, 787.3260073260074]"
2025-11-24T15:57:32.557590,/muse/eeg,"[772.014652014652, 800.6227106227107, 161.5750915750916, 806.6666666666667]"
2025-11-24T15:57:32.650372,/muse/eeg,"[800.6227106227107, 786.5201465201466, 397.2893772893773, 801.4285714285714]"
2025-11-24T15:57:32.759135,/muse/hsi,"[1.0, 1.0, 2.0, 1.0]"
2025-11-24T15:57:32.835736,/muse/eeg,"[980.3296703296703, 784.9084249084249, 925.934065934066, 828.8278388278388]"
2025-11-24T15:57:32.881779,/muse/is_good,"[0.0, 0.0, 0.0, 1.0]"
2025-11-24T15:57:32.973911,/muse/acc,"[0.34014892578125, 0.18072509765625, 0.90789794921875]"
2025-11-24T15:57:33.036437,/muse/eeg,"[676.1172161172161, 813.5164835164835, 526.6300366300367, 788.9377289377289]"
2025-11-24T15:57:33.066305,/muse/eeg,"[580.6227106227107, 813.1135531135532, 0.0, 806.6666666666667]"
2025-11-24T15:57:33.097296,/muse/gyro,"[-4.68048095703125, 14.6844482421875, 3.48419189453125]"
2025-11-24T15:57:33.346269,/muse/acc,"[0.14056396484375, 0.1165771484375, 0.95501708984375]"
2025-11-24T15:57:33.267348,/muse/acc,"[0.14056396484375, 0.1165771484375, 0.95501708984375]"
2025-11-24T15:57:33.409144,/muse/eeg,"[796.996336996337, 801.4285714285714, 628.974358974359, 807.0695970695971]"
2025-11-24T15:57:33.456778,/muse/gyro,"[-3.9776611328125, 3.895416259765625, -13.002166748046875]"
2025-11-24T15:57:33.534978,/muse/acc,"[0.1529541015625, 0.0433349609375, 0.9771728515625]"
2025-11-24T15:57:33.597586,/muse/eegAux,"[nan, nan, 0.0, 0.0]"
2025-11-24T15:57:33.643240,/muse/gyro,"[-2.220611572265625, 1.1065673828125, -11.013336181640625]"
2025-11-24T15:57:33.750271,/muse/eeg,"[917.8754578754579, 807.4725274725275, 995.2380952380953, 805.8608058608058]"
2025-11-24T15:57:33.844011,/muse/eeg,"[815.5311355311355, 787.3260073260074, 792.967032967033, 798.2051282051282]"
2025-11-24T15:57:33.952435,/muse/gyro,"[2.97576904296875, -7.768402099609375, 8.8525390625]"
2025-11-24T15:57:34.014518,/muse/elements/delta_absolute,"[1.0161528142136302, 1.501443908959799, -3.185283338198744, 1.2816775156458342]"
2025-11-24T15:57:34.029979,/muse/gyro,"[-18.938751220703125, -22.20611572265625, 106.11831665039062]"
2025-11-24T15:57:34.186640,/muse/gyro,"[-18.938751220703125, -22.20611572265625, 106.11831665039062]"
2025-11-24T15:57:34.248495,/muse/gyro,"[-13.59283447265625, -19.731292724609375, 95.63583374023438]"
2025-11-24T15:57:34.295296,/muse/eeg,"[953.7362637362637, 775.6410256410256, 1643.1501831501832, 799.8168498168499]"
2025-11-24T15:57:34.403149,/muse/eeg,"[978.7179487179487, 790.5494505494506, 1647.985347985348, 796.5934065934066]"
2025-11-24T15:57:34.480978,/muse/eeg,"[879.1941391941392, 795.7875457875458, 1464.2490842490843, 780.8791208791209]"
2025-11-24T15:57:34.527689,/muse/eeg,"[897.7289377289378, 792.5641025641025, 1237.3992673992675, 789.3406593406594]"
2025-11-24T15:57:34.605124,/muse/gyro,"[19.96307373046875, -3.267364501953125, 3.0804443359375]"
2025-11-24T15:57:34.620734,/muse/gyro,"[19.806060791015625, -1.45050048828125, 7.125396728515625]"
2025-11-24T15:57:34.668149,/muse/gyro,"[20.060272216796875, -0.261688232421875, 13.2489013671875]"
2025-11-24T15:57:34.698833,/muse/eeg,"[539.1208791208792, 804.6520146520147, 0.0, 770.8058608058608]"
2025-11-24T15:57:34.729702,/muse/eegAux,"[nan, nan, 0.0, 0.0]"
2025-11-24T15:57:34.775538,/muse/eegAux,"[nan, nan, 0.0, 0.0]"
2025-11-24T15:57:34.836540,/muse/eeg,"[768.7912087912088, 786.9230769230769, 0.0, 809.4871794871796]"
2025-11-24T15:57:34.897540,/muse/eeg,"[927.5457875457876, 813.5164835164835, 241.35531135531136, 792.1611721611722]"
2025-11-24T15:57:34.927796,/muse/eeg,"[1072.6007326007327, 832.0512820512821, 776.8498168498169, 849.3772893772895]"
2025-11-24T15:57:35.019819,/muse/gyro,"[19.18548583984375, -17.80975341796875, -48.188018798828125]"
2025-11-24T15:57:35.113380,/muse/eeg,"[1058.901098901099, 803.4432234432235, 1622.6007326007327, 823.992673992674]"
2025-11-24T15:57:35.175536,/muse/acc,"[0.28131103515625, 0.23638916015625, 0.9576416015625]"
2025-11-24T15:57:35.282525,/muse/eeg,"[749.4505494505495, 794.5787545787546, 53.58974358974359, 805.4578754578755]"
2025-11-24T15:57:35.361106,/muse/eeg,"[816.7399267399268, 791.3553113553114, 1530.7326007326008, 804.6520146520147]"
2025-11-24T15:57:35.391392,/muse/eeg,"[796.1904761904763, 824.3956043956044, 1210.0, 795.3846153846154]"
2025-11-24T15:57:35.437329,/muse/eegAux,"[nan, nan, 0.0, 0.0]"
2025-11-24T15:57:35.468415,/muse/eeg,"[761.941391941392, 844.1391941391942, 1145.5311355311355, 764.7619047619048]"
2025-11-24T15:57:35.515276,/muse/acc,"[0.36041259765625, 0.31329345703125, 0.870361328125]"
2025-11-24T15:57:35.577003,/muse/eeg,"[581.8315018315019, 700.6959706959707, 103.55311355311356, 758.7179487179487]"
2025-11-24T15:57:35.654417,/muse/eegAux,"[nan, nan, 0.0, 0.0]"
2025-11-24T15:57:35.748705,/muse/elements/alpha_absolute,"[0.6683666665993545, 0.9078369203815795, -3.0464130382657006, 0.9359468883837208]"
2025-11-24T15:57:35.841683,/muse/gyro,"[-4.344024658203125, -16.5985107421875, -14.048919677734375]"
2025-11-24T15:57:35.888007,/muse/eeg,"[579.4139194139194, 773.2234432234433, 1441.6849816849817, 775.6410256410256]"
2025-11-24T15:57:35.918767,/muse/eeg,"[427.50915750915755, 767.1794871794872, 699.0842490842491, 731.3186813186813]"
2025-11-24T15:57:36.027242,/muse/gyro,"[-22.17620849609375, 7.738494873046875, -152.62405395507812]"
2025-11-24T15:57:36.150565,/muse/eeg,"[367.87545787545787, 802.6373626373627, 0.0, 599.1575091575091]"
2025-11-24T15:57:36.227948,/muse/acc,"[0.487548828125, 0.154296875, 0.85174560546875]"
2025-11-24T15:57:36.258356,/muse/eeg,"[358.6080586080586, 844.945054945055, 14.908424908424909, 786.5201465201466]"
2025-11-24T15:57:36.321427,/muse/eeg,"[1174.1391941391942, 859.8534798534798, 1599.2307692307693, 897.3260073260074]"
2025-11-24T15:57:36.414396,/muse/eeg,"[1567.3992673992675, 829.2307692307693, 1622.6007326007327, 965.4212454212454]"
2025-11-24T15:57:36.461780,/muse/gyro,"[-0.67291259765625, 5.5328369140625, -16.37420654296875]"
2025-11-24T15:57:36.508312,/muse/gyro,"[-0.67291259765625, 5.5328369140625, -16.37420654296875]"
2025-11-24T15:57:36.554751,/muse/eeg,"[1195.897435897436, 911.8315018315019, 1622.6007326007327, 896.5201465201466]"
2025-11-24T15:57:36.617513,/muse/eegAux,"[nan, nan, 0.0, 0.0]"
2025-11-24T15:57:36.680398,/muse/eeg,"[892.4908424908425, 855.0183150183151, 1622.6007326007327, 857.032967032967]"
2025-11-24T15:57:36.775779,/muse/acc,"[0.89959716796875, 0.18145751953125, 0.92938232421875]"

2025-11-24T15:57:36.836784,/muse/eeg,"[366.2637362637363, 783.2967032967033, 1622.6007326007327, 717.6190476190476]"
2025-11-24T15:57:36.868124,/muse/eeg,"[1331.2820512820513, 794.981684981685, 1622.1978021978023, 710.3663003663004]"
2025-11-24T15:57:36.930823,/muse/eeg,"[1560.5494505494505, 750.6593406593407, 1622.6007326007327, 787.3260073260074]"
2025-11-24T15:57:37.054118,/muse/gyro,"[73.75869750976562, -31.724090576171875, 194.4268798828125]"
2025-11-24T15:57:37.115080,/muse/eeg,"[1343.772893772894, 837.6923076923077, 1314.7619047619048, 764.7619047619048]"
2025-11-24T15:57:37.208128,/muse/eeg,"[1621.7948717948718, 840.1098901098901, 1622.6007326007327, 846.5567765567765]"
2025-11-24T15:57:37.254871,/muse/acc,"[-0.15142822265625, -0.23956298828125, 1.11199951171875]"
2025-11-24T15:57:37.284791,/muse/acc,"[-0.15142822265625, -0.23956298828125, 1.11199951171875]"
2025-11-24T15:57:37.331239,/muse/gyro,"[-26.385650634765625, 0.934600830078125, -234.01657104492188]"
2025-11-24T15:57:37.362048,/muse/eeg,"[461.35531135531136, 898.9377289377289, 1622.6007326007327, 667.2527472527473]"
2025-11-24T15:57:37.439881,/muse/eegAux,"[nan, nan, 0.0, 0.0]"
2025-11-24T15:57:37.485779,/muse/eeg,"[1173.3333333333333, 901.7582417582418, 1620.1831501831502, 813.919413919414]"
2025-11-24T15:57:37.516006,/muse/eeg,"[1105.6410256410256, 1151.1721611721612, 1560.952380952381, 996.4468864468864]"
2025-11-24T15:57:37.547585,/muse/eegAux,"[nan, nan, 0.0, 0.0]"
2025-11-24T15:57:37.609525,/muse/drlref,"[1619780.2197802197, 1596410.2564102563]"
2025-11-24T15:57:37.718020,/muse/eegAux,"[nan, nan, 0.0, 0.0]"
2025-11-24T15:57:37.811486,/muse/gyro,"[-4.486083984375, 6.811370849609375, -29.959564208984375]"
2025-11-24T15:57:37.857773,/muse/gyro,"[-4.486083984375, 6.811370849609375, -29.959564208984375]"
2025-11-24T15:57:37.935117,/muse/gyro,"[-4.486083984375, 6.811370849609375, -29.959564208984375]"
2025-11-24T15:57:37.997275,/muse/acc,"[0.24017333984375, 0.06842041015625, 0.95257568359375]"
2025-11-24T15:57:38.043040,/muse/drlref,"[1620586.0805860804, 1596410.2564102563]"
2025-11-24T15:57:38.120399,/muse/drlref,"[1620586.0805860804, 1596410.2564102563]"
2025-11-24T15:57:38.212647,/muse/drlref,"[1619780.2197802197, 1596410.2564102563]"
2025-11-24T15:57:38.351854,/muse/eegAux,"[nan, nan, 0.0, 0.0]"
2025-11-24T15:57:38.414101,/muse/elements/alpha_absolute,"[0.6683666665993545, 0.9078369203815795, -3.0464130382657006, 0.9359468883837208]"
2025-11-24T15:57:38.475681,/muse/elements/gamma_absolute,"[0.036595583667911116, -0.15364221997049154, -3.0203266379668348, 0.34024941289227434]"
2025-11-24T15:57:38.522433,/muse/elements/alpha_relative,"[0.1735686202341084, 0.1763974281585335, 0.1969018943271207, 0.337380216125811]"
2025-11-24T15:57:38.629843,/muse/elements/alpha_absolute,"[0.6683666665993545, 0.9078369203815795, -3.0464130382657006, 0.9359468883837208]"
2025-11-24T15:57:38.660599,/muse/eegAux,"[nan, nan, 0.0, 0.0]"
2025-11-24T15:57:38.722537,/muse/gyro,"[2.519683837890625, 15.56671142578125, -13.091888427734375]"
2025-11-24T15:57:38.846814,/muse/gyro,"[2.743988037109375, 19.821014404296875, -11.775970458984375]"
2025-11-24T15:57:38.893621,/muse/eeg,"[912.2344322344322, 817.948717948718, 255.45787545787547, 852.1978021978023]"
2025-11-24T15:57:38.924670,/muse/eegAux,"[nan, nan, 0.0, 0.0]"
2025-11-24T15:57:38.971251,/muse/gyro,"[-7.140350341796875, 4.329071044921875, -8.860015869140625]"
2025-11-24T15:57:39.093019,/muse/eeg,"[755.8974358974359, 745.8241758241759, 627.3626373626374, 799.8168498168499]"
2025-11-24T15:57:39.170671,/muse/eegAux,"[nan, nan, 0.0, 0.0]"
2025-11-24T15:57:39.217172,/muse/eeg,"[869.5238095238095, 767.1794871794872, 285.6776556776557, 800.2197802197802]"
2025-11-24T15:57:39.263782,/muse/eegAux,"[nan, nan, 0.0, 0.0]"
2025-11-24T15:57:39.279004,/muse/eegAux,"[nan, nan, 0.0, 0.0]"
2025-11-24T15:57:39.327207,/muse/eeg,"[610.8424908424909, 802.6373626373627, 0.0, 759.1208791208792]"
2025-11-24T15:57:39.387591,/muse/eegAux,"[nan, nan, 0.0, 0.0]"
2025-11-24T15:57:39.481005,/muse/eeg,"[636.2271062271062, 788.5347985347986, 0.0, 813.1135531135532]"
2025-11-24T15:57:39.542473,/muse/eegAux,"[nan, nan, 0.0, 0.0]"
2025-11-24T15:57:39.636076,/muse/eeg,"[796.996336996337, 784.5054945054945, 0.0, 791.7582417582418]"
2025-11-24T15:57:39.666973,/muse/eeg,"[910.6227106227107, 767.5824175824176, 0.0, 800.2197802197802]"
2025-11-24T15:57:39.745721,/muse/gyro,"[-2.10845947265625, 3.970184326171875, -12.919921875]"
2025-11-24T15:57:39.791342,/muse/eeg,"[963.8095238095239, 773.6263736263736, 0.0, 803.040293040293]"
2025-11-24T15:57:39.822219,/muse/eeg,"[918.6813186813187, 752.6739926739926, 0.0, 811.9047619047619]"
2025-11-24T15:57:39.900248,/muse/eegAux,"[nan, nan, 0.0, 0.0]"
2025-11-24T15:57:39.946724,/muse/eeg,"[1000.8791208791209, 753.4798534798535, 0.0, 819.96336996337]"
2025-11-24T15:57:40.008278,/muse/eegAux,"[nan, nan, 0.0, 0.0]"
2025-11-24T15:57:40.055579,/muse/eeg,"[1015.7875457875458, 741.3919413919414, 0.0, 825.2014652014652]"
2025-11-24T15:57:40.087302,/muse/eegAux,"[nan, nan, 0.0, 0.0]"
2025-11-24T15:57:40.133484,/muse/eeg,"[1017.8021978021978, 730.5128205128206, 0.0, 835.2747252747253]"
2025-11-24T15:57:40.164607,/muse/eegAux,"[nan, nan, 0.0, 0.0]"
2025-11-24T15:57:40.304121,/muse/eegAux,"[nan, nan, 0.0, 0.0]"
2025-11-24T15:57:40.226724,/muse/eeg,"[1075.8241758241759, 720.4395604395604, 0.0, 834.0659340659341]"
2025-11-24T15:57:40.366363,/muse/gyro,"[15.91064453125, -6.83380126953125, -26.54266357421875]"
2025-11-24T15:57:40.444023,/muse/gyro,"[10.744171142578125, 1.682281494140625, -27.851104736328125]"
2025-11-24T15:57:40.506076,/muse/elements/alpha_absolute,"[0.6683666665993545, 0.9078369203815795, -3.0464130382657006, 0.9359468883837208]"
2025-11-24T15:57:40.552979,/muse/gyro,"[44.958038330078125, 4.598236083984375, -6.467437744140625]"
2025-11-24T15:57:40.629642,/muse/eeg,"[726.886446886447, 826.4102564102565, 437.5824175824176, 755.4945054945055]"
2025-11-24T15:57:40.661091,/muse/gyro,"[14.048919677734375, -23.589324951171875, -14.2059326171875]"
2025-11-24T15:57:40.724037,/muse/gyro,"[0.366363525390625, -12.90496826171875, -14.4451904296875]"
2025-11-24T15:57:40.785758,/muse/eeg,"[515.7509157509157, 792.5641025641025, 212.74725274725276, 726.4835164835165]"
2025-11-24T15:57:40.847963,/muse/elements/delta_relative,"[0.38659600224399454, 0.43598014783305156, 0.1430143427055729, 0.1911370983467265]"
2025-11-24T15:57:40.863041,/muse/acc,"[0.02093505859375, 0.234130859375, 0.8836669921875]"
2025-11-24T15:57:40.909540,/muse/gyro,"[1.1962890625, 11.925506591796875, -22.108917236328125]"
2025-11-24T15:57:40.986565,/muse/gyro,"[1.1962890625, 11.925506591796875, -22.108917236328125]"
2025-11-24T15:57:41.033169,/muse/is_good,"[0.0, 0.0, 0.0, 0.0]"
2025-11-24T15:57:41.125576,/muse/gyro,"[-34.191436767578125, -20.23223876953125, -31.282958984375]"
2025-11-24T15:57:41.172761,/muse/eeg,"[1623.003663003663, 853.0036630036631, 1022.6373626373627, 762.7472527472528]"
2025-11-24T15:57:41.250168,/muse/acc,"[-0.03741455078125, -0.12713623046875, 0.8822021484375]"
2025-11-24T15:57:41.406592,/muse/hsi,"[4.0, 1.0, 4.0, 2.0]"
2025-11-24T15:57:41.468093,/muse/eeg,"[777.2527472527473, 824.7985347985348, 730.5128205128206, 788.9377289377289]"
2025-11-24T15:57:41.514277,/muse/gyro,"[5.226287841796875, -12.261962890625, -20.45654296875]"
2025-11-24T15:57:41.559852,/muse/gyro,"[-0.34393310546875, -3.4393310546875, -19.619140625]"
2025-11-24T15:57:41.622187,/muse/gyro,"[-2.16827392578125, 0.097198486328125, -21.17431640625]"
2025-11-24T15:57:41.684819,/muse/gyro,"[14.617156982421875, 6.20574951171875, -16.61346435546875]"
2025-11-24T15:57:41.715532,/muse/acc,"[-0.030517578125, 0.3194580078125, 1.21575927734375]"
2025-11-24T15:57:41.778784,/muse/gyro,"[25.847320556640625, -24.112701416015625, -8.2843017578125]"
2025-11-24T15:57:41.824559,/muse/eeg,"[249.8168498168498, 789.3406593406594, 435.5677655677656, 737.7655677655678]"
2025-11-24T15:57:41.933738,/muse/eeg,"[909.0109890109891, 773.6263736263736, 550.8058608058608, 793.7728937728938]"
2025-11-24T15:57:41.886804,/muse/eeg,"[870.7326007326008, 767.1794871794872, 637.032967032967, 805.4578754578755]"
2025-11-24T15:57:41.980591,/muse/gyro,"[9.49554443359375, -5.93658447265625, 25.67535400390625]"
2025-11-24T15:57:42.027798,/muse/elements/beta_absolute,"[0.6115936021144085, 0.422779941155457, -2.7866814850890833, 0.7095718493807732]"
2025-11-24T15:57:42.105518,/muse/eeg,"[1553.2967032967033, 768.7912087912088, 981.941391941392, 838.0952380952381]"
2025-11-24T15:57:42.167819,/muse/gyro,"[-4.94964599609375, -1.27105712890625, 12.1124267578125]"
2025-11-24T15:57:42.244173,/muse/eeg,"[624.945054945055, 782.0879120879121, 784.9084249084249, 747.4358974358975]"
2025-11-24T15:57:42.305870,/muse/eegAux,"[nan, nan, 0.0, 0.0]"
2025-11-24T15:57:42.368324,/muse/eeg,"[467.3992673992674, 790.1465201465202, 740.1831501831502, 771.2087912087912]"
2025-11-24T15:57:42.476324,/muse/elements/alpha_relative,"[0.1735686202341084, 0.1763974281585335, 0.1969018943271207, 0.337380216125811]"
2025-11-24T15:57:42.522348,/muse/gyro,"[4.164581298828125, -7.7459716796875, 9.151611328125]"
2025-11-24T15:57:42.568348,/muse/eeg,"[467.3992673992674, 784.5054945054945, 740.1831501831502, 755.4945054945055]"
2025-11-24T15:57:42.615296,/muse/eeg,"[765.5677655677656, 780.0732600732601, 880.4029304029305, 788.1318681318681]"
2025-11-24T15:57:42.645460,/muse/eeg,"[1488.4249084249084, 782.4908424908425, 863.8827838827839, 866.7032967032967]"
2025-11-24T15:57:42.676326,/muse/eeg,"[1509.3772893772893, 765.9706959706959, 890.8791208791209, 874.3589743589744]"
2025-11-24T15:57:42.754430,/muse/elements/beta_relative,"[0.15229938394767192, 0.05773448147526637, 0.35808114004161157, 0.20032934594461405]"
2025-11-24T15:57:42.801394,/muse/eegAux,"[nan, nan, 0.0, 0.0]"
2025-11-24T15:57:42.847376,/muse/gyro,"[10.983428955078125, -6.960906982421875, -19.402313232421875]"
2025-11-24T15:57:42.863335,/muse/eeg,"[841.3186813186813, 789.3406593406594, 674.5054945054945, 813.1135531135532]"
2025-11-24T15:57:42.953982,/muse/eeg,"[492.7838827838828, 766.7765567765568, 111.20879120879121, 793.7728937728938]"
2025-11-24T15:57:43.063534,/muse/eeg,"[597.948717948718, 794.1758241758242, 1193.4798534798535, 607.6190476190476]"
2025-11-24T15:57:43.032150,/muse/gyro,"[29.196929931640625, 6.23565673828125, 75.89706420898438]"
2025-11-24T15:57:43.126078,/muse/eeg,"[988.7912087912089, 768.7912087912088, 1072.1978021978023, 720.8424908424909]"
2025-11-24T15:57:43.203496,/muse/eegAux,"[nan, nan, 0.0, 0.0]"
2025-11-24T15:57:43.233866,/muse/drlref,"[1619780.2197802197, 1596410.2564102563]"
2025-11-24T15:57:43.280112,/muse/is_good,"[0.0, 0.0, 0.0, 0.0]"
2025-11-24T15:57:43.342531,/muse/eeg,"[869.1208791208792, 535.0915750915751, 793.3699633699634, 820.3663003663004]"
2025-11-24T15:57:43.373624,/muse/eeg,"[966.2271062271062, 634.2124542124542, 865.4945054945056, 820.3663003663004]"
2025-11-24T15:57:43.452324,/muse/eegAux,"[nan, nan, 0.0, 0.0]"
2025-11-24T15:57:43.514665,/muse/eeg,"[871.5384615384615, 815.5311355311355, 1455.3846153846155, 784.5054945054945]"
2025-11-24T15:57:43.545343,/muse/eeg,"[483.5164835164835, 894.5054945054945, 1335.7142857142858, 703.919413919414]"
2025-11-24T15:57:43.577080,/muse/drlref,"[1618974.358974359, 1596410.2564102563]"
2025-11-24T15:57:43.622554,/muse/drlref,"[1619780.2197802197, 1596410.2564102563]"
2025-11-24T15:57:43.715444,/muse/elements/alpha_absolute,"[0.6683666665993545, 0.5001939684730118, -3.0464130382657006, 0.9359468883837208]"
2025-11-24T15:57:43.746708,/muse/eeg,"[864.6886446886447, 714.3956043956044, 1027.0695970695972, 846.1538461538462]"
2025-11-24T15:57:43.794058,/muse/eegAux,"[nan, nan, 0.0, 0.0]"
2025-11-24T15:57:43.840184,/muse/eeg,"[850.989010989011, 807.8754578754579, 1077.032967032967, 799.8168498168499]"
2025-11-24T15:57:43.904584,/muse/gyro,"[-6.11602783203125, 4.942169189453125, -8.8525390625]"
2025-11-24T15:57:43.920542,/muse/gyro,"[-4.433746337890625, 4.882354736328125, -10.6768798828125]"
2025-11-24T15:57:43.966516,/muse/gyro,"[-4.523468017578125, 3.372039794921875, -15.753631591796875]"
2025-11-24T15:57:44.043932,/muse/eeg,"[1379.6336996336997, 1263.5897435897436, 1622.6007326007327, 1247.0695970695972]"
2025-11-24T15:57:44.136547,/muse/gyro,"[-5.54779052734375, 10.2581787109375, -3.566436767578125]"
2025-11-24T15:57:44.183182,/muse/gyro,"[9.517974853515625, 10.8563232421875, -3.39447021484375]"
2025-11-24T15:57:44.323801,/muse/eeg,"[939.6336996336996, 796.996336996337, 1164.065934065934, 900.952380952381]"
2025-11-24T15:57:44.214001,/muse/eeg,"[988.7912087912089, 796.1904761904763, 1191.062271062271, 890.8791208791209]"
2025-11-24T15:57:44.386194,/muse/eeg,"[815.5311355311355, 800.2197802197802, 801.025641025641, 807.8754578754579]"
2025-11-24T15:57:44.447758,/muse/elements/alpha_absolute,"[0.6683666665993545, 0.5001939684730118, -3.0464130382657006, 0.9359468883837208]"
2025-11-24T15:57:44.509832,/muse/eeg,"[679.3406593406594, 790.5494505494506, 724.4688644688645, 788.9377289377289]"
2025-11-24T15:57:44.649845,/muse/eeg,"[701.0989010989011, 791.7582417582418, 603.992673992674, 771.6117216117216]"
2025-11-24T15:57:44.664988,/muse/eeg,"[776.8498168498169, 763.5531135531136, 608.4249084249085, 799.0109890109891]"
2025-11-24T15:57:44.756889,/muse/eeg,"[673.6996336996338, 732.5274725274726, 589.4871794871796, 750.6593406593407]"
2025-11-24T15:57:44.850551,/muse/acc,"[0.3963623046875, -0.10162353515625, 0.92437744140625]"
2025-11-24T15:57:44.802969,/muse/gyro,"[18.97613525390625, 1.973876953125, 19.013519287109375]"
2025-11-24T15:57:44.929132,/muse/acc,"[0.3963623046875, -0.10162353515625, 0.92437744140625]"
2025-11-24T15:57:44.960029,/muse/eeg,"[776.8498168498169, 809.8901098901099, 338.86446886446885, 805.4578754578755]"
2025-11-24T15:57:45.022280,/muse/elements/alpha_absolute,"[0.6683666665993545, 0.5001939684730118, -3.0464130382657006, 0.9359468883837208]"
2025-11-24T15:57:45.085302,/muse/eegAux,"[nan, nan, 0.0, 0.0]"
2025-11-24T15:57:45.116054,/muse/elements/beta_relative,"[0.15229938394767192, 0.13139216249386032, 0.35808114004161157, 0.20032934594461405]"
2025-11-24T15:57:45.162614,/muse/eeg,"[821.1721611721612, 792.967032967033, 0.0, 791.7582417582418]"
2025-11-24T15:57:45.271388,/muse/eeg,"[790.1465201465202, 797.8021978021978, 565.3113553113553, 784.5054945054945]"
2025-11-24T15:57:45.332820,/muse/drlref,"[1619780.2197802197, 1596410.2564102563]"
2025-11-24T15:57:45.425625,/muse/eeg,"[767.1794871794872, 796.1904761904763, 711.5750915750916, 806.6666666666667]"
2025-11-24T15:57:45.394800,/muse/eeg,"[803.040293040293, 812.7106227106227, 529.047619047619, 797.8021978021978]"
2025-11-24T15:57:45.487811,/muse/acc,"[0.239501953125, -0.0894775390625, 0.95111083984375]"
2025-11-24T15:57:45.534452,/muse/eeg,"[849.3772893772895, 800.2197802197802, 724.4688644688645, 778.4615384615385]"
2025-11-24T15:57:45.581096,/muse/gyro,"[14.10125732421875, -4.403839111328125, -3.790740966796875]"
2025-11-24T15:57:45.658884,/muse/acc,"[0.19561767578125, -0.08148193359375, 0.9854736328125]"
2025-11-24T15:57:45.721705,/muse/eeg,"[813.919413919414, 807.4725274725275, 756.3003663003664, 796.1904761904763]"
2025-11-24T15:57:45.844296,/muse/elements/theta_absolute,"[0.8216154942119234, 0.9558664105556456, -3.372595035594313, 0.6763198665936857]"
2025-11-24T15:57:45.874928,/muse/eeg,"[807.0695970695971, 844.945054945055, 760.3296703296703, 796.996336996337]"
2025-11-24T15:57:45.921720,/muse/gyro,"[5.7122802734375, -21.720123291015625, -13.9666748046875]"
2025-11-24T15:57:46.092815,/muse/elements/alpha_absolute,"[0.6683666665993545, 0.5001939684730118, -3.0464130382657006, 0.9359468883837208]"
2025-11-24T15:57:46.045995,/muse/acc,"[0.24310302734375, -0.00433349609375, 0.95733642578125]"
2025-11-24T15:57:46.139360,/muse/eeg,"[819.5604395604396, 837.2893772893773, 595.1282051282052, 790.1465201465202]"
2025-11-24T15:57:46.170034,/muse/eegAux,"[nan, nan, 0.0, 0.0]"
2025-11-24T15:57:46.200536,/muse/eeg,"[819.1575091575091, 809.0842490842491, 641.4652014652015, 783.6996336996338]"
2025-11-24T15:57:46.277404,/muse/eeg,"[838.0952380952381, 835.2747252747253, 617.2893772893773, 793.3699633699634]"
2025-11-24T15:57:46.337924,/muse/eeg,"[901.7582417582418, 788.1318681318681, 536.7032967032967, 782.0879120879121]"
2025-11-24T15:57:46.369862,/muse/eegAux,"[nan, nan, 0.0, 0.0]"
2025-11-24T15:57:46.478492,/muse/gyro,"[10.69183349609375, -8.32916259765625, 8.665618896484375]"
2025-11-24T15:57:46.540206,/muse/acc,"[0.66162109375, 0.03204345703125, 0.73724365234375]"
2025-11-24T15:57:46.696520,/muse/eeg,"[857.032967032967, 753.8827838827839, 380.7692307692308, 794.981684981685]"
2025-11-24T15:57:46.741273,/muse/eegAux,"[nan, nan, 0.0, 0.0]"
2025-11-24T15:57:46.802700,/muse/elements/alpha_absolute,"[0.6683666665993545, 0.5001939684730118, -3.0464130382657006, 1.1478432984613953]"
2025-11-24T15:57:46.850194,/muse/gyro,"[11.544189453125, 11.82830810546875, -0.814971923828125]"
2025-11-24T15:57:47.004704,/muse/gyro,"[11.088104248046875, 13.1292724609375, -1.86920166015625]"
2025-11-24T15:57:47.067416,/muse/acc,"[0.5667724609375, 0.114501953125, 0.80975341796875]"
2025-11-24T15:57:47.019918,/muse/gyro,"[11.088104248046875, 13.1292724609375, -1.86920166015625]"
2025-11-24T15:57:47.129499,/muse/gyro,"[8.44879150390625, 18.086395263671875, -1.495361328125]"
2025-11-24T15:57:47.238374,/muse/eeg,"[784.9084249084249, 805.8608058608058, 900.1465201465202, 789.3406593406594]"
2025-11-24T15:57:47.330615,/muse/eeg,"[814.7252747252747, 784.1025641025641, 812.7106227106227, 815.1282051282052]"
2025-11-24T15:57:47.284759,/muse/eegAux,"[nan, nan, 0.0, 0.0]"
2025-11-24T15:57:47.422906,/muse/eeg,"[813.1135531135532, 784.1025641025641, 839.3040293040293, 798.6080586080586]"
2025-11-24T15:57:47.484984,/muse/eeg,"[829.6336996336996, 811.5018315018315, 920.2930402930403, 788.1318681318681]"
2025-11-24T15:57:47.546433,/muse/eegAux,"[nan, nan, 0.0, 0.0]"
2025-11-24T15:57:47.624511,/muse/eeg,"[866.7032967032967, 763.956043956044, 680.952380952381, 844.1391941391942]"
2025-11-24T15:57:47.764852,/muse/elements/alpha_absolute,"[0.6683666665993545, 0.5001939684730118, -3.0464130382657006, 1.1733187357629165]"
2025-11-24T15:57:47.702143,/muse/elements/beta_relative,"[0.15229938394767192, 0.13139216249386032, 0.35808114004161157, 0.18473060145141257]"
2025-11-24T15:57:47.842546,/muse/eeg,"[820.7692307692308, 801.8315018315019, 793.3699633699634, 803.8461538461539]"
2025-11-24T15:57:47.920113,/muse/eegAux,"[nan, nan, 0.0, 0.0]"
2025-11-24T15:57:47.967005,/muse/eeg,"[734.5421245421246, 801.8315018315019, 751.4652014652015, 804.6520146520147]"
2025-11-24T15:57:48.045064,/muse/drlref,"[1619780.2197802197, 1596410.2564102563]"
2025-11-24T15:57:48.138593,/muse/gyro,"[9.091796875, 4.05242919921875, 27.05108642578125]"
2025-11-24T15:57:48.200846,/muse/elements/alpha_absolute,"[0.6683666665993545, 0.5001939684730118, -3.0464130382657006, 1.0942081536659007]"
2025-11-24T15:57:48.294803,/muse/eeg,"[1063.7362637362637, 806.2637362637363, 919.4871794871796, 802.2344322344322]"
2025-11-24T15:57:48.262637,/muse/elements/beta_absolute,"[0.6115936021144085, 0.4631104468279531, -2.7866814850890833, 0.9509325665836255]"
2025-11-24T15:57:48.386750,/muse/eegAux,"[nan, nan, 0.0, 0.0]"
2025-11-24T15:57:48.480258,/muse/eeg,"[823.1868131868132, 818.7545787545788, 820.3663003663004, 788.5347985347986]"
2025-11-24T15:57:48.542116,/muse/eeg,"[749.047619047619, 801.025641025641, 886.4468864468864, 808.2783882783883]"
2025-11-24T15:57:48.604132,/muse/eegAux,"[nan, nan, 0.0, 0.0]"
2025-11-24T15:57:48.666910,/muse/eeg,"[839.3040293040293, 828.021978021978, 959.3772893772895, 788.1318681318681]"
2025-11-24T15:57:48.713959,/muse/eeg,"[853.0036630036631, 825.6043956043957, 1001.2820512820513, 796.996336996337]"
2025-11-24T15:57:48.745362,/muse/eegAux,"[nan, nan, 0.0, 0.0]"
2025-11-24T15:57:48.821851,/muse/eeg,"[490.7692307692308, 841.3186813186813, 1020.6227106227107, 779.2673992673992]"
2025-11-24T15:57:48.884548,/muse/elements/delta_absolute,"[1.0161528142136302, 0.7767404773714732, -3.185283338198744, 1.2519855679140137]"
2025-11-24T15:57:48.900162,/muse/acc,"[0.2698974609375, 0.08984375, 0.908203125]"
2025-11-24T15:57:48.946925,/muse/gyro,"[10.430145263671875, -14.647064208984375, 88.4356689453125]"
2025-11-24T15:57:48.978276,/muse/gyro,"[10.430145263671875, -14.647064208984375, 88.4356689453125]"
2025-11-24T15:57:49.025971,/muse/eeg,"[1046.0073260073261, 774.4322344322345, 952.9304029304029, 840.5128205128206]"
2025-11-24T15:57:49.104583,/muse/eegAux,"[nan, nan, 0.0, 0.0]"
2025-11-24T15:57:49.230001,/muse/eegAux,"[nan, nan, 0.0, 0.0]"
2025-11-24T15:57:49.182520,/muse/eeg,"[693.040293040293, 883.6263736263736, 1075.018315018315, 783.2967032967033]"
2025-11-24T15:57:49.260991,/muse/eegAux,"[nan, nan, 0.0, 0.0]"
2025-11-24T15:57:49.371298,/muse/eeg,"[700.2930402930403, 817.1428571428571, 893.2967032967033, 788.9377289377289]"
2025-11-24T15:57:49.384266,/muse/eeg,"[560.4761904761905, 819.5604395604396, 967.8388278388279, 764.3589743589744]"
2025-11-24T15:57:49.542359,/muse/elements/alpha_absolute,"[0.6683666665993545, 0.5001939684730118, -3.0464130382657006, 0.992663412676286]"
2025-11-24T15:57:49.571338,/muse/acc,"[0.45343017578125, -0.1673583984375, 0.81439208984375]"
2025-11-24T15:57:49.601719,/muse/eeg,"[866.7032967032967, 797.8021978021978, 985.5677655677656, 791.3553113553114]"
2025-11-24T15:57:49.647994,/muse/eeg,"[979.1208791208792, 797.3992673992674, 991.6117216117217, 802.6373626373627]"
2025-11-24T15:57:49.741181,/muse/eegAux,"[nan, nan, 0.0, 0.0]"
2025-11-24T15:57:49.835562,/muse/eeg,"[691.4285714285714, 800.2197802197802, 924.7252747252747, 780.8791208791209]"
2025-11-24T15:57:50.006258,/muse/eegAux,"[nan, nan, 0.0, 0.0]"
2025-11-24T15:57:49.897818,/muse/eeg,"[815.934065934066, 788.1318681318681, 818.3516483516484, 790.5494505494506]"
2025-11-24T15:57:50.022267,/muse/eeg,"[1095.970695970696, 780.8791208791209, 855.4212454212454, 823.1868131868132]"
2025-11-24T15:57:50.114828,/muse/elements/gamma_absolute,"[0.036595583667911116, 0.010664812410959979, -3.0203266379668348, 0.8218903216435487]"
2025-11-24T15:57:50.222739,/muse/drlref,"[1618974.358974359, 1596410.2564102563]"
2025-11-24T15:57:50.314725,/muse/gyro,"[-10.9759521484375, 15.424652099609375, 20.17242431640625]"
2025-11-24T15:57:50.269439,/muse/gyro,"[-10.9759521484375, 15.424652099609375, 20.17242431640625]"
2025-11-24T15:57:50.391590,/muse/gyro,"[-8.35906982421875, 20.404205322265625, 13.6676025390625]"
2025-11-24T15:57:50.438973,/muse/eeg,"[834.4688644688645, 833.6630036630037, 960.5860805860806, 807.4725274725275]"
2025-11-24T15:57:50.500967,/muse/eegAux,"[nan, nan, 0.0, 0.0]"
2025-11-24T15:57:50.548860,/muse/gyro,"[-3.715972900390625, 11.304931640625, 18.28826904296875]"
2025-11-24T15:57:50.610080,/muse/gyro,"[-7.977752685546875, 9.16656494140625, 6.56463623046875]"
2025-11-24T15:57:50.688186,/muse/eeg,"[848.5714285714286, 813.1135531135532, 1084.6886446886447, 795.3846153846154]"
2025-11-24T15:57:50.766151,/muse/eeg,"[594.3223443223443, 955.7509157509157, 1622.1978021978023, 849.3772893772895]"
2025-11-24T15:57:50.734944,/muse/acc,"[-0.04840087890625, 0.18658447265625, 0.98602294921875]"
2025-11-24T15:57:50.813383,/muse/eegAux,"[nan, nan, 0.0, 0.0]"
2025-11-24T15:57:50.876522,/muse/eeg,"[899.3406593406594, 807.8754578754579, 1622.6007326007327, 875.9706959706959]"
2025-11-24T15:57:50.937685,/muse/eeg,"[1117.3260073260074, 747.8388278388279, 1622.6007326007327, 759.92673992674]"
2025-11-24T15:57:51.014935,/muse/gyro,"[25.73516845703125, -3.75335693359375, 204.87945556640625]"
2025-11-24T15:57:51.046238,/muse/eeg,"[853.4065934065934, 740.5860805860806, 1576.2637362637363, 823.992673992674]"
2025-11-24T15:57:51.092707,/muse/acc,"[0.0076904296875, -0.196533203125, 0.84161376953125]"
2025-11-24T15:57:51.123181,/muse/eeg,"[682.5641025641025, 828.4249084249085, 1340.1465201465203, 827.2161172161173]"
2025-11-24T15:57:51.199773,/muse/eeg,"[579.4139194139194, 828.8278388278388, 933.1868131868132, 798.2051282051282]"
2025-11-24T15:57:51.230521,/muse/eeg,"[886.4468864468864, 815.5311355311355, 959.7802197802198, 805.054945054945]"
2025-11-24T15:57:51.402539,/muse/eeg,"[887.6556776556777, 796.5934065934066, 1002.893772893773, 781.6849816849817]"
2025-11-24T15:57:51.448730,/muse/eeg,"[1302.2710622710624, 821.5750915750916, 1172.930402930403, 836.0805860805862]"
2025-11-24T15:57:51.494369,/muse/drlref,"[1618974.358974359, 1596410.2564102563]"
2025-11-24T15:57:51.541518,/muse/eeg,"[867.9120879120879, 880.0, 1021.0256410256411, 821.1721611721612]"
2025-11-24T15:57:51.603154,/muse/eeg,"[814.3223443223443, 834.0659340659341, 960.5860805860806, 789.3406593406594]"
2025-11-24T15:57:51.649831,/muse/eegAux,"[nan, nan, 0.0, 0.0]"
2025-11-24T15:57:51.712501,/muse/gyro,"[-3.013153076171875, 10.878753662109375, 22.303314208984375]"
2025-11-24T15:57:51.836238,/muse/gyro,"[-3.013153076171875, 10.878753662109375, 22.303314208984375]"
2025-11-24T15:57:51.929061,/muse/drlref,"[1618974.358974359, 1596410.2564102563]"
2025-11-24T15:57:51.913622,/muse/elements/gamma_absolute,"[0.036595583667911116, 0.010664812410959979, -3.0203266379668348, 0.8218903216435487]"
2025-11-24T15:57:51.976345,/muse/drlref,"[1619780.2197802197, 1596410.2564102563]"
2025-11-24T15:57:52.068811,/muse/eeg,"[1490.8424908424909, 794.5787545787546, 930.3663003663004, 871.5384615384615]"
2025-11-24T15:57:52.131004,/muse/eeg,"[904.981684981685, 772.014652014652, 980.7326007326008, 828.4249084249085]"
2025-11-24T15:57:52.178071,/muse/gyro,"[-2.64678955078125, -8.1048583984375, 13.884429931640625]"
2025-11-24T15:57:52.256541,/muse/acc,"[-0.11236572265625, -0.08441162109375, 0.91436767578125]"
2025-11-24T15:57:52.303462,/muse/eeg,"[452.0879120879121, 779.6703296703297, 776.0439560439561, 763.5531135531136]"
2025-11-24T15:57:52.396713,/muse/eegAux,"[nan, nan, 0.0, 0.0]"
2025-11-24T15:57:52.458499,/muse/acc,"[0.18255615234375, -0.23193359375, 0.96514892578125]"
2025-11-24T15:57:52.520060,/muse/acc,"[0.2218017578125, -0.208251953125, 0.978759765625]"
2025-11-24T15:57:52.583818,/muse/eegAux,"[nan, nan, 0.0, 0.0]"
2025-11-24T15:57:52.646110,/muse/eeg,"[890.0732600732601, 822.3809523809524, 782.0879120879121, 802.2344322344322]"
2025-11-24T15:57:52.708643,/muse/eeg,"[595.5311355311355, 774.4322344322345, 633.8095238095239, 779.6703296703297]"
2025-11-24T15:57:52.814941,/muse/eegAux,"[nan, nan, 0.0, 0.0]"
2025-11-24T15:57:52.753867,/muse/eeg,"[517.3626373626374, 786.1172161172161, 545.1648351648352, 769.5970695970697]"
2025-11-24T15:57:52.876634,/muse/eeg,"[444.83516483516485, 785.7142857142858, 391.24542124542126, 758.3150183150184]"
2025-11-24T15:57:52.922337,/muse/eegAux,"[nan, nan, 0.0, 0.0]"
2025-11-24T15:57:53.015740,/muse/elements/alpha_absolute,"[0.6683666665993545, 0.5001939684730118, -3.0464130382657006, 0.992663412676286]"
2025-11-24T15:57:53.062994,/muse/eeg,"[328.7912087912088, 759.5238095238095, 181.72161172161174, 775.6410256410256]"
2025-11-24T15:57:53.078188,/muse/gyro,"[14.8638916015625, -1.667327880859375, 38.77471923828125]"
2025-11-24T15:57:53.123823,/muse/acc,"[0.04022216796875, -0.16033935546875, 0.87469482421875]"
2025-11-24T15:57:53.185524,/muse/eeg,"[779.2673992673992, 761.5384615384615, 625.3479853479854, 812.3076923076924]"
2025-11-24T15:57:53.261503,/muse/eegAux,"[nan, nan, 0.0, 0.0]"
2025-11-24T15:57:53.308838,/muse/eeg,"[740.989010989011, 766.3736263736264, 691.8315018315019, 828.4249084249085]"
2025-11-24T15:57:53.431083,/muse/eegAux,"[nan, nan, 0.0, 0.0]"
2025-11-24T15:57:53.354349,/muse/gyro,"[13.555450439453125, -14.617156982421875, 21.630401611328125]"
2025-11-24T15:57:53.524238,/muse/eeg,"[772.8205128205128, 774.4322344322345, 695.4578754578755, 798.2051282051282]"
2025-11-24T15:57:53.615589,/muse/eegAux,"[nan, nan, 0.0, 0.0]"
2025-11-24T15:57:53.693310,/muse/acc,"[0.26708984375, -0.211669921875, 0.8956298828125]"
2025-11-24T15:57:53.770436,/muse/eeg,"[612.8571428571429, 718.4249084249085, 561.6849816849817, 811.9047619047619]"
2025-11-24T15:57:53.817327,/muse/eeg,"[1043.992673992674, 772.4175824175825, 548.7912087912088, 811.0989010989011]"
2025-11-24T15:57:53.862215,/muse/gyro,"[16.127471923828125, -16.34429931640625, -52.913360595703125]"
2025-11-24T15:57:53.986426,/muse/acc,"[0.52349853515625, 0.0460205078125, 0.83721923828125]"
2025-11-24T15:57:54.047040,/muse/elements/beta_relative,"[0.15229938394767192, 0.07602852321866664, 0.35808114004161157, 0.09385606008704475]"
2025-11-24T15:57:54.093819,/muse/elements/delta_absolute,"[1.0161528142136302, 1.4197223228136284, -3.185283338198744, 1.3623243758905919]"
2025-11-24T15:57:54.171914,/muse/eeg,"[1169.7069597069597, 721.2454212454213, 695.054945054945, 811.9047619047619]"
2025-11-24T15:57:54.202546,/muse/elements/alpha_absolute,"[0.6683666665993545, 0.9482276841145552, -3.0464130382657006, 0.992663412676286]"
2025-11-24T15:57:54.297297,/muse/eegAux,"[nan, nan, 0.0, 0.0]"
2025-11-24T15:57:54.282067,/muse/eeg,"[815.5311355311355, 651.1355311355312, 556.4468864468864, 795.3846153846154]"
2025-11-24T15:57:54.343897,/muse/gyro,"[13.555450439453125, 1.562652587890625, 3.192596435546875]"
2025-11-24T15:57:54.375366,/muse/gyro,"[17.83966064453125, 2.370147705078125, -4.912261962890625]"
2025-11-24T15:57:54.437761,/muse/gyro,"[8.142242431640625, -11.85821533203125, -3.611297607421875]"
2025-11-24T15:57:54.391024,/muse/drlref,"[1618974.358974359, 1596410.2564102563]"
2025-11-24T15:57:54.530895,/muse/eeg,"[896.1172161172161, 788.9377289377289, 582.2344322344322, 795.7875457875458]"
2025-11-24T15:57:54.562349,/muse/eegAux,"[nan, nan, 0.0, 0.0]"
2025-11-24T15:57:54.655017,/muse/gyro,"[14.781646728515625, -24.6435546875, -7.5665283203125]"
2025-11-24T15:57:54.716663,/muse/eeg,"[794.1758241758242, 790.1465201465202, 508.09523809523813, 778.0586080586081]"
2025-11-24T15:57:54.794232,/muse/drlref,"[1618974.358974359, 1596410.2564102563]"
2025-11-24T15:57:54.856594,/muse/drlref,"[1618974.358974359, 1596410.2564102563]"
2025-11-24T15:57:54.934482,/muse/eeg,"[715.6043956043957, 800.6227106227107, 765.5677655677656, 803.040293040293]"
2025-11-24T15:57:54.995133,/muse/eeg,"[830.4395604395604, 801.4285714285714, 625.7509157509157, 811.0989010989011]"
2025-11-24T15:57:55.056809,/muse/gyro,"[-4.523468017578125, -3.72344970703125, -16.875152587890625]"
2025-11-24T15:57:55.118850,/muse/eeg,"[791.7582417582418, 828.4249084249085, 779.2673992673992, 807.0695970695971]"
2025-11-24T15:57:55.211053,/muse/eeg,"[797.8021978021978, 818.3516483516484, 816.3369963369963, 790.5494505494506]"
2025-11-24T15:57:55.257258,/muse/eeg,"[807.0695970695971, 843.3333333333334, 824.7985347985348, 800.6227106227107]"
2025-11-24T15:57:55.304242,/muse/gyro,"[-7.46185302734375, -18.385467529296875, -15.589141845703125]"
2025-11-24T15:57:55.397405,/muse/elements/delta_absolute,"[1.0161528142136302, 1.4197223228136284, -3.185283338198744, 1.2776204436480132]"
2025-11-24T15:57:55.412608,/muse/eeg,"[789.3406593406594, 813.5164835164835, 746.6300366300367, 818.3516483516484]"
2025-11-24T15:57:55.459113,/muse/eeg,"[1194.6886446886447, 828.021978021978, 777.2527472527473, 827.2161172161173]"
2025-11-24T15:57:55.489905,/muse/gyro,"[-5.031890869140625, -40.0457763671875, -52.56195068359375]"
2025-11-24T15:57:55.566530,/muse/eeg,"[799.8168498168499, 779.2673992673992, 791.7582417582418, 893.6996336996338]"
2025-11-24T15:57:55.657623,/muse/eeg,"[912.6373626373627, 794.981684981685, 816.7399267399268, 842.1245421245421]"
2025-11-24T15:57:55.720247,/muse/eeg,"[925.1282051282052, 788.5347985347986, 760.7326007326008, 829.6336996336996]"
2025-11-24T15:57:55.798493,/muse/eeg,"[890.8791208791209, 790.5494505494506, 703.5164835164835, 821.978021978022]"
2025-11-24T15:57:55.876896,/muse/hsi,"[4.0, 1.0, 2.0, 1.0]"
2025-11-24T15:57:55.940172,/muse/acc,"[0.60711669921875, 0.40447998046875, 0.79473876953125]"
2025-11-24T15:57:56.016670,/muse/gyro,"[-5.929107666015625, -51.3507080078125, 32.725982666015625]"
2025-11-24T15:57:56.064214,/muse/eeg,"[660.8058608058608, 784.9084249084249, 770.4029304029305, 812.3076923076924]"
2025-11-24T15:57:56.157867,/muse/eegAux,"[nan, nan, 0.0, 0.0]"
2025-11-24T15:57:56.189943,/muse/eeg,"[786.5201465201466, 727.2893772893773, 721.6483516483516, 845.7509157509157]"
2025-11-24T15:57:56.250644,/muse/eegAux,"[nan, nan, 0.0, 0.0]"
2025-11-24T15:57:56.296262,/muse/eeg,"[819.1575091575091, 724.4688644688645, 755.8974358974359, 862.2710622710623]"
2025-11-24T15:57:56.327067,/muse/acc,"[0.81121826171875, 0.10638427734375, 0.6182861328125]"
2025-11-24T15:57:56.388835,/muse/eeg,"[863.0769230769231, 544.7619047619048, 342.8937728937729, 837.6923076923077]"
2025-11-24T15:57:56.404459,/muse/eeg,"[818.3516483516484, 569.3406593406594, 288.09523809523813, 819.96336996337]"
2025-11-24T15:57:56.451270,/muse/eeg,"[876.3736263736264, 668.0586080586081, 564.5054945054945, 801.8315018315019]"
2025-11-24T15:57:56.513327,/muse/eeg,"[899.3406593406594, 713.1868131868132, 527.4358974358975, 803.040293040293]"
2025-11-24T15:57:56.498205,/muse/eeg,"[731.7216117216118, 635.4212454212454, 344.1025641025641, 773.2234432234433]"
2025-11-24T15:57:56.544507,/muse/eeg,"[850.989010989011, 727.2893772893773, 783.2967032967033, 820.7692307692308]"
2025-11-24T15:57:56.606070,/muse/gyro,"[-4.53094482421875, -6.362762451171875, -14.228363037109375]"
2025-11-24T15:57:56.637434,/muse/eeg,"[822.3809523809524, 743.4065934065934, 967.4358974358975, 780.0732600732601]"
2025-11-24T15:57:56.699081,/muse/eeg,"[738.974358974359, 759.92673992674, 872.3443223443223, 778.8644688644689]"
2025-11-24T15:57:56.776952,/muse/gyro,"[-2.7215576171875, -4.119720458984375, -17.084503173828125]"
2025-11-24T15:57:56.947239,/muse/eeg,"[732.5274725274726, 754.2857142857143, 724.8717948717949, 781.2820512820513]"
2025-11-24T15:57:57.039070,/muse/eeg,"[711.1721611721612, 728.4981684981685, 1058.901098901099, 792.5641025641025]"
2025-11-24T15:57:57.099889,/muse/eeg,"[675.7142857142858, 796.996336996337, 1254.7252747252749, 730.5128205128206]"
2025-11-24T15:57:57.162050,/muse/eeg,"[872.3443223443223, 792.1611721611722, 1200.7326007326008, 823.5897435897436]"
2025-11-24T15:57:57.241766,/muse/elements/delta_absolute,"[1.0161528142136302, 1.4197223228136284, -3.185283338198744, 1.025863929464185]"
2025-11-24T15:57:57.365410,/muse/elements/theta_absolute,"[0.8216154942119234, 1.0505528882630486, -3.372595035594313, 1.323634151083688]"
2025-11-24T15:57:57.381291,/muse/gyro,"[-4.127197265625, -0.231781005859375, -12.104949951171875]"
2025-11-24T15:57:57.428685,/muse/gyro,"[-4.314117431640625, -1.652374267578125, -6.041259765625]"
2025-11-24T15:57:57.490525,/muse/gyro,"[-4.314117431640625, -1.652374267578125, -6.041259765625]"
2025-11-24T15:57:57.554307,/muse/eeg,"[875.1648351648352, 785.3113553113553, 861.8681318681319, 812.7106227106227]"
2025-11-24T15:57:57.600724,/muse/eegAux,"[nan, nan, 0.0, 0.0]"
2025-11-24T15:57:57.662675,/muse/eeg,"[699.8901098901099, 731.7216117216118, 576.996336996337, 765.5677655677656]"
2025-11-24T15:57:57.708261,/muse/eegAux,"[nan, nan, 0.0, 0.0]"
2025-11-24T15:57:57.770485,/muse/elements/alpha_absolute,"[0.6683666665993545, 0.9482276841145552, -3.0464130382657006, 0.890455014443982]"
2025-11-24T15:57:57.816730,/muse/eegAux,"[nan, nan, 0.0, 0.0]"
2025-11-24T15:57:57.862792,/muse/eeg,"[852.6007326007326, 805.8608058608058, 1622.6007326007327, 836.886446886447]"
2025-11-24T15:57:57.941008,/muse/drlref,"[1618974.358974359, 1596410.2564102563]"
2025-11-24T15:57:57.971647,/muse/drlref,"[1618974.358974359, 1596410.2564102563]"
2025-11-24T15:57:58.037518,/muse/eegAux,"[nan, nan, 0.0, 0.0]"
2025-11-24T15:57:58.084107,/muse/eeg,"[861.4652014652015, 761.1355311355312, 1609.7069597069597, 827.2161172161173]"
2025-11-24T15:57:58.145816,/muse/acc,"[0.34619140625, -0.23223876953125, 0.8585205078125]"
2025-11-24T15:57:58.239157,/muse/acc,"[0.32757568359375, -0.237548828125, 0.87860107421875]"
2025-11-24T15:57:58.300544,/muse/eeg,"[773.6263736263736, 807.0695970695971, 768.3882783882784, 804.6520146520147]"
2025-11-24T15:57:58.376735,/muse/eeg,"[811.0989010989011, 808.2783882783883, 1021.4285714285714, 809.8901098901099]"
2025-11-24T15:57:58.439468,/muse/elements/beta_relative,"[0.15229938394767192, 0.07602852321866664, 0.35808114004161157, 0.12187933122157141]"
2025-11-24T15:57:58.486898,/muse/elements/delta_relative,"[0.38659600224399454, 0.5158408740560642, 0.1430143427055729, 0.21549055216677163]"
2025-11-24T15:57:58.550109,/muse/gyro,"[33.72039794921875, 3.5589599609375, 48.988037109375]"
2025-11-24T15:57:58.611659,/muse/drlref,"[1618974.358974359, 1596410.2564102563]"
2025-11-24T15:57:58.688519,/muse/drlref,"[1618974.358974359, 1596410.2564102563]"
2025-11-24T15:57:58.766952,/muse/elements/theta_relative,"[0.24701312993500799, 0.22046838314843742, 0.0929111631523125, 0.4277583103202677]"
2025-11-24T15:57:58.828786,/muse/eeg,"[774.4322344322345, 810.2930402930403, 691.025641025641, 805.054945054945]"
2025-11-24T15:57:58.874663,/muse/eegAux,"[nan, nan, 0.0, 0.0]"
2025-11-24T15:57:58.997294,/muse/eeg,"[792.967032967033, 808.6813186813187, 997.6556776556777, 792.967032967033]"
2025-11-24T15:57:59.073572,/muse/is_good,"[0.0, 0.0, 0.0, 0.0]"
2025-11-24T15:57:59.135617,/muse/hsi,"[2.0, 1.0, 2.0, 2.0]"
2025-11-24T15:57:59.212303,/muse/eeg,"[778.0586080586081, 830.8424908424909, 1055.6776556776558, 796.5934065934066]"
2025-11-24T15:57:59.258317,/muse/eegAux,"[nan, nan, 0.0, 0.0]"
2025-11-24T15:57:59.334808,/muse/gyro,"[7.94036865234375, -2.788848876953125, 5.8319091796875]"
2025-11-24T15:57:59.396280,/muse/gyro,"[9.82452392578125, 0.11962890625, 4.56085205078125]"
2025-11-24T15:57:59.473830,/muse/gyro,"[14.482574462890625, 4.807586669921875, 3.222503662109375]"
2025-11-24T15:57:59.534623,/muse/eeg,"[537.1062271062272, 881.6117216117217, 1614.945054945055, 796.1904761904763]"
2025-11-24T15:57:59.611699,/muse/gyro,"[15.3424072265625, 9.742279052734375, 2.340240478515625]"
2025-11-24T15:57:59.688278,/muse/gyro,"[11.0955810546875, 5.87677001953125, 2.220611572265625]"
2025-11-24T15:57:59.765965,/muse/eeg,"[655.1648351648352, 900.952380952381, 1622.6007326007327, 799.8168498168499]"
2025-11-24T15:57:59.858001,/muse/gyro,"[13.65264892578125, 3.820648193359375, 13.495635986328125]"
2025-11-24T15:57:59.889341,/muse/eeg,"[880.4029304029305, 824.7985347985348, 1244.6520146520147, 871.5384615384615]"
2025-11-24T15:58:00.027501,/muse/eeg,"[952.9304029304029, 808.6813186813187, 1245.0549450549452, 839.3040293040293]"
2025-11-24T15:58:00.073004,/muse/elements/alpha_absolute,"[0.6683666665993545, 0.9482276841145552, -3.0464130382657006, 0.6521763990586171]"
2025-11-24T15:58:00.182286,/muse/gyro,"[-16.426544189453125, -19.506988525390625, -9.4805908203125]"
2025-11-24T15:58:00.228656,/muse/gyro,"[-17.89947509765625, -18.071441650390625, -14.54986572265625]"
2025-11-24T15:58:00.259542,/muse/eeg,"[906.996336996337, 818.3516483516484, 979.1208791208792, 796.1904761904763]"
2025-11-24T15:58:00.367545,/muse/eeg,"[875.1648351648352, 792.5641025641025, 629.7802197802198, 819.1575091575091]"
2025-11-24T15:58:00.274932,/muse/acc,"[0.33306884765625, 0.01275634765625, 0.969482421875]"
2025-11-24T15:58:00.414166,/muse/eegAux,"[nan, nan, 0.0, 0.0]"
2025-11-24T15:58:00.537720,/muse/eeg,"[816.3369963369963, 762.7472527472528, 0.0, 790.952380952381]"
2025-11-24T15:58:00.583800,/muse/eegAux,"[nan, nan, 0.0, 0.0]"
2025-11-24T15:58:00.653091,/muse/eegAux,"[nan, nan, 0.0, 0.0]"
2025-11-24T15:58:00.864054,/muse/eeg,"[835.6776556776557, 791.3553113553114, 0.0, 808.6813186813187]"
2025-11-24T15:58:00.815945,/muse/eeg,"[828.4249084249085, 792.5641025641025, 0.0, 797.8021978021978]"
2025-11-24T15:58:00.707944,/muse/eeg,"[853.8095238095239, 786.5201465201466, 0.0, 813.1135531135532]"
2025-11-24T15:58:00.910067,/muse/eeg,"[784.5054945054945, 781.2820512820513, 0.0, 769.5970695970697]"
2025-11-24T15:58:00.957700,/muse/eeg,"[794.981684981685, 779.2673992673992, 0.0, 813.5164835164835]"
2025-11-24T15:58:01.174945,/muse/elements/alpha_absolute,"[0.6683666665993545, 0.9482276841145552, -3.0464130382657006, 0.6326723100377671]"
2025-11-24T15:58:01.097197,/muse/eeg,"[794.5787545787546, 784.1025641025641, 0.0, 784.1025641025641]"
2025-11-24T15:58:01.220274,/muse/eeg,"[800.6227106227107, 748.6446886446887, 0.0, 809.8901098901099]"
2025-11-24T15:58:01.266476,/muse/eeg,"[783.6996336996338, 758.7179487179487, 0.0, 835.6776556776557]"
2025-11-24T15:58:01.374375,/muse/eeg,"[785.7142857142858, 772.014652014652, 14.908424908424909, 859.4505494505495]"
2025-11-24T15:58:01.451693,/muse/drlref,"[1618974.358974359, 1596410.2564102563]"
2025-11-24T15:58:01.558267,/muse/eeg,"[786.9230769230769, 800.2197802197802, 2.417582417582418, 830.0366300366301]"
2025-11-24T15:58:01.635900,/muse/elements/alpha_relative,"[0.1735686202341084, 0.17418915523712705, 0.1969018943271207, 0.13424328127758858]"
2025-11-24T15:58:01.682059,/muse/gyro,"[24.20989990234375, 3.641204833984375, 4.852447509765625]"
2025-11-24T15:58:01.728344,/muse/eeg,"[773.2234432234433, 792.967032967033, 1634.6886446886447, 795.3846153846154]"
2025-11-24T15:58:01.852424,/muse/eeg,"[790.952380952381, 796.996336996337, 1623.4065934065934, 798.2051282051282]"
2025-11-24T15:58:01.930100,/muse/gyro,"[23.424835205078125, 4.3963623046875, 8.792724609375]"
2025-11-24T15:58:02.055318,/muse/eeg,"[796.5934065934066, 798.6080586080586, 1602.4542124542124, 775.2380952380953]"
2025-11-24T15:58:02.116317,/muse/eeg,"[763.956043956044, 778.0586080586081, 0.0, 820.3663003663004]"
2025-11-24T15:58:02.193066,/muse/eeg,"[750.2564102564103, 749.047619047619, 1622.1978021978023, 789.3406593406594]"
2025-11-24T15:58:02.239495,/muse/eeg,"[800.6227106227107, 756.3003663003664, 1622.1978021978023, 809.8901098901099]"
2025-11-24T15:58:02.285876,/muse/eeg,"[766.7765567765568, 772.8205128205128, 1621.7948717948718, 792.967032967033]"
2025-11-24T15:58:02.347826,/muse/gyro,"[8.994598388671875, -10.7965087890625, 7.947845458984375]"
2025-11-24T15:58:02.438981,/muse/gyro,"[2.3028564453125, -7.76092529296875, 6.20574951171875]"
2025-11-24T15:58:02.485658,/muse/eeg,"[781.2820512820513, 743.8095238095239, 1622.6007326007327, 829.6336996336996]"
2025-11-24T15:58:02.547069,/muse/eeg,"[825.2014652014652, 754.6886446886447, 1622.6007326007327, 775.6410256410256]"
2025-11-24T15:58:02.562983,/muse/gyro,"[-4.104766845703125, -1.3458251953125, 3.028106689453125]"
2025-11-24T15:58:02.654913,/muse/eeg,"[673.2967032967033, 726.0805860805862, 1622.6007326007327, 797.8021978021978]"
2025-11-24T15:58:02.701087,/muse/gyro,"[-0.43365478515625, 4.56085205078125, 5.75714111328125]"
2025-11-24T15:58:02.809067,/muse/eeg,"[925.5311355311355, 800.2197802197802, 0.0, 790.5494505494506]"
2025-11-24T15:58:02.886532,/muse/elements/beta_absolute,"[0.6115936021144085, 0.5881831259564095, -2.7866814850890833, 1.4778221129106932]"
2025-11-24T15:58:02.962589,/muse/elements/beta_absolute,"[0.6115936021144085, 0.5881831259564095, -2.7866814850890833, 1.5216411076772984]"
2025-11-24T15:58:03.038280,/muse/eeg,"[847.7655677655678, 753.8827838827839, 1622.1978021978023, 806.2637362637363]"
2025-11-24T15:58:03.117130,/muse/eeg,"[865.8974358974359, 738.5714285714286, 1622.6007326007327, 814.3223443223443]"
2025-11-24T15:58:03.193472,/muse/gyro,"[7.723541259765625, -13.218994140625, 0.40374755859375]"
2025-11-24T15:58:03.284319,/muse/eeg,"[716.4102564102565, 674.9084249084249, 1622.1978021978023, 827.6190476190476]"
2025-11-24T15:58:03.314475,/muse/eegAux,"[nan, nan, 0.0, 0.0]"
2025-11-24T15:58:03.360924,/muse/eegAux,"[nan, nan, 0.0, 0.0]"
2025-11-24T15:58:03.423388,/muse/eeg,"[746.6300366300367, 622.9304029304029, 1621.7948717948718, 811.9047619047619]"
2025-11-24T15:58:03.485119,/muse/eegAux,"[nan, nan, 0.0, 0.0]"
2025-11-24T15:58:03.531896,/muse/eeg,"[747.032967032967, 666.0439560439561, 1644.7619047619048, 792.5641025641025]"
2025-11-24T15:58:03.578158,/muse/eeg,"[786.5201465201466, 697.8754578754579, 1606.886446886447, 767.1794871794872]"
2025-11-24T15:58:03.640100,/muse/eegAux,"[nan, nan, 0.0, 0.0]"
2025-11-24T15:58:03.686144,/muse/eegAux,"[nan, nan, 0.0, 0.0]"
2025-11-24T15:58:03.717352,/muse/gyro,"[9.630126953125, -8.486175537109375, -0.366363525390625]"
2025-11-24T15:58:03.778099,/muse/drlref,"[1618974.358974359, 1596410.2564102563]"
2025-11-24T15:58:03.916346,/muse/eeg,"[809.4871794871796, 755.0915750915751, 1443.6996336996338, 786.5201465201466]"
2025-11-24T15:58:04.024319,/muse/gyro,"[9.28619384765625, -7.91046142578125, 0.40374755859375]"
2025-11-24T15:58:04.116186,/muse/eegAux,"[nan, nan, 0.0, 0.0]"
2025-11-24T15:58:04.176466,/muse/eeg,"[758.7179487179487, 766.7765567765568, 1292.1978021978023, 804.6520146520147]"
2025-11-24T15:58:04.286781,/muse/gyro,"[2.654266357421875, -7.37213134765625, -1.487884521484375]"
2025-11-24T15:58:04.255548,/muse/gyro,"[2.64678955078125, -6.20574951171875, -1.3458251953125]"
2025-11-24T15:58:04.426041,/muse/drlref,"[1618974.358974359, 1596410.2564102563]"
2025-11-24T15:58:04.501898,/muse/drlref,"[1618974.358974359, 1596410.2564102563]"
2025-11-24T15:58:04.593187,/muse/eeg,"[804.6520146520147, 757.1062271062272, 938.021978021978, 790.1465201465202]"
2025-11-24T15:58:04.655115,/muse/eeg,"[793.7728937728938, 730.9157509157509, 985.970695970696, 803.4432234432235]"
2025-11-24T15:58:04.762897,/muse/eeg,"[816.7399267399268, 733.7362637362637, 828.8278388278388, 813.1135531135532]"
2025-11-24T15:58:04.823529,/muse/eeg,"[825.6043956043957, 739.3772893772893, 1041.978021978022, 806.6666666666667]"
2025-11-24T15:58:04.884846,/muse/eegAux,"[nan, nan, 0.0, 0.0]"
2025-11-24T15:58:04.961650,/muse/eeg,"[737.7655677655678, 701.9047619047619, 801.025641025641, 805.8608058608058]"
2025-11-24T15:58:05.007745,/muse/gyro,"[-16.022796630859375, 1.099090576171875, 4.523468017578125]"
2025-11-24T15:58:05.053540,/muse/eeg,"[826.8131868131868, 664.8351648351648, 814.7252747252747, 799.4139194139194]"
2025-11-24T15:58:05.115560,/muse/is_good,"[0.0, 0.0, 0.0, 1.0]"
2025-11-24T15:58:05.162434,/muse/eeg,"[844.945054945055, 702.7106227106227, 912.2344322344322, 805.4578754578755]"
2025-11-24T15:58:05.208050,/muse/eeg,"[797.8021978021978, 728.4981684981685, 865.4945054945056, 783.2967032967033]"
2025-11-24T15:58:05.253138,/muse/eegAux,"[nan, nan, 0.0, 0.0]"
2025-11-24T15:58:05.314832,/muse/eeg,"[796.996336996337, 660.4029304029305, 645.4945054945055, 816.3369963369963]"
2025-11-24T15:58:05.391243,/muse/gyro,"[0.007476806640625, -7.357177734375, 7.19268798828125]"
2025-11-24T15:58:05.406900,/muse/eeg,"[903.7728937728938, 702.7106227106227, 633.8095238095239, 791.7582417582418]"
2025-11-24T15:58:05.453490,/muse/eeg,"[855.0183150183151, 521.3919413919414, 185.34798534798534, 838.0952380952381]"
2025-11-24T15:58:05.515847,/muse/gyro,"[12.022705078125, -9.9591064453125, 3.45428466796875]"
2025-11-24T15:58:05.577388,/muse/gyro,"[10.908660888671875, -10.579681396484375, 1.9140625]"
2025-11-24T15:58:05.640579,/muse/eeg,"[909.4139194139194, 332.8205128205128, 374.32234432234435, 875.5677655677656]"
2025-11-24T15:58:05.670952,/muse/gyro,"[5.256195068359375, -1.383209228515625, 1.734619140625]"
2025-11-24T15:58:05.715840,/muse/elements/delta_absolute,"[1.0161528142136302, 1.4197223228136284, -3.185283338198744, 0.3329844579350315]"
2025-11-24T15:58:05.854353,/muse/acc,"[0.410400390625, -0.17779541015625, 0.88818359375]"
2025-11-24T15:58:05.931469,/muse/eeg,"[772.014652014652, 499.6336996336996, 213.95604395604397, 820.3663003663004]"
2025-11-24T15:58:05.976941,/muse/eegAux,"[nan, nan, 0.0, 0.0]"
2025-11-24T15:58:06.037841,/muse/eeg,"[845.7509157509157, 684.981684981685, 428.71794871794873, 842.9304029304029]"
2025-11-24T15:58:06.083888,/muse/eeg,"[908.2051282051282, 716.007326007326, 478.2783882783883, 840.1098901098901]"
2025-11-24T15:58:06.129545,/muse/gyro,"[4.605712890625, -7.7459716796875, -2.03369140625]"
2025-11-24T15:58:06.191522,/muse/gyro,"[3.043060302734375, -6.47491455078125, 2.1832275390625]"
2025-11-24T15:58:06.253471,/muse/gyro,"[2.968292236328125, -7.544097900390625, 0.127105712890625]"
2025-11-24T15:58:06.347408,/muse/gyro,"[2.9608154296875, -5.39825439453125, -0.0]"
2025-11-24T15:58:06.393761,/muse/acc,"[0.4373779296875, -0.1785888671875, 0.89044189453125]"
2025-11-24T15:58:06.455111,/muse/eeg,"[876.7765567765568, 1622.6007326007327, 569.7435897435897, 866.3003663003664]"
2025-11-24T15:58:06.486583,/muse/gyro,"[2.145843505859375, -9.68994140625, 0.79254150390625]"
2025-11-24T15:58:06.516918,/muse/eeg,"[988.3882783882784, 1622.6007326007327, 428.31501831501834, 957.3626373626374]"
2025-11-24T15:58:06.547404,/muse/eegAux,"[nan, nan, 0.0, 0.0]"
2025-11-24T15:58:06.594042,/muse/eeg,"[1027.4725274725274, 1622.6007326007327, 77.76556776556777, 952.1245421245421]"
2025-11-24T15:58:06.646349,/muse/gyro,"[1.89910888671875, -4.306640625, 1.054229736328125]"
2025-11-24T15:58:06.686374,/muse/eeg,"[811.0989010989011, 1622.6007326007327, 0.0, 861.8681318681319]"
2025-11-24T15:58:06.747246,/muse/gyro,"[1.256103515625, -7.94036865234375, -0.590667724609375]"
2025-11-24T15:58:06.822904,/muse/gyro,"[7.55157470703125, -0.25421142578125, 4.822540283203125]"
2025-11-24T15:58:06.883480,/muse/gyro,"[6.646881103515625, -0.471038818359375, 7.588958740234375]"
2025-11-24T15:58:07.036939,/muse/eeg,"[675.7142857142858, 1622.6007326007327, 0.0, 746.2271062271062]"
2025-11-24T15:58:07.114079,/muse/eegAux,"[nan, nan, 0.0, 0.0]"
2025-11-24T15:58:07.237329,/muse/gyro,"[0.94207763671875, -1.143951416015625, -2.534637451171875]"
2025-11-24T15:58:07.190633,/muse/eeg,"[822.3809523809524, 1622.6007326007327, 0.0, 748.2417582417582]"
2025-11-24T15:58:07.343488,/muse/gyro,"[2.82623291015625, -1.18133544921875, -1.143951416015625]"
2025-11-24T15:58:07.420033,/muse/gyro,"[2.82623291015625, -1.18133544921875, -1.143951416015625]"
2025-11-24T15:58:07.498366,/muse/gyro,"[2.82623291015625, -1.18133544921875, -1.143951416015625]"
2025-11-24T15:58:07.575585,/muse/acc,"[0.4300537109375, -0.15576171875, 0.901611328125]"
2025-11-24T15:58:07.636835,/muse/eegAux,"[nan, nan, 0.0, 0.0]"
2025-11-24T15:58:07.682304,/muse/eeg,"[879.5970695970697, 749.8534798534798, 131.35531135531136, 838.901098901099]"
2025-11-24T15:58:07.729298,/muse/gyro,"[3.102874755859375, -3.850555419921875, 0.25421142578125]"
2025-11-24T15:58:07.791136,/muse/eeg,"[793.7728937728938, 656.3736263736264, 0.0, 788.5347985347986]"
2025-11-24T15:58:07.838214,/muse/gyro,"[2.743988037109375, -3.45428466796875, -0.710296630859375]"
2025-11-24T15:58:08.025037,/muse/gyro,"[2.878570556640625, -4.8150634765625, 1.12152099609375]"
2025-11-24T15:58:07.978492,/muse/gyro,"[3.60382080078125, -5.5029296875, 0.657958984375]"
2025-11-24T15:58:08.117268,/muse/gyro,"[2.878570556640625, -4.8150634765625, 1.12152099609375]"
2025-11-24T15:58:08.147370,/muse/eegAux,"[nan, nan, 0.0, 0.0]"
2025-11-24T15:58:08.178268,/muse/eeg,"[795.3846153846154, 1602.051282051282, 619.3040293040293, 864.6886446886447]"
2025-11-24T15:58:08.255029,/muse/eegAux,"[nan, nan, 0.0, 0.0]"
2025-11-24T15:58:08.347727,/muse/eeg,"[954.1391941391942, 1617.7655677655678, 450.0732600732601, 884.0293040293041]"
2025-11-24T15:58:08.408719,/muse/eegAux,"[nan, nan, 0.0, 0.0]"
2025-11-24T15:58:08.455732,/muse/eeg,"[780.4761904761905, 1016.996336996337, 0.0, 862.6739926739926]"
2025-11-24T15:58:08.533748,/muse/eegAux,"[nan, nan, 0.0, 0.0]"
2025-11-24T15:58:08.580168,/muse/eegAux,"[nan, nan, 0.0, 0.0]"
2025-11-24T15:58:08.640948,/muse/gyro,"[5.14404296875, -1.83929443359375, -2.67669677734375]"
2025-11-24T15:58:08.686847,/muse/eeg,"[639.047619047619, 1419.1208791208792, 0.0, 762.3443223443223]"
2025-11-24T15:58:08.733624,/muse/eeg,"[727.6923076923077, 1622.6007326007327, 24.175824175824175, 728.901098901099]"
2025-11-24T15:58:08.825503,/muse/eegAux,"[nan, nan, 0.0, 0.0]"
2025-11-24T15:58:08.856871,/muse/gyro,"[11.12548828125, 13.7872314453125, -7.177734375]"
2025-11-24T15:58:08.903238,/muse/gyro,"[12.030181884765625, 13.420867919921875, -5.562744140625]"
2025-11-24T15:58:08.980326,/muse/gyro,"[12.030181884765625, 13.420867919921875, -5.562744140625]"
2025-11-24T15:58:09.043378,/muse/acc,"[0.43426513671875, -0.1707763671875, 0.813232421875]"
2025-11-24T15:58:09.105674,/muse/eeg,"[771.6117216117216, 1619.7802197802198, 209.92673992673994, 744.6153846153846]"
2025-11-24T15:58:09.121713,/muse/eegAux,"[nan, nan, 0.0, 0.0]"
2025-11-24T15:58:09.167135,/muse/eegAux,"[nan, nan, 0.0, 0.0]"
2025-11-24T15:58:09.151551,/muse/eeg,"[760.3296703296703, 1156.8131868131868, 466.1904761904762, 775.6410256410256]"
2025-11-24T15:58:09.260361,/muse/eeg,"[811.9047619047619, 975.0915750915751, 475.05494505494505, 769.1941391941392]"
2025-11-24T15:58:09.352889,/muse/eeg,"[784.1025641025641, 836.4835164835165, 363.84615384615387, 757.1062271062272]"
2025-11-24T15:58:09.384723,/muse/eeg,"[798.6080586080586, 1038.7545787545787, 313.8827838827839, 759.92673992674]"
2025-11-24T15:58:09.461359,/muse/eeg,"[777.6556776556777, 876.3736263736264, 112.82051282051282, 752.2710622710623]"
2025-11-24T15:58:09.538517,/muse/eeg,"[792.967032967033, 880.0, 391.64835164835165, 795.3846153846154]"
2025-11-24T15:58:09.646044,/muse/eeg,"[803.040293040293, 910.6227106227107, 443.2234432234432, 781.6849816849817]"
2025-11-24T15:58:09.691108,/muse/eegAux,"[nan, nan, 0.0, 0.0]"
2025-11-24T15:58:09.799136,/muse/eeg,"[763.956043956044, 911.4285714285714, 554.8351648351648, 794.1758241758242]"
2025-11-24T15:58:09.722160,/muse/elements/alpha_absolute,"[0.6683666665993545, 0.9482276841145552, -3.0464130382657006, 0.9795877235308185]"
2025-11-24T15:58:09.829585,/muse/eegAux,"[nan, nan, 0.0, 0.0]"
2025-11-24T15:58:09.906940,/muse/gyro,"[1.996307373046875, 2.699127197265625, 12.99468994140625]"
2025-11-24T15:58:09.951774,/muse/gyro,"[6.422576904296875, -5.1141357421875, 8.62823486328125]"
2025-11-24T15:58:09.982576,/muse/gyro,"[6.422576904296875, -5.1141357421875, 8.62823486328125]"
2025-11-24T15:58:10.012497,/muse/acc,"[0.3450927734375, -0.0765380859375, 0.86297607421875]"
2025-11-24T15:58:10.027651,/muse/eeg,"[826.8131868131868, 965.4212454212454, 143.04029304029305, 802.2344322344322]"
2025-11-24T15:58:10.088604,/muse/eegAux,"[nan, nan, 0.0, 0.0]"
2025-11-24T15:58:10.118658,/muse/eeg,"[784.1025641025641, 849.7802197802198, 448.46153846153845, 792.5641025641025]"
2025-11-24T15:58:10.225607,/muse/gyro,"[4.85992431640625, -9.40582275390625, 4.373931884765625]"
2025-11-24T15:58:10.349161,/muse/eeg,"[778.8644688644689, 808.6813186813187, 362.23443223443223, 790.1465201465202]"
2025-11-24T15:58:10.395301,/muse/eeg,"[770.4029304029305, 869.1208791208792, 203.88278388278388, 769.5970695970697]"
2025-11-24T15:58:10.519353,/muse/drlref,"[1622197.802197802, 1596410.2564102563]"
2025-11-24T15:58:10.426415,/muse/gyro,"[-1.293487548828125, -9.88433837890625, 3.8580322265625]"
2025-11-24T15:58:10.580907,/muse/eeg,"[756.7032967032967, 890.8791208791209, 17.326007326007325, 795.3846153846154]"
2025-11-24T15:58:10.627207,/muse/eeg,"[797.3992673992674, 926.3369963369963, 51.97802197802198, 806.6666666666667]"
2025-11-24T15:58:10.734369,/muse/eeg,"[829.6336996336996, 801.4285714285714, 157.54578754578756, 803.040293040293]"
2025-11-24T15:58:10.795366,/muse/eeg,"[827.2161172161173, 769.5970695970697, 412.6007326007326, 801.8315018315019]"
2025-11-24T15:58:10.887305,/muse/eeg,"[889.2673992673992, 748.2417582417582, 74.54212454212454, 806.2637362637363]"
2025-11-24T15:58:10.995533,/muse/eegAux,"[nan, nan, 0.0, 0.0]"
2025-11-24T15:58:11.072328,/muse/gyro,"[9.577789306640625, -6.003875732421875, 4.18701171875]"
2025-11-24T15:58:11.180306,/muse/eeg,"[773.6263736263736, 735.7509157509157, 198.24175824175825, 815.5311355311355]"
2025-11-24T15:58:11.240773,/muse/gyro,"[8.83758544921875, -3.0206298828125, -5.271148681640625]"
2025-11-24T15:58:11.349512,/muse/eeg,"[852.1978021978023, 716.4102564102565, 424.2857142857143, 849.3772893772895]"
2025-11-24T15:58:11.410062,/muse/eegAux,"[nan, nan, 0.0, 0.0]"
2025-11-24T15:58:11.487799,/muse/eegAux,"[nan, nan, 0.0, 0.0]"
2025-11-24T15:58:11.626600,/muse/eeg,"[894.908424908425, 720.8424908424909, 86.22710622710623, 783.6996336996338]"
2025-11-24T15:58:11.580299,/muse/eeg,"[767.1794871794872, 728.4981684981685, 165.60439560439562, 793.7728937728938]"
2025-11-24T15:58:11.703080,/muse/gyro,"[2.818756103515625, -16.19476318359375, 4.02252197265625]"
2025-11-24T15:58:11.800194,/muse/eeg,"[821.1721611721612, 736.5567765567765, 238.93772893772893, 825.2014652014652]"
2025-11-24T15:58:11.885700,/muse/gyro,"[5.839385986328125, -22.74444580078125, 1.532745361328125]"
2025-11-24T15:58:11.946108,/muse/eeg,"[939.6336996336996, 730.9157509157509, 259.8901098901099, 796.996336996337]"
2025-11-24T15:58:11.992163,/muse/eeg,"[733.3333333333334, 709.1575091575091, 0.0, 788.9377289377289]"
2025-11-24T15:58:12.038792,/muse/eeg,"[693.4432234432235, 722.4542124542124, 47.54578754578755, 789.7435897435897]"
2025-11-24T15:58:12.130176,/muse/elements/gamma_absolute,"[0.036595583667911116, -0.16332704512625107, -3.0203266379668348, 0.8001190029014991]"
2025-11-24T15:58:12.161563,/muse/eeg,"[728.901098901099, 730.5128205128206, 0.0, 788.1318681318681]"
2025-11-24T15:58:12.191666,/muse/acc,"[0.66131591796875, 0.03662109375, 0.83013916015625]"
2025-11-24T15:58:12.221822,/muse/eeg,"[922.7106227106227, 689.4139194139194, 225.23809523809524, 834.0659340659341]"
2025-11-24T15:58:12.329909,/muse/drlref,"[1622197.802197802, 1596410.2564102563]"
2025-11-24T15:58:12.498475,/muse/eeg,"[719.2307692307693, 742.6007326007326, 478.2783882783883, 807.4725274725275]"
2025-11-24T15:58:12.437214,/muse/drlref,"[1622197.802197802, 1596410.2564102563]"
2025-11-24T15:58:12.545088,/muse/eeg,"[748.6446886446887, 763.956043956044, 478.2783882783883, 826.4102564102565]"
2025-11-24T15:58:12.592063,/muse/eeg,"[798.6080586080586, 734.5421245421246, 89.04761904761905, 791.7582417582418]"
2025-11-24T15:58:12.622717,/muse/eegAux,"[nan, nan, 0.0, 0.0]"
2025-11-24T15:58:12.667775,/muse/gyro,"[1.80938720703125, 11.476898193359375, -11.357269287109375]"
2025-11-24T15:58:12.714535,/muse/eegAux,"[nan, nan, 0.0, 0.0]"
2025-11-24T15:58:12.777504,/muse/eegAux,"[nan, nan, 0.0, 0.0]"
2025-11-24T15:58:12.824136,/muse/eeg,"[848.974358974359, 758.7179487179487, 589.0842490842491, 810.2930402930403]"
2025-11-24T15:58:12.854507,/muse/elements/alpha_absolute,"[1.4541762799021536, 0.9482276841145552, -3.0464130382657006, 0.9569815632049443]"
2025-11-24T15:58:12.901512,/muse/eeg,"[723.2600732600732, 755.0915750915751, 266.3369963369963, 776.0439560439561]"
2025-11-24T15:58:12.979395,/muse/eeg,"[771.2087912087912, 762.7472527472528, 116.44688644688645, 770.0]"
2025-11-24T15:58:13.041723,/muse/gyro,"[-16.067657470703125, -17.705078125, -14.871368408203125]"
2025-11-24T15:58:13.104943,/muse/eeg,"[845.7509157509157, 764.7619047619048, 442.01465201465203, 806.6666666666667]"
2025-11-24T15:58:13.136359,/muse/eeg,"[779.2673992673992, 709.9633699633699, 176.4835164835165, 829.6336996336996]"
2025-11-24T15:58:13.152177,/muse/eeg,"[703.919413919414, 698.6813186813187, 158.75457875457877, 791.3553113553114]"
2025-11-24T15:58:13.245438,/muse/gyro,"[-10.355377197265625, -46.5655517578125, -16.306915283203125]"
2025-11-24T15:58:13.307097,/muse/eeg,"[905.3846153846154, 539.5238095238095, 66.48351648351648, 909.4139194139194]"
2025-11-24T15:58:13.369822,/muse/eegAux,"[nan, nan, 0.0, 0.0]"
2025-11-24T15:58:13.462659,/muse/acc,"[0.8570556640625, 0.07598876953125, 0.68194580078125]"
2025-11-24T15:58:13.508033,/muse/eeg,"[774.4322344322345, 516.1538461538462, 0.0, 764.7619047619048]"
2025-11-24T15:58:13.539332,/muse/eegAux,"[nan, nan, 0.0, 0.0]"
2025-11-24T15:58:13.586858,/muse/gyro,"[-23.394927978515625, 14.273223876953125, 17.525634765625]"
2025-11-24T15:58:13.663976,/muse/elements/gamma_absolute,"[1.391384481641086, -0.16332704512625107, -3.0203266379668348, 0.7606145824837999]"
2025-11-24T15:58:13.788234,/muse/acc,"[0.712890625, -0.14910888671875, 0.73541259765625]"
2025-11-24T15:58:13.836258,/muse/eeg,"[784.5054945054945, 635.0183150183151, 328.3882783882784, 811.9047619047619]"
2025-11-24T15:58:13.897371,/muse/gyro,"[-14.16107177734375, 1.996307373046875, 21.974334716796875]"
2025-11-24T15:58:13.944155,/muse/eeg,"[778.0586080586081, 782.4908424908425, 513.3333333333334, 803.8461538461539]"
2025-11-24T15:58:14.020930,/muse/eegAux,"[nan, nan, 0.0, 0.0]"
2025-11-24T15:58:14.144553,/muse/gyro,"[-20.56121826171875, -7.394561767578125, 14.63958740234375]"
2025-11-24T15:58:14.238214,/muse/elements/beta_relative,"[0.3891148947836445, 0.07602852321866664, 0.35808114004161157, 0.23082018476602026]"
2025-11-24T15:58:14.298361,/muse/acc,"[0.6593017578125, -0.4945068359375, 0.7071533203125]"
2025-11-24T15:58:14.390579,/muse/eeg,"[801.4285714285714, 814.7252747252747, 413.003663003663, 804.2490842490843]"
2025-11-24T15:58:14.406536,/muse/acc,"[0.6351318359375, -0.47845458984375, 0.6502685546875]"
2025-11-24T15:58:14.439808,/muse/eeg,"[770.4029304029305, 767.985347985348, 45.934065934065934, 792.1611721611722]"
2025-11-24T15:58:14.515183,/muse/gyro,"[14.347991943359375, -0.755157470703125, 13.6077880859375]"
2025-11-24T15:58:14.560534,/muse/eeg,"[815.934065934066, 753.4798534798535, 0.0, 802.2344322344322]"
2025-11-24T15:58:14.499508,/muse/gyro,"[8.650665283203125, -1.92901611328125, 17.862091064453125]"
2025-11-24T15:58:14.653009,/muse/eeg,"[752.6739926739926, 839.7069597069598, 539.5238095238095, 805.8608058608058]"
2025-11-24T15:58:14.622618,/muse/eeg,"[782.893772893773, 728.0952380952381, 0.0, 818.3516483516484]"
2025-11-24T15:58:14.698639,/muse/gyro,"[9.0618896484375, 9.01702880859375, 5.286102294921875]"
2025-11-24T15:58:14.777617,/muse/eeg,"[844.1391941391942, 828.8278388278388, 146.66666666666666, 812.3076923076924]"
2025-11-24T15:58:14.840001,/muse/eeg,"[704.3223443223443, 823.5897435897436, 0.0, 786.1172161172161]"
2025-11-24T15:58:14.870629,/muse/eegAux,"[nan, nan, 0.0, 0.0]"
2025-11-24T15:58:14.948355,/muse/acc,"[0.37066650390625, -0.2906494140625, 0.83795166015625]"
2025-11-24T15:58:14.901783,/muse/acc,"[0.490966796875, -0.35595703125, 0.80755615234375]"
2025-11-24T15:58:14.979380,/muse/eeg,"[702.3076923076924, 857.8388278388279, 284.0659340659341, 790.1465201465202]"
2025-11-24T15:58:15.026454,/muse/gyro,"[26.7669677734375, -32.681121826171875, -11.52923583984375]"
2025-11-24T15:58:15.073571,/muse/gyro,"[23.31268310546875, -56.158294677734375, -11.9329833984375]"
2025-11-24T15:58:15.151906,/muse/eeg,"[901.3553113553114, 796.1904761904763, 195.82417582417582, 817.1428571428571]"
2025-11-24T15:58:15.182823,/muse/gyro,"[14.81903076171875, -24.665985107421875, -12.08251953125]"
2025-11-24T15:58:15.214211,/muse/gyro,"[13.929290771484375, -26.236114501953125, -5.450592041015625]"
2025-11-24T15:58:15.275928,/muse/eeg,"[807.4725274725275, 476.2637362637363, 160.76923076923077, 830.8424908424909]"
2025-11-24T15:58:15.307159,/muse/eeg,"[1059.3040293040294, 471.42857142857144, 20.952380952380953, 854.6153846153846]"
2025-11-24T15:58:15.291611,/muse/eegAux,"[nan, nan, 0.0, 0.0]"
2025-11-24T15:58:15.369340,/muse/eeg,"[506.4835164835165, 625.3479853479854, 0.0, 774.8351648351648]"
2025-11-24T15:58:15.431186,/muse/gyro,"[4.104766845703125, -10.056304931640625, 0.43365478515625]"
2025-11-24T15:58:15.494005,/muse/eeg,"[1142.3076923076924, 597.5457875457876, 403.33333333333337, 828.021978021978]"
2025-11-24T15:58:15.526010,/muse/eeg,"[776.0439560439561, 597.5457875457876, 29.816849816849818, 781.6849816849817]"
2025-11-24T15:58:15.571990,/muse/eeg,"[618.901098901099, 632.1978021978022, 10.476190476190476, 768.3882783882784]"
2025-11-24T15:58:15.648601,/muse/eeg,"[888.0586080586081, 593.919413919414, 156.73992673992674, 797.8021978021978]"
2025-11-24T15:58:15.726815,/muse/hsi,"[1.0, 1.0, 2.0, 1.0]"
2025-11-24T15:58:15.742431,/muse/eeg,"[1037.142857142857, 626.959706959707, 340.4761904761905, 794.5787545787546]"
2025-11-24T15:58:15.789904,/muse/eeg,"[913.4432234432235, 755.4945054945055, 413.4065934065934, 798.2051282051282]"
2025-11-24T15:58:15.867362,/muse/acc,"[0.741943359375, -0.22650146484375, 0.6268310546875]"
2025-11-24T15:58:15.944713,/muse/acc,"[0.75262451171875, -0.2193603515625, 0.628662109375]"
2025-11-24T15:58:15.990996,/muse/gyro,"[5.93658447265625, -17.1368408203125, 9.3310546875]"
2025-11-24T15:58:16.022151,/muse/eeg,"[939.2307692307693, 649.5238095238095, 89.45054945054946, 801.025641025641]"
2025-11-24T15:58:16.130263,/muse/eeg,"[616.886446886447, 786.1172161172161, 83.80952380952381, 796.5934065934066]"
2025-11-24T15:58:16.206790,/muse/gyro,"[7.813262939453125, -13.241424560546875, 5.211334228515625]"
2025-11-24T15:58:16.284583,/muse/acc,"[0.797607421875, -0.18719482421875, 0.62298583984375]"
2025-11-24T15:58:16.331961,/muse/acc,"[0.797607421875, -0.18719482421875, 0.62298583984375]"
2025-11-24T15:58:16.410006,/muse/acc,"[0.7884521484375, -0.19024658203125, 0.62701416015625]"
2025-11-24T15:58:16.455926,/muse/drlref,"[1622197.802197802, 1596410.2564102563]"
2025-11-24T15:58:16.533340,/muse/gyro,"[-9.727325439453125, 3.686065673828125, -3.686065673828125]"
2025-11-24T15:58:16.595991,/muse/gyro,"[-4.29168701171875, -7.005767822265625, -4.18701171875]"
2025-11-24T15:58:16.673730,/muse/gyro,"[1.801910400390625, -9.40582275390625, -0.83740234375]"
2025-11-24T15:58:16.736204,/muse/eeg,"[0.0, 773.6263736263736, 0.0, 704.3223443223443]"
2025-11-24T15:58:16.798971,/muse/acc,"[0.70672607421875, -0.1993408203125, 0.68798828125]"
2025-11-24T15:58:16.828790,/muse/eeg,"[80.98901098901099, 777.6556776556777, 0.0, 714.7985347985348]"
2025-11-24T15:58:16.890692,/muse/is_good,"[0.0, 0.0, 0.0, 0.0]"
2025-11-24T15:58:16.936884,/muse/eeg,"[1081.062271062271, 731.7216117216118, 1126.996336996337, 825.6043956043957]"
2025-11-24T15:58:17.028535,/muse/gyro,"[-1.906585693359375, -4.388885498046875, -6.527252197265625]"
2025-11-24T15:58:17.139890,/muse/gyro,"[-1.906585693359375, -4.388885498046875, -6.527252197265625]"
2025-11-24T15:58:17.310792,/muse/eegAux,"[nan, nan, 0.0, 0.0]"
2025-11-24T15:58:17.263722,/muse/eeg,"[804.2490842490843, 788.1318681318681, 33.040293040293044, 815.934065934066]"
2025-11-24T15:58:17.393124,/muse/gyro,"[0.022430419921875, -0.755157470703125, -10.729217529296875]"
2025-11-24T15:58:17.451372,/muse/eeg,"[823.5897435897436, 823.992673992674, 1.6117216117216118, 798.2051282051282]"
2025-11-24T15:58:17.497497,/muse/eeg,"[718.4249084249085, 742.1978021978023, 0.0, 796.5934065934066]"
2025-11-24T15:58:17.560548,/muse/eeg,"[723.6630036630037, 724.0659340659341, 16.117216117216117, 836.4835164835165]"
2025-11-24T15:58:17.622262,/muse/eeg,"[702.3076923076924, 767.5824175824176, 0.0, 806.6666666666667]"
2025-11-24T15:58:17.699320,/muse/eeg,"[765.9706959706959, 651.941391941392, 88.24175824175825, 801.4285714285714]"
2025-11-24T15:58:17.775554,/muse/eeg,"[924.3223443223443, 708.7545787545788, 141.83150183150184, 806.2637362637363]"
2025-11-24T15:58:17.791010,/muse/eegAux,"[nan, nan, 0.0, 0.0]"
2025-11-24T15:58:17.868236,/muse/eeg,"[859.047619047619, 730.5128205128206, 77.76556776556777, 813.5164835164835]"
2025-11-24T15:58:17.900513,/muse/eegAux,"[nan, nan, 0.0, 0.0]"
2025-11-24T15:58:17.931888,/muse/eeg,"[769.5970695970697, 728.4981684981685, 51.172161172161175, 816.3369963369963]"
2025-11-24T15:58:18.039490,/muse/gyro,"[4.964599609375, 3.506622314453125, -28.54644775390625]"
2025-11-24T15:58:18.101215,/muse/eeg,"[950.9157509157509, 780.4761904761905, 1089.1208791208792, 813.1135531135532]"
2025-11-24T15:58:18.179371,/muse/eegAux,"[nan, nan, 0.0, 0.0]"
2025-11-24T15:58:18.273089,/muse/acc,"[0.67498779296875, 0.0909423828125, 0.7506103515625]"
2025-11-24T15:58:18.304213,/muse/gyro,"[-2.758941650390625, -0.530853271484375, -11.2152099609375]"
2025-11-24T15:58:18.366877,/muse/gyro,"[-4.613189697265625, -1.293487548828125, -10.789031982421875]"
2025-11-24T15:58:18.398496,/muse/eeg,"[540.3296703296703, 855.0183150183151, 640.2564102564103, 785.3113553113553]"
2025-11-24T15:58:18.459369,/muse/eegAux,"[nan, nan, 0.0, 0.0]"
2025-11-24T15:58:18.490608,/muse/eeg,"[461.35531135531136, 841.7216117216118, 21.355311355311358, 756.7032967032967]"
2025-11-24T15:58:18.553131,/muse/eeg,"[1437.2527472527472, 921.5018315018315, 1012.967032967033, 864.2857142857143]"
2025-11-24T15:58:18.598971,/muse/eeg,"[1634.6886446886447, 886.4468864468864, 1313.5531135531137, 883.6263736263736]"
2025-11-24T15:58:18.660924,/muse/eegAux,"[nan, nan, 0.0, 0.0]"
2025-11-24T15:58:18.753352,/muse/gyro,"[18.385467529296875, -5.51788330078125, 11.521759033203125]"
2025-11-24T15:58:18.831778,/muse/gyro,"[18.101348876953125, -5.450592041015625, 10.878753662109375]"
989010989011]"
2025-11-24T15:58:18.908765,/muse/eegAux,"[nan, nan, 0.0, 0.0]"
2025-11-24T15:58:18.986797,/muse/acc,"[0.670166015625, 0.0928955078125, 0.74755859375]"
2025-11-24T15:58:19.064022,/muse/eeg,"[748.6446886446887, 824.7985347985348, 142.23443223443223, 801.4285714285714]"
2025-11-24T15:58:19.126945,/muse/gyro,"[4.957122802734375, -4.844970703125, 0.575714111328125]"
2025-11-24T15:58:19.205148,/muse/gyro,"[4.957122802734375, -4.844970703125, 0.575714111328125]"
2025-11-24T15:58:19.281615,/muse/drlref,"[1621391.9413919414, 1596410.2564102563]"
2025-11-24T15:58:19.343178,/muse/eeg,"[878.3882783882784, 785.7142857142858, 255.45787545787547, 813.5164835164835]"
2025-11-24T15:58:19.372783,/muse/eeg,"[813.1135531135532, 789.7435897435897, 475.45787545787545, 825.6043956043957]"
2025-11-24T15:58:19.419457,/muse/eeg,"[878.7912087912089, 838.0952380952381, 144.24908424908426, 800.6227106227107]"
2025-11-24T15:58:19.495102,/muse/eegAux,"[nan, nan, 0.0, 0.0]"
2025-11-24T15:58:19.571960,/muse/eeg,"[861.8681318681319, 855.0183150183151, 352.5641025641026, 807.4725274725275]"
2025-11-24T15:58:19.603691,/muse/acc,"[0.66259765625, 0.0625, 0.74359130859375]"
2025-11-24T15:58:19.697053,/muse/gyro,"[-10.549774169921875, -4.089813232421875, -10.00396728515625]"
2025-11-24T15:58:19.758815,/muse/eeg,"[761.1355311355312, 843.7362637362637, 205.4945054945055, 798.2051282051282]"
2025-11-24T15:58:19.806490,/muse/gyro,"[-9.203948974609375, -4.23187255859375, -9.22637939453125]"
2025-11-24T15:58:19.867855,/muse/gyro,"[-7.01324462890625, -4.119720458984375, -7.3870849609375]"
2025-11-24T15:58:19.945919,/muse/eeg,"[599.9633699633699, 812.7106227106227, 52.78388278388279, 799.0109890109891]"
2025-11-24T15:58:19.914642,/muse/gyro,"[-3.75335693359375, -4.9346923828125, -4.807586669921875]"
2025-11-24T15:58:19.976447,/muse/eeg,"[766.3736263736264, 838.4981684981685, 140.21978021978023, 780.8791208791209]"
2025-11-24T15:58:20.038994,/muse/gyro,"[-6.302947998046875, -3.4393310546875, -4.5159912109375]"
2025-11-24T15:58:20.101608,/muse/gyro,"[-7.237548828125, -3.42437744140625, -5.75714111328125]"
2025-11-24T15:58:20.132613,/muse/drlref,"[1621391.9413919414, 1596410.2564102563]"
2025-11-24T15:58:20.163886,/muse/eeg,"[633.8095238095239, 794.5787545787546, 166.81318681318683, 792.967032967033]"
2025-11-24T15:58:20.304426,/muse/eeg,"[927.1428571428572, 796.5934065934066, 317.50915750915755, 802.6373626373627]"
2025-11-24T15:58:20.273226,/muse/eeg,"[1032.7106227106228, 819.5604395604396, 536.7032967032967, 812.7106227106227]"
2025-11-24T15:58:20.386090,/muse/eeg,"[724.4688644688645, 770.0, 45.53113553113553, 775.6410256410256]"
2025-11-24T15:58:20.460278,/muse/eeg,"[979.5238095238095, 756.7032967032967, 427.50915750915755, 823.5897435897436]"
2025-11-24T15:58:20.506373,/muse/hsi,"[1.0, 1.0, 2.0, 1.0]"
2025-11-24T15:58:20.583160,/muse/gyro,"[5.81695556640625, -5.9814453125, 10.48248291015625]"
2025-11-24T15:58:20.614000,/muse/eegAux,"[nan, nan, 0.0, 0.0]"
2025-11-24T15:58:20.753098,/muse/eeg,"[641.4652014652015, 797.8021978021978, 254.24908424908426, 787.7289377289378]"
2025-11-24T15:58:20.768845,/muse/gyro,"[5.443115234375, -3.880462646484375, 4.246826171875]"
2025-11-24T15:58:20.831263,/muse/eegAux,"[nan, nan, 0.0, 0.0]"
2025-11-24T15:58:20.955857,/muse/gyro,"[0.897216796875, -3.656158447265625, 2.983245849609375]"
2025-11-24T15:58:21.017669,/muse/eeg,"[624.945054945055, 782.4908424908425, 0.0, 795.7875457875458]"
2025-11-24T15:58:21.079583,/muse/eeg,"[677.7289377289377, 772.014652014652, 528.6446886446887, 772.4175824175825]"
2025-11-24T15:58:21.140998,/muse/gyro,"[-2.056121826171875, -2.729034423828125, -3.4991455078125]"
2025-11-24T15:58:21.251082,/muse/eeg,"[433.95604395604397, 785.3113553113553, 23.772893772893774, 715.2014652014652]"
2025-11-24T15:58:21.313219,/muse/eeg,"[1033.919413919414, 831.2454212454213, 294.94505494505495, 811.9047619047619]"
2025-11-24T15:58:21.422767,/muse/eeg,"[949.3040293040293, 814.3223443223443, 528.6446886446887, 820.3663003663004]"
2025-11-24T15:58:21.500055,/muse/acc,"[0.67315673828125, -0.03887939453125, 0.78753662109375]"
2025-11-24T15:58:21.515257,/muse/eeg,"[476.2637362637363, 801.4285714285714, 146.26373626373626, 699.4871794871796]"
2025-11-24T15:58:21.577347,/muse/eeg,"[956.5567765567766, 791.3553113553114, 517.3626373626374, 676.1172161172161]"
2025-11-24T15:58:21.654954,/muse/eeg,"[852.6007326007326, 635.8241758241759, 0.0, 778.8644688644689]"
2025-11-24T15:58:21.750308,/muse/drlref,"[1621391.9413919414, 1596410.2564102563]"
2025-11-24T15:58:21.718783,/muse/drlref,"[1621391.9413919414, 1596410.2564102563]"
2025-11-24T15:58:21.796696,/muse/eeg,"[678.9377289377289, 811.5018315018315, 106.37362637362638, 854.6153846153846]"
2025-11-24T15:58:21.874569,/muse/gyro,"[-0.725250244140625, 4.80010986328125, 5.12908935546875]"
2025-11-24T15:58:21.905246,/muse/gyro,"[3.33465576171875, 2.355194091796875, 6.377716064453125]"
2025-11-24T15:58:21.967450,/muse/gyro,"[3.33465576171875, 2.355194091796875, 6.377716064453125]"
2025-11-24T15:58:22.030120,/muse/eeg,"[645.8974358974359, 896.9230769230769, 163.1868131868132, 796.5934065934066]"
2025-11-24T15:58:22.106391,/muse/eeg,"[956.5567765567766, 978.3150183150184, 407.76556776556777, 811.0989010989011]"
2025-11-24T15:58:22.198840,/muse/eeg,"[608.4249084249085, 1075.018315018315, 0.0, 775.2380952380953]"
2025-11-24T15:58:22.248373,/muse/eeg,"[568.5347985347986, 925.1282051282052, 184.54212454212455, 788.1318681318681]"
2025-11-24T15:58:22.355445,/muse/eeg,"[614.8717948717949, 921.5018315018315, 78.57142857142857, 811.9047619047619]"
2025-11-24T15:58:22.308370,/muse/eeg,"[861.4652014652015, 948.901098901099, 541.1355311355311, 801.8315018315019]"
2025-11-24T15:58:22.386588,/muse/eegAux,"[nan, nan, 0.0, 0.0]"
2025-11-24T15:58:22.479434,/muse/eeg,"[813.1135531135532, 834.0659340659341, 370.6959706959707, 805.8608058608058]"
2025-11-24T15:58:22.510499,/muse/eeg,"[973.0769230769231, 797.8021978021978, 155.12820512820514, 830.4395604395604]"
2025-11-24T15:58:22.604399,/muse/drlref,"[1621391.9413919414, 1596410.2564102563]"
2025-11-24T15:58:22.557979,/muse/eeg,"[728.0952380952381, 841.7216117216118, 360.2197802197802, 796.5934065934066]"
2025-11-24T15:58:22.650710,/muse/eeg,"[523.4065934065934, 836.4835164835165, 41.0989010989011, 760.3296703296703]"
2025-11-24T15:58:22.727539,/muse/acc,"[0.643310546875, -0.10601806640625, 0.76995849609375]"
2025-11-24T15:58:22.788769,/muse/acc,"[0.64654541015625, -0.10565185546875, 0.76690673828125]"
2025-11-24T15:58:22.851098,/muse/eegAux,"[nan, nan, 0.0, 0.0]"
2025-11-24T15:58:22.819603,/muse/eeg,"[512.1245421245421, 877.985347985348, 0.0, 774.0293040293041]"
2025-11-24T15:58:22.896928,/muse/eeg,"[1102.4175824175825, 913.040293040293, 407.76556776556777, 826.4102564102565]"
2025-11-24T15:58:22.959071,/muse/gyro,"[5.345916748046875, -4.65057373046875, 2.878570556640625]"
2025-11-24T15:58:23.037087,/muse/eeg,"[908.2051282051282, 806.6666666666667, 402.12454212454213, 808.2783882783883]"
2025-11-24T15:58:23.129379,/muse/eegAux,"[nan, nan, 0.0, 0.0]"
2025-11-24T15:58:23.222451,/muse/eeg,"[521.3919413919414, 683.7728937728938, 28.60805860805861, 782.893772893773]"
2025-11-24T15:58:23.345652,/muse/eeg,"[1052.051282051282, 702.3076923076924, 506.8864468864469, 837.2893772893773]"
2025-11-24T15:58:23.407448,/muse/elements/alpha_absolute,"[0.8186591640245154, 0.9482276841145552, -3.0464130382657006, 0.7642675866641094]"
2025-11-24T15:58:23.452957,/muse/eeg,"[1050.4395604395604, 772.4175824175825, 504.46886446886447, 828.021978021978]"
2025-11-24T15:58:23.545418,/muse/eeg,"[716.4102564102565, 736.1538461538462, 51.172161172161175, 777.2527472527473]"
2025-11-24T15:58:23.637949,/muse/gyro,"[8.8824462890625, -8.052520751953125, 5.585174560546875]"
2025-11-24T15:58:23.794112,/muse/eeg,"[556.4468864468864, 725.6776556776557, 0.0, 796.1904761904763]"
2025-11-24T15:58:23.732738,/muse/gyro,"[12.78533935546875, -10.669403076171875, 8.673095703125]"
2025-11-24T15:58:23.855968,/muse/gyro,"[11.162872314453125, -7.798309326171875, 7.633819580078125]"
2025-11-24T15:58:23.902300,/muse/eeg,"[512.9304029304029, 662.4175824175825, 0.0, 783.2967032967033]"
2025-11-24T15:58:24.027004,/muse/eegAux,"[nan, nan, 0.0, 0.0]"
2025-11-24T15:58:24.088877,/muse/eeg,"[627.7655677655678, 734.1391941391942, 0.0, 778.8644688644689]"
2025-11-24T15:58:24.182456,/muse/eeg,"[693.8461538461538, 759.5238095238095, 147.47252747252747, 786.5201465201466]"
2025-11-24T15:58:24.275806,/muse/gyro,"[7.469329833984375, -2.46734619140625, -2.01873779296875]"
2025-11-24T15:58:24.229440,/muse/eeg,"[1029.0842490842492, 764.7619047619048, 564.1025641025641, 811.0989010989011]"
2025-11-24T15:58:24.336768,/muse/gyro,"[6.287994384765625, -1.21124267578125, -2.55706787109375]"
2025-11-24T15:58:24.428319,/muse/acc,"[0.6478271484375, -0.05487060546875, 0.779052734375]"
2025-11-24T15:58:24.458616,/muse/eeg,"[1123.3699633699634, 776.0439560439561, 806.2637362637363, 837.6923076923077]"
2025-11-24T15:58:24.521585,/muse/eegAux,"[nan, nan, 0.0, 0.0]"
2025-11-24T15:58:24.632051,/muse/eeg,"[808.6813186813187, 776.4468864468864, 473.0402930402931, 817.1428571428571]"
2025-11-24T15:58:24.694946,/muse/eegAux,"[nan, nan, 0.0, 0.0]"
2025-11-24T15:58:24.865450,/muse/eegAux,"[nan, nan, 0.0, 0.0]"
2025-11-24T15:58:24.757517,/muse/drlref,"[1621391.9413919414, 1596410.2564102563]"
2025-11-24T15:58:24.819679,/muse/eeg,"[629.3772893772893, 767.985347985348, 0.0, 753.8827838827839]"
2025-11-24T15:58:24.912478,/muse/gyro,"[14.51995849609375, 13.465728759765625, 21.17431640625]"
2025-11-24T15:58:24.943637,/muse/gyro,"[14.51995849609375, 13.465728759765625, 21.17431640625]"
2025-11-24T15:58:24.974251,/muse/eeg,"[817.1428571428571, 890.8791208791209, 56.81318681318682, 797.8021978021978]"
2025-11-24T15:58:25.020128,/muse/eegAux,"[nan, nan, 0.0, 0.0]"
2025-11-24T15:58:25.082569,/muse/eeg,"[692.6373626373627, 890.4761904761905, 176.8864468864469, 784.1025641025641]"
2025-11-24T15:58:25.159840,/muse/eeg,"[949.7069597069598, 863.4798534798535, 103.95604395604396, 807.8754578754579]"
2025-11-24T15:58:25.237085,/muse/eeg,"[724.4688644688645, 873.5531135531136, 633.4065934065934, 822.3809523809524]"
2025-11-24T15:58:25.284158,/muse/gyro,"[9.174041748046875, 9.2413330078125, 20.95001220703125]"
2025-11-24T15:58:25.409187,/muse/gyro,"[9.174041748046875, 9.2413330078125, 20.95001220703125]"
2025-11-24T15:58:25.440539,/muse/elements/theta_relative,"[0.16157454279218353, 0.22046838314843742, 0.0929111631523125, 0.34580868939310333]"
2025-11-24T15:58:25.486655,/muse/gyro,"[2.43743896484375, 5.443115234375, 18.938751220703125]"
2025-11-24T15:58:25.532988,/muse/eegAux,"[nan, nan, 0.0, 0.0]"
2025-11-24T15:58:25.625723,/muse/eeg,"[766.7765567765568, 805.4578754578755, 425.4945054945055, 798.2051282051282]"
2025-11-24T15:58:25.702793,/muse/drlref,"[1620586.0805860804, 1596410.2564102563]"
2025-11-24T15:58:25.732775,/muse/drlref,"[1620586.0805860804, 1596410.2564102563]"
2025-11-24T15:58:25.687054,/muse/drlref,"[1621391.9413919414, 1596410.2564102563]"
2025-11-24T15:58:25.794249,/muse/acc,"[0.3941650390625, -0.249267578125, 0.880126953125]"
2025-11-24T15:58:25.856800,/muse/eeg,"[742.1978021978023, 845.3479853479854, 288.4981684981685, 777.6556776556777]"
2025-11-24T15:58:25.903094,/muse/elements/delta_absolute,"[0.6660280133520382, 1.4197223228136284, -3.185283338198744, 1.031384670817665]"
2025-11-24T15:58:25.995946,/muse/gyro,"[14.542388916015625, -10.52734375, 8.934783935546875]"
2025-11-24T15:58:26.073605,/muse/elements/beta_relative,"[0.3630923210157467, 0.07602852321866664, 0.35808114004161157, 0.10130107889121766]"
2025-11-24T15:58:26.120128,/muse/eeg,"[741.3919413919414, 982.7472527472528, 401.72161172161174, 794.5787545787546]"
2025-11-24T15:58:26.213332,/muse/eegAux,"[nan, nan, 0.0, 0.0]"
2025-11-24T15:58:26.291106,/muse/eeg,"[740.1831501831502, 936.4102564102565, 370.6959706959707, 809.4871794871796]"
2025-11-24T15:58:26.352011,/muse/eeg,"[703.919413919414, 984.7619047619048, 40.6959706959707, 809.0842490842491]"
2025-11-24T15:58:26.398202,/muse/gyro,"[11.91802978515625, -31.68670654296875, -30.408172607421875]"
2025-11-24T15:58:26.504857,/muse/eeg,"[868.7179487179487, 984.7619047619048, 50.769230769230774, 855.0183150183151]"
2025-11-24T15:58:26.535832,/muse/gyro,"[16.14990234375, -32.5689697265625, -29.35394287109375]"
2025-11-24T15:58:26.707323,/muse/eeg,"[812.7106227106227, 946.0805860805862, 0.0, 822.7838827838829]"
2025-11-24T15:58:26.613746,/muse/gyro,"[17.039642333984375, -28.823089599609375, -24.935150146484375]"
2025-11-24T15:58:26.800456,/muse/eeg,"[766.7765567765568, 862.2710622710623, 0.0, 805.8608058608058]"
2025-11-24T15:58:26.970271,/muse/gyro,"[14.766693115234375, -12.688140869140625, -7.0281982421875]"
2025-11-24T15:58:27.141589,/muse/eegAux,"[nan, nan, 0.0, 0.0]"
2025-11-24T15:58:27.094955,/muse/eeg,"[839.3040293040293, 753.8827838827839, 0.40293040293040294, 817.948717948718]"
2025-11-24T15:58:27.017146,/muse/eeg,"[782.4908424908425, 755.4945054945055, 97.50915750915752, 811.9047619047619]"
2025-11-24T15:58:27.203567,/muse/eegAux,"[nan, nan, 0.0, 0.0]"
2025-11-24T15:58:27.266434,/muse/eeg,"[720.4395604395604, 554.8351648351648, 0.0, 785.3113553113553]"
2025-11-24T15:58:27.313149,/muse/gyro,"[2.91595458984375, 1.07666015625, 8.1646728515625]"
2025-11-24T15:58:27.391373,/muse/gyro,"[2.91595458984375, 1.07666015625, 8.1646728515625]"
2025-11-24T15:58:27.421675,/muse/gyro,"[2.071075439453125, 1.973876953125, 7.723541259765625]"
2025-11-24T15:58:27.499604,/muse/eeg,"[785.7142857142858, 785.3113553113553, 398.09523809523813, 792.1611721611722]"
2025-11-24T15:58:27.561047,/muse/eeg,"[878.7912087912089, 894.1025641025641, 142.23443223443223, 814.7252747252747]"
2025-11-24T15:58:27.592637,/muse/eeg,"[871.1355311355312, 826.4102564102565, 24.98168498168498, 806.2637362637363]"
2025-11-24T15:58:27.670174,/muse/eeg,"[701.0989010989011, 813.5164835164835, 101.94139194139194, 801.025641025641]"
2025-11-24T15:58:27.731539,/muse/gyro,"[7.85064697265625, -2.489776611328125, 9.16656494140625]"
2025-11-24T15:58:27.856185,/muse/gyro,"[7.723541259765625, -0.76263427734375, 8.785247802734375]"
2025-11-24T15:58:27.871412,/muse/eeg,"[703.1135531135532, 861.0622710622711, 152.30769230769232, 788.1318681318681]"
2025-11-24T15:58:27.949701,/muse/gyro,"[5.480499267578125, 0.88226318359375, 9.667510986328125]"
2025-11-24T15:58:27.964790,/muse/gyro,"[6.168365478515625, -0.171966552734375, 9.188995361328125]"
2025-11-24T15:58:27.995811,/muse/gyro,"[6.168365478515625, -0.171966552734375, 9.188995361328125]"
2025-11-24T15:58:28.088945,/muse/eeg,"[768.3882783882784, 819.1575091575091, 0.0, 818.7545787545788]"
2025-11-24T15:58:28.151410,/muse/eeg,"[766.7765567765568, 842.9304029304029, 129.74358974358975, 786.1172161172161]"
2025-11-24T15:58:28.213686,/muse/gyro,"[1.24114990234375, 1.33087158203125, 6.3702392578125]"
2025-11-24T15:58:28.291132,/muse/eeg,"[817.948717948718, 835.6776556776557, 630.1831501831502, 795.7875457875458]"
2025-11-24T15:58:28.401324,/muse/eeg,"[715.2014652014652, 870.7326007326008, 173.26007326007326, 789.3406593406594]"
2025-11-24T15:58:28.464085,/muse/drlref,"[1620586.0805860804, 1596410.2564102563]"
2025-11-24T15:58:28.432365,/muse/drlref,"[1620586.0805860804, 1596410.2564102563]"
2025-11-24T15:58:28.619187,/muse/drlref,"[1620586.0805860804, 1596410.2564102563]"
2025-11-24T15:58:28.650740,/muse/drlref,"[1621391.9413919414, 1596410.2564102563]"
2025-11-24T15:58:28.743406,/muse/elements/gamma_relative,"[0.12921121009681175, 0.013473064339704662, 0.20909145977338225, 0.029178826778549546]"
2025-11-24T15:58:28.822160,/muse/gyro,"[-0.61309814453125, -4.299163818359375, 0.43365478515625]"
2025-11-24T15:58:28.867726,/muse/gyro,"[-0.61309814453125, -4.299163818359375, 0.43365478515625]"
2025-11-24T15:58:28.914621,/muse/gyro,"[-0.61309814453125, -4.299163818359375, 0.43365478515625]"
2025-11-24T15:58:28.992247,/muse/acc,"[0.3995361328125, -0.0523681640625, 0.93206787109375]"
2025-11-24T15:58:29.069028,/muse/eeg,"[890.8791208791209, 765.5677655677656, 165.60439560439562, 790.952380952381]"
2025-11-24T15:58:29.022674,/muse/acc,"[0.3995361328125, -0.0523681640625, 0.93206787109375]"
2025-11-24T15:58:29.145276,/muse/eeg,"[760.3296703296703, 755.0915750915751, 245.3846153846154, 792.5641025641025]"
2025-11-24T15:58:29.268961,/muse/eeg,"[872.7472527472528, 738.5714285714286, 441.20879120879124, 810.6959706959707]"
2025-11-24T15:58:29.192036,/muse/eegAux,"[nan, nan, 0.0, 0.0]"
2025-11-24T15:58:29.331657,/muse/eegAux,"[nan, nan, 0.0, 0.0]"
2025-11-24T15:58:29.363219,/muse/eeg,"[869.5238095238095, 734.5421245421246, 193.80952380952382, 816.7399267399268]"
2025-11-24T15:58:29.394613,/muse/eegAux,"[nan, nan, 0.0, 0.0]"
2025-11-24T15:58:29.456387,/muse/eeg,"[815.1282051282052, 779.2673992673992, 369.0842490842491, 807.4725274725275]"
2025-11-24T15:58:29.502445,/muse/eeg,"[876.3736263736264, 758.7179487179487, 51.172161172161175, 822.3809523809524]"
2025-11-24T15:58:29.608566,/muse/eegAux,"[nan, nan, 0.0, 0.0]"
2025-11-24T15:58:29.639568,/muse/eeg,"[876.3736263736264, 758.7179487179487, 51.172161172161175, 822.3809523809524]"
2025-11-24T15:58:29.762703,/muse/eeg,"[810.2930402930403, 740.5860805860806, 101.94139194139194, 826.007326007326]"
2025-11-24T15:58:29.824731,/muse/eeg,"[857.032967032967, 723.2600732600732, 567.3260073260074, 833.6630036630037]"
2025-11-24T15:58:29.886852,/muse/eegAux,"[nan, nan, 0.0, 0.0]"
2025-11-24T15:58:29.994702,/muse/eeg,"[889.6703296703297, 718.021978021978, 325.970695970696, 813.5164835164835]"
2025-11-24T15:58:30.196443,/muse/gyro,"[1.8841552734375, -1.71966552734375, 1.8243408203125]"
2025-11-24T15:58:30.243095,/muse/gyro,"[1.8841552734375, -1.71966552734375, 1.8243408203125]"
2025-11-24T15:58:30.305316,/muse/eeg,"[816.3369963369963, 709.9633699633699, 52.78388278388279, 783.6996336996338]"
2025-11-24T15:58:30.351011,/muse/eeg,"[871.941391941392, 739.3772893772893, 185.34798534798534, 817.1428571428571]"
2025-11-24T15:58:30.414187,/muse/eeg,"[728.4981684981685, 728.901098901099, 0.0, 789.3406593406594]"
2025-11-24T15:58:30.506768,/muse/eegAux,"[nan, nan, 0.0, 0.0]"
2025-11-24T15:58:30.568293,/muse/eeg,"[875.5677655677656, 724.4688644688645, 265.9340659340659, 811.5018315018315]"
2025-11-24T15:58:30.599710,/muse/gyro,"[3.895416259765625, -5.794525146484375, 0.814971923828125]"
2025-11-24T15:58:30.661452,/muse/gyro,"[2.55706787109375, -5.615081787109375, -1.921539306640625]"
2025-11-24T15:58:30.706499,/muse/eeg,"[894.1025641025641, 686.5934065934066, 773.6263736263736, 819.5604395604396]"
2025-11-24T15:58:30.615187,/muse/gyro,"[2.55706787109375, -5.615081787109375, -1.921539306640625]"
2025-11-24T15:58:30.799803,/muse/eeg,"[637.032967032967, 699.0842490842491, 121.6849816849817, 766.3736263736264]"
2025-11-24T15:58:30.860510,/muse/eegAux,"[nan, nan, 0.0, 0.0]"
2025-11-24T15:58:30.906203,/muse/eeg,"[651.941391941392, 740.1831501831502, 0.0, 777.6556776556777]"
2025-11-24T15:58:30.937764,/muse/eeg,"[779.6703296703297, 669.2673992673992, 18.13186813186813, 794.5787545787546]"
2025-11-24T15:58:30.953306,/muse/eegAux,"[nan, nan, 0.0, 0.0]"
2025-11-24T15:58:31.076894,/muse/eeg,"[812.7106227106227, 649.92673992674, 232.8937728937729, 803.8461538461539]"
2025-11-24T15:58:31.170127,/muse/gyro,"[-2.67669677734375, -3.805694580078125, 3.87298583984375]"
2025-11-24T15:58:31.232403,/muse/gyro,"[-2.67669677734375, -3.805694580078125, 3.87298583984375]"
2025-11-24T15:58:31.279932,/muse/acc,"[0.347412109375, -0.138427734375, 0.90948486328125]"
2025-11-24T15:58:31.327184,/muse/acc,"[0.347412109375, -0.138427734375, 0.90948486328125]"
2025-11-24T15:58:31.420504,/muse/gyro,"[0.7476806640625, -6.930999755859375, 2.504730224609375]"
2025-11-24T15:58:31.497289,/muse/elements/alpha_absolute,"[1.3628498180187636, 0.9482276841145552, -3.0464130382657006, 0.8906801700642177]"
2025-11-24T15:58:31.558460,/muse/eeg,"[782.0879120879121, 718.8278388278388, 159.15750915750917, 795.3846153846154]"
2025-11-24T15:58:31.573334,/muse/eeg,"[780.8791208791209, 734.1391941391942, 195.82417582417582, 772.8205128205128]"
2025-11-24T15:58:31.619525,/muse/gyro,"[-0.979461669921875, -1.383209228515625, 0.112152099609375]"
2025-11-24T15:58:31.696979,/muse/eeg,"[766.3736263736264, 707.1428571428571, 363.4432234432235, 812.7106227106227]"
2025-11-24T15:58:31.775153,/muse/eeg,"[784.9084249084249, 719.2307692307693, 404.94505494505495, 766.3736263736264]"
2025-11-24T15:58:31.837352,/muse/gyro,"[8.3441162109375, -9.5404052734375, 0.545806884765625]"
2025-11-24T15:58:31.900383,/muse/gyro,"[7.37213134765625, -6.841278076171875, -0.485992431640625]"
2025-11-24T15:58:31.947676,/muse/gyro,"[7.37213134765625, -6.841278076171875, -0.485992431640625]"
2025-11-24T15:58:32.058097,/muse/eeg,"[760.7326007326008, 670.4761904761905, 197.03296703296704, 811.5018315018315]"
2025-11-24T15:58:32.103761,/muse/eeg,"[776.8498168498169, 701.0989010989011, 185.75091575091577, 801.4285714285714]"
2025-11-24T15:58:32.119028,/muse/gyro,"[6.228179931640625, -3.648681640625, 0.381317138671875]"
2025-11-24T15:58:32.180191,/muse/gyro,"[7.394561767578125, -5.899200439453125, 0.964508056640625]"
2025-11-24T15:58:32.211930,/muse/eeg,"[790.5494505494506, 727.2893772893773, 312.2710622710623, 801.8315018315019]"
2025-11-24T15:58:32.227627,/muse/eeg,"[813.5164835164835, 699.8901098901099, 199.04761904761907, 811.0989010989011]"
2025-11-24T15:58:32.259150,/muse/acc,"[0.42791748046875, -0.1094970703125, 0.911865234375]"
2025-11-24T15:58:32.322096,/muse/eeg,"[856.2271062271062, 645.0915750915751, 535.4945054945055, 801.8315018315019]"
2025-11-24T15:58:32.352693,/muse/eeg,"[785.7142857142858, 663.6263736263736, 183.33333333333334, 787.3260073260074]"
2025-11-24T15:58:32.414993,/muse/eeg,"[817.948717948718, 698.6813186813187, 444.83516483516485, 792.1611721611722]"
2025-11-24T15:58:32.477724,/muse/eeg,"[792.5641025641025, 725.2747252747253, 384.79853479853483, 792.5641025641025]"
2025-11-24T15:58:32.509463,/muse/eeg,"[778.4615384615385, 738.974358974359, 506.0805860805861, 807.4725274725275]"
2025-11-24T15:58:32.540728,/muse/eeg,"[788.1318681318681, 772.014652014652, 476.6666666666667, 788.1318681318681]"
2025-11-24T15:58:32.602079,/muse/eeg,"[750.6593406593407, 769.5970695970697, 323.95604395604397, 795.7875457875458]"
2025-11-24T15:58:32.633324,/muse/eeg,"[747.8388278388279, 777.2527472527473, 101.13553113553114, 782.0879120879121]"
2025-11-24T15:58:32.757151,/muse/gyro,"[6.5496826171875, -6.273040771484375, 1.786956787109375]"
2025-11-24T15:58:32.819125,/muse/gyro,"[6.83380126953125, -5.54779052734375, 2.489776611328125]"
2025-11-24T15:58:32.881003,/muse/eeg,"[785.7142857142858, 753.4798534798535, 280.43956043956047, 811.9047619047619]"
2025-11-24T15:58:32.989677,/muse/eegAux,"[nan, nan, 0.0, 0.0]"
2025-11-24T15:58:32.927818,/muse/elements/delta_absolute,"[1.1373588324718256, 1.4197223228136284, -3.185283338198744, 0.45289691151101236]"
2025-11-24T15:58:33.051341,/muse/eeg,"[795.7875457875458, 794.981684981685, 367.4725274725275, 790.1465201465202]"
2025-11-24T15:58:33.142680,/muse/eeg,"[803.040293040293, 762.7472527472528, 84.21245421245422, 790.1465201465202]"
2025-11-24T15:58:33.234364,/muse/eeg,"[833.2600732600733, 757.9120879120879, 641.8681318681319, 788.1318681318681]"
2025-11-24T15:58:33.343361,/muse/eeg,"[792.1611721611722, 786.9230769230769, 229.67032967032966, 792.5641025641025]"
2025-11-24T15:58:33.419324,/muse/eegAux,"[nan, nan, 0.0, 0.0]"
2025-11-24T15:58:33.481857,/muse/eegAux,"[nan, nan, 0.0, 0.0]"
2025-11-24T15:58:33.542666,/muse/eeg,"[793.3699633699634, 762.7472527472528, 152.71062271062272, 781.6849816849817]"
2025-11-24T15:58:33.588331,/muse/gyro,"[-1.495361328125, -4.508514404296875, 0.97198486328125]"
2025-11-24T15:58:33.635482,/muse/eegAux,"[nan, nan, 0.0, 0.0]"
2025-11-24T15:58:33.713034,/muse/eeg,"[817.948717948718, 766.3736263736264, 264.72527472527474, 803.4432234432235]"
2025-11-24T15:58:33.759865,/muse/drlref,"[1620586.0805860804, 1596410.2564102563]"
2025-11-24T15:58:33.806670,/muse/drlref,"[1620586.0805860804, 1596410.2564102563]"
2025-11-24T15:58:33.836807,/muse/gyro,"[-0.530853271484375, -3.70849609375, -0.695343017578125]"
2025-11-24T15:58:33.882299,/muse/eeg,"[826.4102564102565, 761.5384615384615, 147.47252747252747, 782.4908424908425]"
2025-11-24T15:58:33.975554,/muse/drlref,"[1620586.0805860804, 1596410.2564102563]"
2025-11-24T15:58:34.068632,/muse/gyro,"[10.594635009765625, -1.8841552734375, -0.59814453125]"
2025-11-24T15:58:34.146500,/muse/gyro,"[4.366455078125, -0.46356201171875, 1.173858642578125]"
2025-11-24T15:58:34.208459,/muse/gyro,"[2.609405517578125, -2.03369140625, 1.114044189453125]"
2025-11-24T15:58:34.286190,/muse/drlref,"[1620586.0805860804, 1596410.2564102563]"
2025-11-24T15:58:34.334062,/muse/gyro,"[7.52166748046875, 2.04864501953125, -3.529052734375]"
2025-11-24T15:58:34.380734,/muse/eeg,"[833.2600732600733, 732.9304029304029, 20.54945054945055, 794.1758241758242]"
2025-11-24T15:58:34.457507,/muse/acc,"[0.46710205078125, -0.0780029296875, 0.94122314453125]"
2025-11-24T15:58:34.504341,/muse/acc,"[0.32708740234375, -0.0782470703125, 0.896728515625]"
2025-11-24T15:58:34.534465,/muse/eegAux,"[nan, nan, 0.0, 0.0]"
2025-11-24T15:58:34.564504,/muse/gyro,"[8.074951171875, -1.734619140625, -0.83740234375]"
2025-11-24T15:58:34.626278,/muse/eeg,"[877.985347985348, 775.6410256410256, 476.2637362637363, 805.054945054945]"
2025-11-24T15:58:34.750791,/muse/eeg,"[847.7655677655678, 745.4212454212454, 304.61538461538464, 807.4725274725275]"
2025-11-24T15:58:34.814523,/muse/eeg,"[805.8608058608058, 732.1245421245421, 78.97435897435898, 804.2490842490843]"
2025-11-24T15:58:34.861075,/muse/eeg,"[786.9230769230769, 743.0036630036631, 288.9010989010989, 790.5494505494506]"
2025-11-24T15:58:34.908027,/muse/eeg,"[853.0036630036631, 768.3882783882784, 85.01831501831502, 804.6520146520147]"
2025-11-24T15:58:34.969426,/muse/acc,"[0.34747314453125, -0.02276611328125, 0.90045166015625]"
2025-11-24T15:58:35.030909,/muse/eeg,"[678.1318681318681, 783.2967032967033, 520.1831501831502, 772.8205128205128]"
2025-11-24T15:58:35.077309,/muse/eeg,"[666.8498168498169, 765.1648351648352, 625.7509157509157, 780.4761904761905]"
2025-11-24T15:58:35.217120,/muse/eegAux,"[nan, nan, 0.0, 0.0]"
2025-11-24T15:58:35.269532,/muse/eeg,"[966.6300366300367, 759.92673992674, 522.6007326007326, 814.3223443223443]"
2025-11-24T15:58:35.325415,/muse/gyro,"[6.048736572265625, -11.731109619140625, -0.755157470703125]"
2025-11-24T15:58:35.387620,/muse/eeg,"[653.5531135531136, 726.0805860805862, 0.0, 797.3992673992674]"
2025-11-24T15:58:35.448334,/muse/gyro,"[1.016845703125, -4.433746337890625, -2.691650390625]"
2025-11-24T15:58:35.512167,/muse/eeg,"[940.4395604395605, 738.1684981684982, 532.6739926739926, 813.1135531135532]"
2025-11-24T15:58:35.573024,/muse/eeg,"[738.5714285714286, 753.4798534798535, 285.27472527472526, 782.0879120879121]"
2025-11-24T15:58:35.636044,/muse/gyro,"[-0.186920166015625, -8.7628173828125, -4.08233642578125]"
2025-11-24T15:58:35.713996,/muse/eeg,"[675.3113553113553, 759.5238095238095, 358.20512820512823, 778.8644688644689]"
2025-11-24T15:58:35.760543,/muse/gyro,"[-1.772003173828125, -5.62255859375, -3.925323486328125]"
2025-11-24T15:58:35.836853,/muse/eeg,"[697.0695970695971, 717.2161172161173, 278.42490842490844, 798.2051282051282]"
2025-11-24T15:58:35.868665,/muse/eeg,"[806.2637362637363, 709.1575091575091, 400.5128205128205, 795.3846153846154]"
2025-11-24T15:58:35.961039,/muse/eeg,"[931.1721611721612, 691.8315018315019, 380.7692307692308, 817.1428571428571]"
2025-11-24T15:58:35.992194,/muse/elements/alpha_absolute,"[0.909446906689873, 0.9482276841145552, -3.0464130382657006, 1.2349517146516629]"
2025-11-24T15:58:36.085937,/muse/eeg,"[767.1794871794872, 837.2893772893773, 707.1428571428571, 822.3809523809524]"
2025-11-24T15:58:36.039523,/muse/gyro,"[0.9869384765625, 14.557342529296875, -3.84307861328125]"
2025-11-24T15:58:36.116635,/muse/eeg,"[918.2783882783883, 842.9304029304029, 933.1868131868132, 804.6520146520147]"
2025-11-24T15:58:36.194475,/muse/eeg,"[798.6080586080586, 807.4725274725275, 196.22710622710622, 785.7142857142858]"
2025-11-24T15:58:36.257337,/muse/eeg,"[822.7838827838829, 786.1172161172161, 682.967032967033, 795.3846153846154]"
2025-11-24T15:58:36.272901,/muse/eeg,"[823.992673992674, 847.7655677655678, 850.989010989011, 776.8498168498169]"
2025-11-24T15:58:36.333857,/muse/gyro,"[-22.901458740234375, -110.90347290039062, -90.49179077148438]"
2025-11-24T15:58:36.441738,/muse/gyro,"[-33.7353515625, -35.78399658203125, -34.744720458984375]"
2025-11-24T15:58:36.487075,/muse/is_good,"[0.0, 0.0, 0.0, 0.0]"
2025-11-24T15:58:36.579104,/muse/eeg,"[912.2344322344322, 0.0, 1.208791208791209, 826.4102564102565]"
2025-11-24T15:58:36.641129,/muse/gyro,"[-30.1763916015625, -1.562652587890625, -4.269256591796875]"
2025-11-24T15:58:36.594390,/muse/eeg,"[852.1978021978023, 469.010989010989, 475.45787545787545, 790.5494505494506]"
2025-11-24T15:58:36.718802,/muse/gyro,"[-30.243682861328125, -3.596343994140625, -2.923431396484375]"
2025-11-24T15:58:36.811495,/muse/eeg,"[716.4102564102565, 986.7765567765568, 391.24542124542126, 754.2857142857143]"
2025-11-24T15:58:36.873093,/muse/eeg,"[827.6190476190476, 843.3333333333334, 36.26373626373626, 786.1172161172161]"
2025-11-24T15:58:36.920075,/muse/gyro,"[-18.85650634765625, -15.53680419921875, 10.071258544921875]"
2025-11-24T15:58:36.982840,/muse/gyro,"[-19.402313232421875, -15.62652587890625, 9.996490478515625]"
2025-11-24T15:58:37.014486,/muse/eegAux,"[nan, nan, 0.0, 0.0]"
2025-11-24T15:58:37.061544,/muse/gyro,"[-19.26025390625, -15.020904541015625, 9.6600341796875]"
2025-11-24T15:58:37.153570,/muse/eeg,"[786.1172161172161, 464.57875457875457, 1.6117216117216118, 821.5750915750916]"
2025-11-24T15:58:37.215569,/muse/acc,"[0.8116455078125, -0.0723876953125, 0.60101318359375]"
2025-11-24T15:58:37.277620,/muse/eegAux,"[nan, nan, 0.0, 0.0]"
2025-11-24T15:58:37.324088,/muse/drlref,"[1620586.0805860804, 1597216.1172161172]"
2025-11-24T15:58:37.308515,/muse/elements/gamma_absolute,"[1.3056386689703277, -0.16332704512625107, -3.0203266379668348, 0.6333958284331319]"
2025-11-24T15:58:37.370411,/muse/drlref,"[1620586.0805860804, 1596410.2564102563]"
2025-11-24T15:58:37.401997,/muse/eeg,"[755.4945054945055, 0.0, 177.28937728937728, 794.1758241758242]"
2025-11-24T15:58:37.464902,/muse/gyro,"[-1.31591796875, -5.0543212890625, 2.579498291015625]"
2025-11-24T15:58:37.588748,/muse/acc,"[0.78076171875, -0.1300048828125, 0.5986328125]"
2025-11-24T15:58:37.620040,/muse/eeg,"[754.2857142857143, 992.8205128205128, 202.67399267399267, 809.0842490842491]"
2025-11-24T15:58:37.682711,/muse/eeg,"[740.1831501831502, 944.4688644688645, 96.3003663003663, 699.4871794871796]"
2025-11-24T15:58:37.730241,/muse/eeg,"[630.1831501831502, 963.0036630036631, 214.76190476190476, 644.2857142857143]"
2025-11-24T15:58:37.761775,/muse/eeg,"[833.6630036630037, 1175.7509157509157, 218.3882783882784, 867.9120879120879]"
2025-11-24T15:58:37.808100,/muse/eeg,"[887.6556776556777, 742.1978021978023, 96.7032967032967, 856.2271062271062]"
2025-11-24T15:58:37.886494,/muse/eeg,"[876.7765567765568, 648.3150183150183, 7.655677655677656, 829.6336996336996]"
2025-11-24T15:58:37.979270,/muse/gyro,"[2.97576904296875, -4.598236083984375, 8.8525390625]"
2025-11-24T15:58:38.026262,/muse/eeg,"[780.4761904761905, 384.3956043956044, 44.72527472527473, 817.5457875457876]"
2025-11-24T15:58:38.074348,/muse/eeg,"[787.7289377289378, 1155.6043956043957, 73.73626373626374, 819.1575091575091]"
2025-11-24T15:58:38.183177,/muse/eeg,"[817.948717948718, 1316.7765567765568, 62.45421245421245, 799.8168498168499]"
2025-11-24T15:58:38.215320,/muse/gyro,"[8.650665283203125, -0.2093505859375, 13.05450439453125]"
2025-11-24T15:58:38.434069,/muse/acc,"[0.73394775390625, -0.21435546875, 0.61700439453125]"
2025-11-24T15:58:38.308766,/muse/acc,"[0.74505615234375, -0.194091796875, 0.603759765625]"
2025-11-24T15:58:38.465462,/muse/eeg,"[822.3809523809524, 1622.6007326007327, 116.84981684981685, 804.6520146520147]"
2025-11-24T15:58:38.526578,/muse/eegAux,"[nan, nan, 0.0, 0.0]"
2025-11-24T15:58:38.572757,/muse/eeg,"[765.1648351648352, 1622.6007326007327, 444.43223443223445, 815.5311355311355]"
2025-11-24T15:58:38.619010,/muse/eegAux,"[nan, nan, 0.0, 0.0]"
2025-11-24T15:58:38.730040,/muse/eeg,"[765.1648351648352, 1622.6007326007327, 444.43223443223445, 815.5311355311355]"
2025-11-24T15:58:38.792918,/muse/eeg,"[837.6923076923077, 1622.6007326007327, 352.5641025641026, 788.1318681318681]"
2025-11-24T15:58:38.948233,/muse/eeg,"[785.3113553113553, 1622.6007326007327, 263.5164835164835, 796.996336996337]"
2025-11-24T15:58:39.008642,/muse/eeg,"[821.978021978022, 1622.1978021978023, 730.1098901098901, 792.1611721611722]"
2025-11-24T15:58:39.085295,/muse/eeg,"[803.4432234432235, 1627.838827838828, 589.8901098901099, 807.0695970695971]"
2025-11-24T15:58:39.147013,/muse/eegAux,"[nan, nan, 0.0, 0.0]"
2025-11-24T15:58:39.302147,/muse/drlref,"[1619780.2197802197, 1596410.2564102563]"
2025-11-24T15:58:39.364046,/muse/drlref,"[1619780.2197802197, 1596410.2564102563]"
2025-11-24T15:58:39.443093,/muse/eeg,"[726.886446886447, 944.8717948717949, 156.33699633699635, 794.981684981685]"
2025-11-24T15:58:39.474959,/muse/eegAux,"[nan, nan, 0.0, 0.0]"
2025-11-24T15:58:39.506624,/muse/eeg,"[767.985347985348, 1582.7106227106228, 0.40293040293040294, 812.3076923076924]"
2025-11-24T15:58:39.615480,/muse/eegAux,"[nan, nan, 0.0, 0.0]"
2025-11-24T15:58:39.569352,/muse/eeg,"[779.2673992673992, 1210.0, 12.49084249084249, 795.3846153846154]"
2025-11-24T15:58:39.661702,/muse/eeg,"[759.92673992674, 1143.113553113553, 1.6117216117216118, 804.2490842490843]"
2025-11-24T15:58:39.800709,/muse/acc,"[0.7110595703125, -0.183837890625, 0.66973876953125]"
2025-11-24T15:58:39.878612,/muse/acc,"[0.70513916015625, -0.1732177734375, 0.67108154296875]"
2025-11-24T15:58:39.924590,/muse/eeg,"[760.3296703296703, 778.8644688644689, 42.710622710622715, 809.0842490842491]"
2025-11-24T15:58:39.955373,/muse/gyro,"[9.024505615234375, 1.79443359375, -15.813446044921875]"
2025-11-24T15:58:40.017706,/muse/gyro,"[7.79083251953125, 0.897216796875, -17.054595947265625]"
2025-11-24T15:58:40.159307,/muse/gyro,"[7.79083251953125, 0.897216796875, -17.054595947265625]"
2025-11-24T15:58:40.205959,/muse/eegAux,"[nan, nan, 0.0, 0.0]"
2025-11-24T15:58:40.267963,/muse/eeg,"[799.8168498168499, 677.7289377289377, 97.50915750915752, 786.1172161172161]"
2025-11-24T15:58:40.330664,/muse/gyro,"[4.41131591796875, 0.8673095703125, 1.98883056640625]"
2025-11-24T15:58:40.346621,/muse/eeg,"[779.6703296703297, 322.34432234432234, 883.6263736263736, 789.7435897435897]"
2025-11-24T15:58:40.423707,/muse/eeg,"[741.7948717948718, 514.5421245421246, 711.5750915750916, 782.893772893773]"
2025-11-24T15:58:40.485385,/muse/eeg,"[697.8754578754579, 690.2197802197802, 71.31868131868131, 786.9230769230769]"
2025-11-24T15:58:40.563989,/muse/eeg,"[676.9230769230769, 938.8278388278388, 0.0, 764.7619047619048]"
2025-11-24T15:58:40.579884,/muse/eegAux,"[nan, nan, 0.0, 0.0]"
2025-11-24T15:58:40.626342,/muse/eeg,"[840.1098901098901, 800.6227106227107, 510.1098901098901, 800.6227106227107]"
2025-11-24T15:58:40.688635,/muse/eegAux,"[nan, nan, 0.0, 0.0]"
2025-11-24T15:58:40.751327,/muse/eeg,"[832.0512820512821, 793.7728937728938, 234.10256410256412, 803.4432234432235]"
2025-11-24T15:58:40.874940,/muse/gyro,"[5.51788330078125, -6.287994384765625, 12.134857177734375]"
2025-11-24T15:58:40.952109,/muse/gyro,"[5.51788330078125, -6.287994384765625, 12.134857177734375]"
2025-11-24T15:58:40.983177,/muse/eeg,"[771.6117216117216, 876.3736263736264, 589.4871794871796, 786.9230769230769]"
2025-11-24T15:58:41.030343,/muse/eeg,"[810.6959706959707, 834.8717948717949, 395.6776556776557, 801.4285714285714]"
2025-11-24T15:58:41.107372,/muse/eeg,"[782.0879120879121, 654.7619047619048, 669.6703296703297, 813.5164835164835]"
2025-11-24T15:58:41.076800,/muse/eeg,"[783.2967032967033, 1054.065934065934, 112.01465201465201, 794.1758241758242]"
2025-11-24T15:58:41.215371,/muse/eeg,"[788.9377289377289, 697.8754578754579, 1.208791208791209, 791.7582417582418]"
2025-11-24T15:58:41.245838,/muse/gyro,"[5.495452880859375, -3.297271728515625, 2.76641845703125]"
2025-11-24T15:58:41.293013,/muse/eegAux,"[nan, nan, 0.0, 0.0]"
2025-11-24T15:58:41.338371,/muse/acc,"[0.63787841796875, -0.13311767578125, 0.7677001953125]"
2025-11-24T15:58:41.354018,/muse/eeg,"[772.014652014652, 778.4615384615385, 271.978021978022, 793.7728937728938]"
2025-11-24T15:58:41.384780,/muse/eeg,"[788.9377289377289, 999.2673992673992, 188.97435897435898, 799.0109890109891]"
2025-11-24T15:58:41.460516,/muse/eeg,"[800.2197802197802, 1110.4761904761906, 155.53113553113553, 801.4285714285714]"
2025-11-24T15:58:41.599996,/muse/gyro,"[4.448699951171875, -0.695343017578125, 3.94775390625]"
2025-11-24T15:58:41.630828,/muse/drlref,"[1619780.2197802197, 1596410.2564102563]"
2025-11-24T15:58:41.707965,/muse/drlref,"[1619780.2197802197, 1596410.2564102563]"
2025-11-24T15:58:41.802341,/muse/acc,"[0.63702392578125, -0.14910888671875, 0.77716064453125]"
2025-11-24T15:58:41.848176,/muse/acc,"[0.64617919921875, -0.15045166015625, 0.76971435546875]"
2025-11-24T15:58:41.894502,/muse/acc,"[0.6468505859375, -0.147705078125, 0.774658203125]"
2025-11-24T15:58:41.924893,/muse/eeg,"[683.3699633699634, 979.1208791208792, 290.1098901098901, 703.919413919414]"
2025-11-24T15:58:42.000964,/muse/drlref,"[1620586.0805860804, 1596410.2564102563]"
2025-11-24T15:58:42.079742,/muse/eeg,"[825.6043956043957, 893.6996336996338, 373.5164835164835, 810.2930402930403]"
2025-11-24T15:58:42.204394,/muse/eegAux,"[nan, nan, 0.0, 0.0]"
2025-11-24T15:58:42.266934,/muse/gyro,"[7.37213134765625, -4.91973876953125, 4.23187255859375]"
2025-11-24T15:58:42.329287,/muse/drlref,"[1619780.2197802197, 1596410.2564102563]"
2025-11-24T15:58:42.422711,/muse/eeg,"[855.0183150183151, 827.6190476190476, 262.3076923076923, 836.0805860805862]"
2025-11-24T15:58:42.438609,/muse/eeg,"[842.1245421245421, 1091.1355311355312, 316.7032967032967, 817.948717948718]"
2025-11-24T15:58:42.485951,/muse/eeg,"[786.1172161172161, 1018.2051282051283, 535.4945054945055, 804.6520146520147]"
2025-11-24T15:58:42.578781,/muse/eeg,"[786.9230769230769, 891.6849816849817, 0.0, 796.5934065934066]"
2025-11-24T15:58:42.706931,/muse/gyro,"[7.813262939453125, -16.740570068359375, -4.007568359375]"
2025-11-24T15:58:42.736817,/muse/gyro,"[7.813262939453125, -16.740570068359375, -4.007568359375]"
2025-11-24T15:58:42.655738,/muse/eeg,"[801.025641025641, 951.3186813186813, 305.42124542124543, 810.6959706959707]"
2025-11-24T15:58:42.813990,/muse/eeg,"[775.2380952380953, 624.945054945055, 172.85714285714286, 799.4139194139194]"
2025-11-24T15:58:42.828954,/muse/eeg,"[757.1062271062272, 662.014652014652, 682.5641025641025, 800.6227106227107]"
2025-11-24T15:58:42.892987,/muse/eeg,"[780.0732600732601, 772.4175824175825, 450.0732600732601, 786.5201465201466]"
2025-11-24T15:58:42.939521,/muse/eegAux,"[nan, nan, 0.0, 0.0]"
2025-11-24T15:58:42.970329,/muse/eeg,"[791.7582417582418, 734.945054945055, 977.5091575091575, 792.1611721611722]"
2025-11-24T15:58:43.048581,/muse/eeg,"[784.1025641025641, 778.4615384615385, 646.3003663003664, 800.2197802197802]"
2025-11-24T15:58:43.125848,/muse/eeg,"[800.6227106227107, 561.2820512820513, 64.87179487179488, 793.7728937728938]"
2025-11-24T15:58:43.094325,/muse/eeg,"[798.2051282051282, 716.8131868131868, 467.3992673992674, 783.2967032967033]"
2025-11-24T15:58:43.188030,/muse/eeg,"[796.996336996337, 838.4981684981685, 344.1025641025641, 799.0109890109891]"
2025-11-24T15:58:43.268536,/muse/eeg,"[812.7106227106227, 801.025641025641, 454.90842490842493, 794.5787545787546]"
2025-11-24T15:58:43.300148,/muse/eegAux,"[nan, nan, 0.0, 0.0]"
2025-11-24T15:58:43.331818,/muse/eeg,"[809.0842490842491, 961.3919413919414, 581.4285714285714, 808.2783882783883]"
2025-11-24T15:58:43.363201,/muse/elements/delta_absolute,"[0.5092330022140743, 1.4197223228136284, -3.185283338198744, 0.017045407594462027]"
2025-11-24T15:58:43.426676,/muse/gyro,"[10.5572509765625, 5.016937255859375, 3.730926513671875]"
2025-11-24T15:58:43.503703,/muse/eeg,"[765.5677655677656, 619.7069597069598, 1604.871794871795, 772.4175824175825]"
2025-11-24T15:58:43.472637,/muse/elements/theta_absolute,"[1.1787694344635058, 1.0505528882630486, -3.372595035594313, -0.12956781277503188]"
2025-11-24T15:58:43.534467,/muse/elements/beta_absolute,"[1.6636290497778092, 0.5881831259564095, -2.7866814850890833, 0.4072817015686183]"
2025-11-24T15:58:43.565279,/muse/gyro,"[3.686065673828125, -1.233673095703125, 2.0635986328125]"
2025-11-24T15:58:43.692158,/muse/acc,"[0.60516357421875, -0.097900390625, 0.796630859375]"
2025-11-24T15:58:43.879323,/muse/gyro,"[2.9608154296875, -1.996307373046875, -0.3289794921875]"
2025-11-24T15:58:43.643916,/muse/acc,"[0.60516357421875, -0.097900390625, 0.796630859375]"
2025-11-24T15:58:43.770783,/muse/eegAux,"[nan, nan, 0.0, 0.0]"
2025-11-24T15:58:44.006277,/muse/eeg,"[678.1318681318681, 1622.1978021978023, 1622.6007326007327, 775.2380952380953]"
2025-11-24T15:58:44.037097,/muse/eeg,"[370.6959706959707, 1622.6007326007327, 1622.6007326007327, 726.4835164835165]"
2025-11-24T15:58:44.099050,/muse/eeg,"[586.2637362637363, 1622.6007326007327, 1622.6007326007327, 726.4835164835165]"
2025-11-24T15:58:44.114271,/muse/eeg,"[718.021978021978, 1622.6007326007327, 1622.6007326007327, 714.7985347985348]"
2025-11-24T15:58:44.238223,/muse/gyro,"[3.521575927734375, -2.930908203125, 1.09161376953125]"
2025-11-24T15:58:44.269077,/muse/eeg,"[1141.5018315018315, 1622.6007326007327, 1622.6007326007327, 745.4212454212454]"
2025-11-24T15:58:44.315536,/muse/eeg,"[969.4505494505495, 1622.6007326007327, 1622.1978021978023, 750.6593406593407]"
2025-11-24T15:58:44.346729,/muse/eeg,"[1010.1465201465202, 1622.1978021978023, 1622.6007326007327, 749.8534798534798]"
2025-11-24T15:58:44.456504,/muse/gyro,"[2.878570556640625, -1.682281494140625, -0.710296630859375]"
2025-11-24T15:58:44.534782,/muse/gyro,"[3.36456298828125, -1.398162841796875, -1.24114990234375]"
2025-11-24T15:58:44.564879,/muse/eeg,"[1384.065934065934, 1309.9267399267399, 1622.6007326007327, 767.5824175824176]"
2025-11-24T15:58:44.610574,/muse/eeg,"[1282.930402930403, 1219.6703296703297, 1622.1978021978023, 780.8791208791209]"
2025-11-24T15:58:44.721500,/muse/eeg,"[1037.5457875457876, 1014.981684981685, 1622.6007326007327, 788.9377289377289]"
2025-11-24T15:58:44.805865,/muse/eeg,"[1101.6117216117216, 663.6263736263736, 1622.1978021978023, 776.4468864468864]"
2025-11-24T15:58:44.845710,/muse/eeg,"[825.2014652014652, 430.73260073260076, 1622.6007326007327, 784.9084249084249]"
2025-11-24T15:58:44.938927,/muse/eegAux,"[nan, nan, 0.0, 0.0]"
2025-11-24T15:58:44.907756,/muse/eegAux,"[nan, nan, 0.0, 0.0]"
2025-11-24T15:58:45.000976,/muse/eeg,"[1103.6263736263736, 572.1611721611722, 1622.1978021978023, 806.2637362637363]"
2025-11-24T15:58:45.048517,/muse/eegAux,"[nan, nan, 0.0, 0.0]"
2025-11-24T15:58:45.080701,/muse/eeg,"[952.9304029304029, 783.6996336996338, 1442.0879120879122, 787.3260073260074]"
2025-11-24T15:58:45.095854,/muse/gyro,"[4.50103759765625, -5.839385986328125, 2.2430419921875]"
2025-11-24T15:58:45.142457,/muse/gyro,"[10.52734375, -2.28790283203125, -7.10296630859375]"
2025-11-24T15:58:45.236600,/muse/eeg,"[720.0366300366301, 1058.095238095238, 1622.1978021978023, 789.7435897435897]"
2025-11-24T15:58:45.283758,/muse/eeg,"[1621.7948717948718, 906.996336996337, 1587.5457875457876, 808.6813186813187]"
2025-11-24T15:58:45.362475,/muse/gyro,"[2.49725341796875, 4.366455078125, 3.701019287109375]"
2025-11-24T15:58:45.408112,/muse/eegAux,"[nan, nan, 0.0, 0.0]"
2025-11-24T15:58:45.501365,/muse/eeg,"[1083.4798534798535, 818.3516483516484, 1001.6849816849817, 846.5567765567765]"
2025-11-24T15:58:45.580642,/muse/eegAux,"[nan, nan, 0.0, 0.0]"
2025-11-24T15:58:45.628898,/muse/eeg,"[1015.3846153846154, 771.2087912087912, 693.040293040293, 787.7289377289378]"
2025-11-24T15:58:45.675804,/muse/eegAux,"[nan, nan, 0.0, 0.0]"
2025-11-24T15:58:45.786199,/muse/elements/alpha_absolute,"[1.3103544540614362, 0.9482276841145552, -3.0464130382657006, 0.5662078029688661]"
2025-11-24T15:58:45.863194,/muse/eeg,"[979.1208791208792, 1292.1978021978023, 83.40659340659342, 842.9304029304029]"
2025-11-24T15:58:45.910330,/muse/acc,"[0.51092529296875, -0.08441162109375, 0.86077880859375]"
2025-11-24T15:58:46.004008,/muse/eeg,"[1071.7948717948718, 1622.6007326007327, 584.6520146520147, 801.8315018315019]"
2025-11-24T15:58:46.035169,/muse/eegAux,"[nan, nan, 0.0, 0.0]"
2025-11-24T15:58:46.097285,/muse/eeg,"[977.9120879120879, 1622.6007326007327, 759.1208791208792, 791.3553113553114]"
2025-11-24T15:58:46.188708,/muse/eeg,"[862.6739926739926, 1622.6007326007327, 1046.4102564102564, 796.5934065934066]"
2025-11-24T15:58:46.281956,/muse/eeg,"[763.5531135531136, 1622.6007326007327, 1245.0549450549452, 687.8021978021978]"
2025-11-24T15:58:46.405784,/muse/eegAux,"[nan, nan, 0.0, 0.0]"
2025-11-24T15:58:46.344927,/muse/gyro,"[5.99639892578125, -0.16448974609375, 5.38330078125]"
2025-11-24T15:58:46.483452,/muse/eegAux,"[nan, nan, 0.0, 0.0]"
2025-11-24T15:58:46.545777,/muse/eeg,"[796.996336996337, 1622.6007326007327, 1459.010989010989, 838.0952380952381]"
2025-11-24T15:58:46.593050,/muse/acc,"[0.44134521484375, -0.06475830078125, 0.8843994140625]"
2025-11-24T15:58:46.655029,/muse/acc,"[0.44134521484375, -0.06475830078125, 0.8843994140625]"
2025-11-24T15:58:46.702586,/muse/eeg,"[691.025641025641, 1622.1978021978023, 1622.1978021978023, 774.8351648351648]"
2025-11-24T15:58:46.733601,/muse/eeg,"[803.040293040293, 1527.912087912088, 1571.8315018315018, 722.4542124542124]"
2025-11-24T15:58:46.872958,/muse/eeg,"[748.6446886446887, 1623.8095238095239, 1457.802197802198, 720.8424908424909]"
2025-11-24T15:58:46.950919,/muse/eeg,"[1004.908424908425, 1274.065934065934, 1116.923076923077, 734.945054945055]"
2025-11-24T15:58:46.826782,/muse/eegAux,"[nan, nan, 0.0, 0.0]"
2025-11-24T15:58:47.090245,/muse/eeg,"[903.7728937728938, 1135.4578754578754, 1025.8608058608058, 760.3296703296703]"
2025-11-24T15:58:47.152047,/muse/elements/alpha_absolute,"[1.3103544540614362, 0.9482276841145552, -3.0464130382657006, 0.5662078029688661]"
2025-11-24T15:58:47.198662,/muse/eegAux,"[nan, nan, 0.0, 0.0]"
2025-11-24T15:58:47.230614,/muse/eeg,"[478.2783882783883, 820.3663003663004, 1133.4432234432236, 732.9304029304029]"
2025-11-24T15:58:47.293032,/muse/acc,"[0.3402099609375, -0.08013916015625, 0.948486328125]"
2025-11-24T15:58:47.262188,/muse/eeg,"[592.7106227106227, 496.4102564102564, 1211.2087912087914, 753.4798534798535]"
2025-11-24T15:58:47.340015,/muse/gyro,"[3.5589599609375, 1.876678466796875, 3.701019287109375]"
2025-11-24T15:58:47.418200,/muse/eeg,"[895.3113553113553, 415.8241758241758, 929.1575091575091, 822.7838827838829]"
2025-11-24T15:58:47.465235,/muse/eeg,"[864.6886446886447, 400.1098901098901, 873.1501831501831, 785.3113553113553]"
2025-11-24T15:58:47.511537,/muse/eeg,"[16.520146520146522, 0.0, 852.1978021978023, 804.6520146520147]"
2025-11-24T15:58:47.574873,/muse/eeg,"[0.0, 0.0, 857.8388278388279, 782.0879120879121]"
2025-11-24T15:58:47.668441,/muse/drlref,"[1622197.802197802, 1596410.2564102563]"
2025-11-24T15:58:47.730877,/muse/eeg,"[0.0, 68.0952380952381, 841.3186813186813, 696.6666666666667]"
2025-11-24T15:58:47.761805,/muse/eeg,"[222.82051282051282, 354.98168498168496, 533.4798534798535, 854.2124542124542]"
2025-11-24T15:58:47.791724,/muse/drlref,"[1622197.802197802, 1596410.2564102563]"
2025-11-24T15:58:47.838980,/muse/eegAux,"[nan, nan, 0.0, 0.0]"
2025-11-24T15:58:47.885059,/muse/eeg,"[774.8351648351648, 167.61904761904762, 915.8608058608058, 848.1684981684982]"
2025-11-24T15:58:47.931435,/muse/eeg,"[870.3296703296703, 169.63369963369965, 171.64835164835165, 775.6410256410256]"
2025-11-24T15:58:47.963152,/muse/eegAux,"[nan, nan, 0.0, 0.0]"
2025-11-24T15:58:48.024601,/muse/eeg,"[538.3150183150183, 129.74358974358975, 0.0, 793.7728937728938]"
2025-11-24T15:58:48.056205,/muse/eeg,"[560.4761904761905, 147.06959706959708, 0.0, 786.1172161172161]"
2025-11-24T15:58:48.134076,/muse/eeg,"[805.8608058608058, 230.0732600732601, 0.0, 809.8901098901099]"
2025-11-24T15:58:48.179621,/muse/eeg,"[815.1282051282052, 174.06593406593407, 0.0, 785.3113553113553]"
2025-11-24T15:58:48.322261,/muse/eegAux,"[nan, nan, 0.0, 0.0]"
2025-11-24T15:58:48.352503,/muse/eeg,"[832.0512820512821, 0.0, 0.0, 789.7435897435897]"
2025-11-24T15:58:48.444215,/muse/eegAux,"[nan, nan, 0.0, 0.0]"
2025-11-24T15:58:48.536523,/muse/eeg,"[776.8498168498169, 228.46153846153848, 0.0, 789.7435897435897]"
2025-11-24T15:58:48.629757,/muse/gyro,"[0.844879150390625, -10.011444091796875, -3.15521240234375]"
2025-11-24T15:58:48.646069,/muse/gyro,"[-8.516082763671875, -12.9498291015625, -7.25250244140625]"
2025-11-24T15:58:48.723603,/muse/elements/beta_relative,"[0.4570372085813913, 0.07602852321866664, 0.35808114004161157, 0.1490549376019696]"
2025-11-24T15:58:48.786188,/muse/eeg,"[797.8021978021978, 460.1465201465202, 551.2087912087912, 782.4908424908425]"
2025-11-24T15:58:48.816822,/muse/gyro,"[-8.545989990234375, -18.8116455078125, -3.940277099609375]"
2025-11-24T15:58:48.894378,/muse/eeg,"[857.8388278388279, 445.23809523809524, 543.1501831501831, 786.1172161172161]"
2025-11-24T15:58:48.987032,/muse/eeg,"[840.5128205128206, 435.970695970696, 721.2454212454213, 799.8168498168499]"
2025-11-24T15:58:49.033711,/muse/eegAux,"[nan, nan, 0.0, 0.0]"
2025-11-24T15:58:49.080477,/muse/acc,"[0.63604736328125, -0.16229248046875, 0.75994873046875]"
2025-11-24T15:58:49.203200,/muse/eeg,"[794.981684981685, 153.51648351648353, 0.0, 774.0293040293041]"
2025-11-24T15:58:49.233988,/muse/elements/beta_absolute,"[1.6636290497778092, 0.5881831259564095, -2.7866814850890833, 0.2813046915522975]"
2025-11-24T15:58:49.264956,/muse/gyro,"[5.63751220703125, -7.155303955078125, -4.852447509765625]"
2025-11-24T15:58:49.357684,/muse/gyro,"[1.0467529296875, -1.734619140625, -7.020721435546875]"
2025-11-24T15:58:49.387925,/muse/gyro,"[-1.68975830078125, -2.572021484375, -7.4169921875]"
2025-11-24T15:58:49.418154,/muse/gyro,"[-2.8411865234375, -4.104766845703125, -6.930999755859375]"
2025-11-24T15:58:49.495379,/muse/eeg,"[805.054945054945, 418.24175824175825, 0.0, 796.1904761904763]"
2025-11-24T15:58:49.557034,/muse/elements/delta_absolute,"[0.5092330022140743, 1.4197223228136284, -3.185283338198744, 0.7268249819340961]"
2025-11-24T15:58:49.619370,/muse/elements/gamma_relative,"[0.15866014655739324, 0.013473064339704662, 0.20909145977338225, 0.053012836098804285]"
2025-11-24T15:58:49.665513,/muse/is_good,"[0.0, 0.0, 0.0, 1.0]"
2025-11-24T15:58:49.712291,/muse/hsi,"[2.0, 2.0, 2.0, 1.0]"
2025-11-24T15:58:49.819692,/muse/acc,"[0.65606689453125, -0.0657958984375, 0.7723388671875]"
2025-11-24T15:58:49.773321,/muse/acc,"[0.65606689453125, -0.0657958984375, 0.7723388671875]"
2025-11-24T15:58:49.927893,/muse/eegAux,"[nan, nan, 0.0, 0.0]"
2025-11-24T15:58:49.990101,/muse/gyro,"[4.68048095703125, -5.09918212890625, 8.53851318359375]"
2025-11-24T15:58:50.052466,/muse/gyro,"[4.29168701171875, -5.420684814453125, 9.01702880859375]"
2025-11-24T15:58:50.083926,/muse/eeg,"[929.96336996337, 581.025641025641, 846.5567765567765, 805.4578754578755]"
2025-11-24T15:58:50.147900,/muse/eeg,"[846.1538461538462, 601.1721611721612, 188.16849816849816, 797.8021978021978]"
2025-11-24T15:58:50.194370,/muse/gyro,"[9.6002197265625, -2.31781005859375, 13.091888427734375]"
2025-11-24T15:58:50.225603,/muse/eeg,"[714.7985347985348, 599.5604395604396, 52.38095238095238, 788.1318681318681]"
2025-11-24T15:58:50.303750,/muse/eeg,"[727.6923076923077, 620.5128205128206, 233.6996336996337, 801.025641025641]"
2025-11-24T15:58:50.334516,/muse/gyro,"[-1.39068603515625, 1.2860107421875, 3.357086181640625]"
2025-11-24T15:58:50.395353,/muse/eegAux,"[nan, nan, 0.0, 0.0]"
2025-11-24T15:58:50.524199,/muse/eegAux,"[nan, nan, 0.0, 0.0]"
2025-11-24T15:58:50.456634,/muse/elements/alpha_absolute,"[1.3103544540614362, 0.9482276841145552, -3.0464130382657006, 0.8675661581986662]"
2025-11-24T15:58:50.564076,/muse/eeg,"[753.0769230769231, 624.945054945055, 1270.8424908424909, 784.5054945054945]"
2025-11-24T15:58:50.659976,/muse/eegAux,"[nan, nan, 0.0, 0.0]"
2025-11-24T15:58:50.752026,/muse/eeg,"[730.9157509157509, 645.4945054945055, 738.5714285714286, 787.7289377289378]"
2025-11-24T15:58:50.845633,/muse/eegAux,"[nan, nan, 0.0, 0.0]"
2025-11-24T15:58:50.960343,/muse/eeg,"[809.0842490842491, 667.6556776556777, 713.5897435897436, 798.6080586080586]"
2025-11-24T15:58:50.908476,/muse/gyro,"[6.497344970703125, 1.54022216796875, 0.291595458984375]"
2025-11-24T15:58:51.016785,/muse/gyro,"[12.433929443359375, -2.27294921875, -3.237457275390625]"
2025-11-24T15:58:51.031718,/muse/eeg,"[726.4835164835165, 676.5201465201466, 710.7692307692308, 799.4139194139194]"
2025-11-24T15:58:51.093962,/muse/eeg,"[732.9304029304029, 662.4175824175825, 832.0512820512821, 797.8021978021978]"
2025-11-24T15:58:51.171353,/muse/eeg,"[723.6630036630037, 680.1465201465202, 855.8241758241759, 792.1611721611722]"
2025-11-24T15:58:51.280034,/muse/eeg,"[743.8095238095239, 684.5787545787546, 734.1391941391942, 798.2051282051282]"
2025-11-24T15:58:51.363877,/muse/gyro,"[5.30853271484375, -1.77947998046875, -24.965057373046875]"
2025-11-24T15:58:51.373613,/muse/gyro,"[-1.854248046875, 12.897491455078125, -44.045867919921875]"
2025-11-24T15:58:51.450837,/muse/eegAux,"[nan, nan, 0.0, 0.0]"
2025-11-24T15:58:51.497429,/muse/eeg,"[452.0879120879121, 676.9230769230769, 334.02930402930406, 776.0439560439561]"
2025-11-24T15:58:51.543166,/muse/gyro,"[-25.069732666015625, 12.299346923828125, -60.405120849609375]"
2025-11-24T15:58:51.605351,/muse/drlref,"[1621391.9413919414, 1596410.2564102563]"
2025-11-24T15:58:51.713492,/muse/drlref,"[1621391.9413919414, 1596410.2564102563]"
2025-11-24T15:58:51.821691,/muse/eegAux,"[nan, nan, 0.0, 0.0]"
2025-11-24T15:58:51.790893,/muse/eegAux,"[nan, nan, 0.0, 0.0]"
2025-11-24T15:58:51.884411,/muse/acc,"[0.3602294921875, 0.310302734375, 0.9061279296875]"
2025-11-24T15:58:51.947263,/muse/gyro,"[-6.871185302734375, 13.6376953125, -22.497711181640625]"
2025-11-24T15:58:51.977504,/muse/gyro,"[-6.871185302734375, 13.6376953125, -22.497711181640625]"
2025-11-24T15:58:52.071277,/muse/elements/delta_absolute,"[0.5092330022140743, 1.4197223228136284, -3.185283338198744, 0.49485269343549876]"
2025-11-24T15:58:52.131957,/muse/eeg,"[751.8681318681319, 703.919413919414, 1198.7179487179487, 788.1318681318681]"
2025-11-24T15:58:52.179070,/muse/eeg,"[766.3736263736264, 699.4871794871796, 1242.6373626373627, 804.6520146520147]"
2025-11-24T15:58:52.257333,/muse/gyro,"[-2.94586181640625, 4.246826171875, 1.652374267578125]"
2025-11-24T15:58:52.288494,/muse/eeg,"[797.8021978021978, 702.3076923076924, 1244.6520146520147, 803.040293040293]"
2025-11-24T15:58:52.340547,/muse/eeg,"[712.3809523809524, 699.8901098901099, 963.4065934065934, 812.3076923076924]"
2025-11-24T15:58:52.481418,/muse/elements/delta_relative,"[0.0320298947061146, 0.5158408740560642, 0.1430143427055729, 0.37286822526148583]"
2025-11-24T15:58:52.449503,/muse/gyro,"[-2.01873779296875, -2.99072265625, 9.73480224609375]"
2025-11-24T15:58:52.528324,/muse/eeg,"[810.2930402930403, 708.3516483516484, 825.6043956043957, 820.7692307692308]"
2025-11-24T15:58:52.604407,/muse/eeg,"[820.7692307692308, 706.3369963369963, 917.8754578754579, 801.025641025641]"
2025-11-24T15:58:52.665255,/muse/elements/alpha_absolute,"[1.3103544540614362, 0.4071794174624478, -3.0464130382657006, 0.45576203471075355]"
2025-11-24T15:58:52.695727,/muse/eeg,"[816.3369963369963, 716.007326007326, 908.6080586080586, 809.8901098901099]"
2025-11-24T15:58:52.790002,/muse/acc,"[0.3812255859375, -0.04815673828125, 0.9000244140625]"
2025-11-24T15:58:52.821245,/muse/eeg,"[809.8901098901099, 709.5604395604396, 921.5018315018315, 808.2783882783883]"
2025-11-24T15:58:52.867297,/muse/eeg,"[790.5494505494506, 701.5018315018315, 844.1391941391942, 807.0695970695971]"
2025-11-24T15:58:52.868296,/muse/eegAux,"[nan, nan, 0.0, 0.0]"
2025-11-24T15:58:52.976138,/muse/eeg,"[921.5018315018315, 725.6776556776557, 662.8205128205128, 809.0842490842491]"
2025-11-24T15:58:53.022757,/muse/eegAux,"[nan, nan, 0.0, 0.0]"
2025-11-24T15:58:53.132650,/muse/eeg,"[475.05494505494505, 682.967032967033, 796.1904761904763, 773.6263736263736]"
2025-11-24T15:58:53.241211,/muse/eeg,"[745.0183150183151, 689.0109890109891, 1185.4212454212454, 796.5934065934066]"
2025-11-24T15:58:53.303253,/muse/eegAux,"[nan, nan, 0.0, 0.0]"
2025-11-24T15:58:53.411963,/muse/eeg,"[903.3699633699634, 709.1575091575091, 894.1025641025641, 813.5164835164835]"
2025-11-24T15:58:53.443059,/muse/gyro,"[78.37188720703125, -17.8546142578125, 205.47012329101562]"
2025-11-24T15:58:53.582215,/muse/elements/theta_absolute,"[1.1787694344635058, 0.3445196967901314, -3.372595035594313, 0.2899249191378584]"
2025-11-24T15:58:53.536399,/muse/eeg,"[989.5970695970697, 714.3956043956044, 580.6227106227107, 896.5201465201466]"
2025-11-24T15:58:53.674186,/muse/gyro,"[56.82373046875, -49.399261474609375, 138.13400268554688]"
2025-11-24T15:58:53.689005,/muse/eeg,"[792.967032967033, 728.0952380952381, 769.5970695970697, 765.5677655677656]"
2025-11-24T15:58:53.797676,/muse/eeg,"[944.4688644688645, 748.6446886446887, 784.5054945054945, 842.9304029304029]"
2025-11-24T15:58:53.905749,/muse/drlref,"[1621391.9413919414, 1596410.2564102563]"
2025-11-24T15:58:53.967604,/muse/eeg,"[789.7435897435897, 728.0952380952381, 745.0183150183151, 794.5787545787546]"
2025-11-24T15:58:54.046672,/muse/eeg,"[821.978021978022, 700.2930402930403, 678.5347985347986, 823.5897435897436]"
2025-11-24T15:58:54.125440,/muse/eeg,"[718.021978021978, 675.3113553113553, 427.50915750915755, 811.9047619047619]"
2025-11-24T15:58:54.203923,/muse/gyro,"[27.55950927734375, 10.519866943359375, 29.38385009765625]"
2025-11-24T15:58:54.250359,/muse/gyro,"[25.353851318359375, 37.974700927734375, 42.06451416015625]"
2025-11-24T15:58:54.351169,/muse/eeg,"[863.0769230769231, 726.4835164835165, 1033.919413919414, 771.6117216117216]"
2025-11-24T15:58:54.297868,/muse/eeg,"[843.3333333333334, 701.9047619047619, 905.7875457875458, 828.4249084249085]"
2025-11-24T15:58:54.391628,/muse/drlref,"[1621391.9413919414, 1596410.2564102563]"
2025-11-24T15:58:54.438338,/muse/drlref,"[1621391.9413919414, 1596410.2564102563]"
2025-11-24T15:58:54.499078,/muse/eeg,"[841.7216117216118, 689.0109890109891, 1517.838827838828, 843.7362637362637]"
2025-11-24T15:58:54.576713,/muse/eeg,"[831.6483516483516, 714.7985347985348, 1216.043956043956, 795.7875457875458]"
2025-11-24T15:58:54.530755,/muse/eeg,"[611.6483516483516, 712.3809523809524, 1610.915750915751, 848.1684981684982]"
2025-11-24T15:58:54.608018,/muse/eeg,"[884.4322344322345, 736.5567765567765, 1386.886446886447, 788.9377289377289]"
2025-11-24T15:58:54.747173,/muse/elements/alpha_absolute,"[1.3103544540614362, 0.3058035969725672, -3.0464130382657006, 1.4984147306116589]"
2025-11-24T15:58:54.794112,/muse/eeg,"[803.040293040293, 716.8131868131868, 1185.8241758241759, 779.6703296703297]"
2025-11-24T15:58:54.841562,/muse/eeg,"[1119.3406593406594, 740.5860805860806, 1431.6117216117216, 830.8424908424909]"
2025-11-24T15:58:54.949145,/muse/eeg,"[1176.959706959707, 740.989010989011, 0.8058608058608059, 846.5567765567765]"
2025-11-24T15:58:55.029229,/muse/eegAux,"[nan, nan, 0.0, 0.0]"
2025-11-24T15:58:55.154985,/muse/eeg,"[697.8754578754579, 730.1098901098901, 1268.8278388278388, 777.2527472527473]"
2025-11-24T15:58:55.185356,/muse/eegAux,"[nan, nan, 0.0, 0.0]"
2025-11-24T15:58:55.326094,/muse/eegAux,"[nan, nan, 0.0, 0.0]"
2025-11-24T15:58:55.388392,/muse/eeg,"[826.8131868131868, 748.2417582417582, 1257.142857142857, 804.6520146520147]"
2025-11-24T15:58:55.435343,/muse/eeg,"[715.6043956043957, 710.7692307692308, 1090.3296703296703, 817.1428571428571]"
2025-11-24T15:58:55.451189,/muse/eeg,"[450.8791208791209, 730.9157509157509, 506.0805860805861, 766.7765567765568]"
2025-11-24T15:58:55.513007,/muse/eeg,"[826.4102564102565, 745.8241758241759, 120.47619047619048, 802.2344322344322]"
2025-11-24T15:58:55.559257,/muse/eeg,"[678.1318681318681, 727.6923076923077, 1322.820512820513, 788.5347985347986]"
2025-11-24T15:58:55.605364,/muse/eeg,"[1094.7619047619048, 725.2747252747253, 1583.919413919414, 862.6739926739926]"
2025-11-24T15:58:55.683440,/muse/eegAux,"[nan, nan, 0.0, 0.0]"
2025-11-24T15:58:55.789881,/muse/eeg,"[979.5238095238095, 727.2893772893773, 1104.835164835165, 822.7838827838829]"
2025-11-24T15:58:55.853220,/muse/eeg,"[894.1025641025641, 722.0512820512821, 1168.095238095238, 819.1575091575091]"
2025-11-24T15:58:55.898802,/muse/eeg,"[796.996336996337, 732.9304029304029, 1217.2527472527472, 807.8754578754579]"
2025-11-24T15:58:55.975630,/muse/elements/alpha_relative,"[0.2026175048188711, 0.17253933380138015, 0.1969018943271207, 0.16021856085469416]"
2025-11-24T15:58:56.005785,/muse/eeg,"[641.0622710622711, 677.7289377289377, 626.1538461538462, 775.6410256410256]"
2025-11-24T15:58:56.083032,/muse/eeg,"[646.3003663003664, 723.2600732600732, 868.3150183150184, 790.5494505494506]"
2025-11-24T15:58:56.145592,/muse/eeg,"[823.5897435897436, 733.3333333333334, 989.1941391941392, 792.5641025641025]"
2025-11-24T15:58:56.254738,/muse/eeg,"[1342.161172161172, 752.2710622710623, 1610.5128205128206, 840.5128205128206]"
2025-11-24T15:58:56.198620,/muse/eeg,"[1622.6007326007327, 780.8791208791209, 1584.7252747252749, 852.6007326007326]"
2025-11-24T15:58:56.345958,/muse/eeg,"[657.1794871794872, 730.9157509157509, 1137.4725274725274, 780.8791208791209]"
2025-11-24T15:58:56.407834,/muse/eeg,"[514.5421245421246, 728.4981684981685, 1091.1355311355312, 772.4175824175825]"
2025-11-24T15:58:56.516037,/muse/elements/alpha_absolute,"[1.3103544540614362, 0.8374263678255119, -3.0464130382657006, 1.4984147306116589]"
2025-11-24T15:58:56.562835,/muse/eeg,"[188.16849816849816, 740.1831501831502, 20.54945054945055, 745.0183150183151]"
2025-11-24T15:58:56.609228,/muse/eegAux,"[nan, nan, 0.0, 0.0]"
2025-11-24T15:58:56.703210,/muse/gyro,"[30.8941650390625, 8.134765625, -7.902984619140625]"
2025-11-24T15:58:56.733867,/muse/eeg,"[1160.03663003663, 707.5457875457876, 1250.6959706959708, 834.0659340659341]"
2025-11-24T15:58:56.795988,/muse/elements/alpha_absolute,"[1.3103544540614362, 0.8374263678255119, -3.0464130382657006, 1.4984147306116589]"
2025-11-24T15:58:56.857524,/muse/eeg,"[703.919413919414, 736.1538461538462, 732.1245421245421, 763.956043956044]"
2025-11-24T15:58:56.918555,/muse/eegAux,"[nan, nan, 0.0, 0.0]"
2025-11-24T15:58:56.995374,/muse/acc,"[-0.17816162109375, 0.1290283203125, 0.913818359375]"
2025-11-24T15:58:57.043234,/muse/eeg,"[109.5970695970696, 725.6776556776557, 775.2380952380953, 751.0622710622711]"
2025-11-24T15:58:57.107418,/muse/eegAux,"[nan, nan, 0.0, 0.0]"
2025-11-24T15:58:57.184943,/muse/gyro,"[-26.06414794921875, 13.11431884765625, -18.490142822265625]"
2025-11-24T15:58:57.246621,/muse/gyro,"[-26.06414794921875, 13.11431884765625, -18.490142822265625]"
2025-11-24T15:58:57.354679,/muse/is_good,"[0.0, 1.0, 0.0, 0.0]"
2025-11-24T15:58:57.454393,/muse/eeg,"[589.0842490842491, 750.2564102564103, 861.8681318681319, 771.6117216117216]"
2025-11-24T15:58:57.524595,/muse/eeg,"[521.7948717948718, 740.989010989011, 881.2087912087912, 775.2380952380953]"
2025-11-24T15:58:57.587038,/muse/eeg,"[129.74358974358975, 748.2417582417582, 1615.7509157509157, 757.5091575091575]"
2025-11-24T15:58:57.633718,/muse/gyro,"[25.772552490234375, 5.30853271484375, -33.458709716796875]"
2025-11-24T15:58:57.679845,/muse/eeg,"[557.2527472527472, 736.959706959707, 1622.6007326007327, 798.2051282051282]"
2025-11-24T15:58:57.757526,/muse/elements/alpha_relative,"[0.2026175048188711, 0.28898147170232386, 0.1969018943271207, 0.16021856085469416]"
2025-11-24T15:58:57.851005,/muse/elements/beta_relative,"[0.4570372085813913, 0.10117451160420671, 0.35808114004161157, 0.0353963729601309]"
2025-11-24T15:58:57.931326,/muse/elements/delta_relative,"[0.0320298947061146, 0.22409874901035787, 0.1430143427055729, 0.46342546603758095]"
2025-11-24T15:58:57.976067,/muse/elements/theta_relative,"[0.14965524533622976, 0.35655645921499685, 0.0929111631523125, 0.3355062275071573]"
2025-11-24T15:58:58.006971,/muse/elements/gamma_relative,"[0.15866014655739324, 0.029188808468114624, 0.20909145977338225, 0.005453372640436652]"
2025-11-24T15:58:58.069815,/muse/eeg,"[819.1575091575091, 755.8974358974359, 0.0, 873.956043956044]"
2025-11-24T15:58:58.116329,/muse/gyro,"[-13.817138671875, 4.53094482421875, -20.000457763671875]"
2025-11-24T15:58:58.177926,/muse/eeg,"[509.3040293040293, 751.8681318681319, 542.7472527472528, 786.9230769230769]"
2025-11-24T15:58:58.285603,/muse/eeg,"[464.57875457875457, 743.0036630036631, 1622.6007326007327, 779.6703296703297]"
2025-11-24T15:58:58.147706,/muse/eegAux,"[nan, nan, 0.0, 0.0]"
2025-11-24T15:58:58.456474,/muse/gyro,"[-42.430877685546875, -7.8955078125, -21.8621826171875]"
2025-11-24T15:58:58.486949,/muse/eeg,"[579.8168498168499, 723.2600732600732, 1616.959706959707, 774.4322344322345]"
2025-11-24T15:58:58.628025,/muse/eeg,"[763.1501831501831, 721.6483516483516, 973.0769230769231, 793.3699633699634]"
2025-11-24T15:58:58.580616,/muse/eegAux,"[nan, nan, 0.0, 0.0]"
2025-11-24T15:58:58.703727,/muse/eeg,"[1052.051282051282, 737.7655677655678, 1185.018315018315, 828.8278388278388]"
2025-11-24T15:58:58.657546,/muse/eegAux,"[nan, nan, 0.0, 0.0]"
2025-11-24T15:58:58.765441,/muse/acc,"[0.00396728515625, -0.07733154296875, 0.978759765625]"
2025-11-24T15:58:58.828397,/muse/elements/beta_absolute,"[1.6636290497778092, 0.7748299536671441, -2.7866814850890833, 0.8426606666701281]"
2025-11-24T15:58:58.874871,/muse/eeg,"[1257.948717948718, 735.7509157509157, 578.2051282051282, 848.974358974359]"
2025-11-24T15:58:58.922507,/muse/eegAux,"[nan, nan, 0.0, 0.0]"
2025-11-24T15:58:59.016802,/muse/gyro,"[-4.777679443359375, -52.50213623046875, -11.237640380859375]"
2025-11-24T15:58:59.079581,/muse/acc,"[0.02484130859375, 0.3023681640625, 1.0133056640625]"
2025-11-24T15:58:59.126913,/muse/acc,"[0.02484130859375, 0.3023681640625, 1.0133056640625]"
2025-11-24T15:58:59.218931,/muse/eeg,"[826.8131868131868, 737.3626373626374, 182.93040293040295, 800.6227106227107]"
2025-11-24T15:58:59.249421,/muse/gyro,"[-13.26385498046875, -6.62445068359375, 7.588958740234375]"
2025-11-24T15:58:59.325916,/muse/gyro,"[-14.437713623046875, -1.921539306640625, 11.14044189453125]"
2025-11-24T15:58:59.373191,/muse/gyro,"[-13.779754638671875, 2.22808837890625, 15.29754638671875]"
2025-11-24T15:58:59.433631,/muse/eeg,"[1059.7069597069597, 766.3736263736264, 1586.739926739927, 829.2307692307693]"
2025-11-24T15:58:59.465270,/muse/drlref,"[1621391.9413919414, 1596410.2564102563]"
2025-11-24T15:58:59.496886,/muse/eeg,"[1180.5860805860807, 768.3882783882784, 1409.85347985348, 821.978021978022]"
2025-11-24T15:58:59.527690,/muse/elements/delta_absolute,"[0.5092330022140743, 1.1225469007606284, -3.185283338198744, 1.959681799544169]"
2025-11-24T15:58:59.667672,/muse/eeg,"[836.4835164835165, 719.6336996336996, 869.5238095238095, 804.6520146520147]"
2025-11-24T15:58:59.587999,/muse/eeg,"[867.9120879120879, 760.7326007326008, 1457.802197802198, 781.6849816849817]"
2025-11-24T15:58:59.729544,/muse/eeg,"[555.6410256410256, 745.0183150183151, 545.5677655677656, 772.014652014652]"
2025-11-24T15:58:59.854881,/muse/eegAux,"[nan, nan, 0.0, 0.0]"
2025-11-24T15:58:59.792220,/muse/elements/alpha_absolute,"[1.3103544540614362, 0.7506155931213548, -3.0464130382657006, 1.4984147306116589]"
2025-11-24T15:58:59.903189,/muse/gyro,"[14.13116455078125, 9.368438720703125, -13.338623046875]"
2025-11-24T15:59:00.011665,/muse/elements/delta_absolute,"[0.5092330022140743, 0.732318059516627, -3.185283338198744, 1.959681799544169]"
2025-11-24T15:59:00.043059,/muse/eeg,"[807.0695970695971, 736.5567765567765, 1214.029304029304, 756.3003663003664]"
2025-11-24T15:59:00.120365,/muse/eeg,"[835.2747252747253, 763.956043956044, 1246.2637362637363, 807.0695970695971]"
2025-11-24T15:59:00.197213,/muse/elements/alpha_absolute,"[1.3103544540614362, 0.7506155931213548, -3.0464130382657006, 1.4984147306116589]"
2025-11-24T15:59:00.258908,/muse/acc,"[-0.2255859375, -0.04913330078125, 0.9815673828125]"
2025-11-24T15:59:00.274581,/muse/gyro,"[-2.878570556640625, -43.3953857421875, -20.449066162109375]"
2025-11-24T15:59:00.366156,/muse/eeg,"[874.3589743589744, 826.4102564102565, 766.7765567765568, 695.8608058608058]"
2025-11-24T15:59:00.443160,/muse/eeg,"[921.0989010989011, 784.5054945054945, 759.92673992674, 799.4139194139194]"
2025-11-24T15:59:00.473112,/muse/eegAux,"[nan, nan, 0.0, 0.0]"
2025-11-24T15:59:00.550122,/muse/eeg,"[861.0622710622711, 753.0769230769231, 977.5091575091575, 875.9706959706959]"
2025-11-24T15:59:00.580425,/muse/elements/gamma_relative,"[0.15866014655739324, 0.057010934094342255, 0.20909145977338225, 0.005453372640436652]"
2025-11-24T15:59:00.641821,/muse/eegAux,"[nan, nan, 0.0, 0.0]"
2025-11-24T15:59:00.718475,/muse/acc,"[-0.0872802734375, 0.0537109375, 0.981201171875]"
2025-11-24T15:59:00.765899,/muse/eeg,"[905.3846153846154, 773.6263736263736, 737.3626373626374, 818.3516483516484]"
2025-11-24T15:59:00.781497,/muse/eeg,"[914.2490842490843, 726.886446886447, 695.054945054945, 775.6410256410256]"
2025-11-24T15:59:00.812637,/muse/eeg,"[914.6520146520147, 755.0915750915751, 494.39560439560444, 759.92673992674]"
2025-11-24T15:59:00.889670,/muse/gyro,"[14.527435302734375, -53.0255126953125, -6.80389404296875]"
2025-11-24T15:59:01.060792,/muse/eegAux,"[nan, nan, 0.0, 0.0]"
675994873046875, -4.867401123046875]"
2025-11-24T15:59:01.092307,/muse/eeg,"[791.3553113553114, 731.7216117216118, 888.4615384615385, 744.6153846153846]"
2025-11-24T15:59:01.122372,/muse/eeg,"[814.7252747252747, 731.7216117216118, 925.5311355311355, 747.032967032967]"
2025-11-24T15:59:01.137560,/muse/eeg,"[879.1941391941392, 741.3919413919414, 830.8424908424909, 766.3736263736264]"
2025-11-24T15:59:01.167825,/muse/eegAux,"[nan, nan, 0.0, 0.0]"
2025-11-24T15:59:01.230288,/muse/eegAux,"[nan, nan, 0.0, 0.0]"
2025-11-24T15:59:01.291773,/muse/eeg,"[817.5457875457876, 716.8131868131868, 502.4542124542125, 809.4871794871796]"
2025-11-24T15:59:01.418222,/muse/eegAux,"[nan, nan, 0.0, 0.0]"
2025-11-24T15:59:01.449402,/muse/eeg,"[820.7692307692308, 727.6923076923077, 618.0952380952381, 811.5018315018315]"
2025-11-24T15:59:01.479901,/muse/eegAux,"[nan, nan, 0.0, 0.0]"
2025-11-24T15:59:01.527013,/muse/eegAux,"[nan, nan, 0.0, 0.0]"
2025-11-24T15:59:01.652311,/muse/eeg,"[833.6630036630037, 776.0439560439561, 618.4981684981685, 795.3846153846154]"
2025-11-24T15:59:01.698977,/muse/eeg,"[809.8901098901099, 734.945054945055, 606.007326007326, 783.2967032967033]"
2025-11-24T15:59:01.777339,/muse/eegAux,"[nan, nan, 0.0, 0.0]"
2025-11-24T15:59:01.824454,/muse/gyro,"[1.024322509765625, -22.8790283203125, 2.385101318359375]"
2025-11-24T15:59:01.979719,/muse/eegAux,"[nan, nan, 0.0, 0.0]"
2025-11-24T15:59:02.026557,/muse/drlref,"[1620586.0805860804, 1596410.2564102563]"
2025-11-24T15:59:02.105365,/muse/eeg,"[810.2930402930403, 755.4945054945055, 753.4798534798535, 791.7582417582418]"
2025-11-24T15:59:02.215934,/muse/eegAux,"[nan, nan, 0.0, 0.0]"
2025-11-24T15:59:02.277207,/muse/eeg,"[793.3699633699634, 715.2014652014652, 787.7289377289378, 791.7582417582418]"
2025-11-24T15:59:02.339237,/muse/eeg,"[793.3699633699634, 747.4358974358975, 709.9633699633699, 774.0293040293041]"
2025-11-24T15:59:02.386437,/muse/gyro,"[8.433837890625, 5.78704833984375, 15.035858154296875]"
2025-11-24T15:59:02.449024,/muse/eeg,"[786.1172161172161, 765.9706959706959, 770.8058608058608, 801.8315018315019]"
2025-11-24T15:59:02.417288,/muse/gyro,"[12.658233642578125, 6.08612060546875, 5.405731201171875]"
2025-11-24T15:59:02.464970,/muse/eeg,"[798.2051282051282, 738.974358974359, 737.3626373626374, 784.9084249084249]"
2025-11-24T15:59:02.557130,/muse/eeg,"[799.4139194139194, 758.3150183150184, 805.8608058608058, 791.7582417582418]"
2025-11-24T15:59:02.572191,/muse/eeg,"[763.5531135531136, 742.6007326007326, 726.886446886447, 804.6520146520147]"
2025-11-24T15:59:02.619289,/muse/elements/alpha_absolute,"[1.3103544540614362, 0.7387188731435155, -3.0464130382657006, 1.4984147306116589]"
2025-11-24T15:59:02.680561,/muse/eeg,"[832.0512820512821, 742.1978021978023, 680.952380952381, 809.4871794871796]"
2025-11-24T15:59:02.742419,/muse/eegAux,"[nan, nan, 0.0, 0.0]"
2025-11-24T15:59:02.821507,/muse/eeg,"[811.5018315018315, 743.4065934065934, 761.1355311355312, 796.996336996337]"
2025-11-24T15:59:02.868826,/muse/eeg,"[754.6886446886447, 753.8827838827839, 762.3443223443223, 757.9120879120879]"
2025-11-24T15:59:02.931096,/muse/eeg,"[756.3003663003664, 738.1684981684982, 805.054945054945, 761.941391941392]"
2025-11-24T15:59:03.025544,/muse/eeg,"[742.6007326007326, 737.3626373626374, 787.7289377289378, 794.5787545787546]"
2025-11-24T15:59:03.072386,/muse/eeg,"[780.0732600732601, 732.9304029304029, 761.5384615384615, 778.8644688644689]"
2025-11-24T15:59:03.164933,/muse/eeg,"[799.8168498168499, 712.3809523809524, 716.4102564102565, 775.2380952380953]"
2025-11-24T15:59:03.228476,/muse/gyro,"[7.917938232421875, 6.542205810546875, 46.595458984375]"
2025-11-24T15:59:03.259706,/muse/eegAux,"[nan, nan, 0.0, 0.0]"
2025-11-24T15:59:03.321474,/muse/elements/theta_relative,"[0.14965524533622976, 0.2289898975425503, 0.0929111631523125, 0.3355062275071573]"
2025-11-24T15:59:03.430443,/muse/eeg,"[735.7509157509157, 740.989010989011, 682.5641025641025, 755.0915750915751]"
2025-11-24T15:59:03.477824,/muse/eeg,"[719.6336996336996, 741.3919413919414, 701.0989010989011, 770.0]"
2025-11-24T15:59:03.584405,/muse/eeg,"[792.1611721611722, 753.0769230769231, 764.7619047619048, 789.3406593406594]"
2025-11-24T15:59:03.647534,/muse/eeg,"[854.6153846153846, 805.054945054945, 654.3589743589744, 825.6043956043957]"
2025-11-24T15:59:03.710993,/muse/eeg,"[880.4029304029305, 768.3882783882784, 649.5238095238095, 821.978021978022]"
2025-11-24T15:59:03.773978,/muse/eeg,"[733.7362637362637, 738.1684981684982, 681.7582417582418, 800.6227106227107]"
2025-11-24T15:59:03.868191,/muse/eeg,"[730.9157509157509, 741.3919413919414, 680.1465201465202, 821.1721611721612]"
2025-11-24T15:59:03.961509,/muse/gyro,"[15.005950927734375, 1.727142333984375, -4.807586669921875]"
2025-11-24T15:59:04.007590,/muse/eegAux,"[nan, nan, 0.0, 0.0]"
2025-11-24T15:59:04.147308,/muse/gyro,"[9.31610107421875, -2.61688232421875, -13.704986572265625]"
2025-11-24T15:59:04.084749,/muse/eeg,"[779.2673992673992, 740.5860805860806, 716.007326007326, 783.6996336996338]"
2025-11-24T15:59:04.178140,/muse/gyro,"[10.624542236328125, -5.151519775390625, -16.486358642578125]"
2025-11-24T15:59:04.286871,/muse/eegAux,"[nan, nan, 0.0, 0.0]"
2025-11-24T15:59:04.240215,/muse/gyro,"[12.6507568359375, -11.357269287109375, -17.15179443359375]"
2025-11-24T15:59:04.363895,/muse/eeg,"[723.2600732600732, 747.8388278388279, 906.996336996337, 780.0732600732601]"
2025-11-24T15:59:04.442690,/muse/eeg,"[666.4468864468864, 772.4175824175825, 880.0, 761.5384615384615]"
2025-11-24T15:59:04.474672,/muse/eeg,"[431.94139194139194, 779.6703296703297, 867.1062271062272, 755.8974358974359]"
2025-11-24T15:59:04.522021,/muse/gyro,"[17.6153564453125, -16.13494873046875, -49.279632568359375]"
2025-11-24T15:59:04.553397,/muse/elements/delta_absolute,"[0.5092330022140743, 0.8050100684823432, -3.185283338198744, 1.959681799544169]"
2025-11-24T15:59:04.599809,/muse/gyro,"[9.58526611328125, -18.37799072265625, -34.07928466796875]"
2025-11-24T15:59:04.630904,/muse/eeg,"[727.2893772893773, 728.901098901099, 744.6153846153846, 754.6886446886447]"
2025-11-24T15:59:04.678124,/muse/eegAux,"[nan, nan, 0.0, 0.0]"
2025-11-24T15:59:04.709692,/muse/eeg,"[786.1172161172161, 755.8974358974359, 791.7582417582418, 791.3553113553114]"
2025-11-24T15:59:04.772092,/muse/eeg,"[174.46886446886447, 747.032967032967, 866.7032967032967, 755.0915750915751]"
2025-11-24T15:59:04.833800,/muse/eegAux,"[nan, nan, 0.0, 0.0]"
2025-11-24T15:59:04.880062,/muse/gyro,"[3.22998046875, -6.258087158203125, -6.332855224609375]"
2025-11-24T15:59:04.956769,/muse/gyro,"[6.0711669921875, -10.63201904296875, -2.82623291015625]"
2025-11-24T15:59:05.172840,/muse/gyro,"[0.2093505859375, -2.1234130859375, -15.619049072265625]"
2025-11-24T15:59:05.111137,/muse/eeg,"[1415.0915750915751, 757.1062271062272, 929.96336996337, 872.7472527472528]"
2025-11-24T15:59:05.188100,/muse/eeg,"[626.959706959707, 746.2271062271062, 1102.4175824175825, 819.1575091575091]"
2025-11-24T15:59:05.266864,/muse/eeg,"[762.3443223443223, 721.2454212454213, 967.032967032967, 864.6886446886447]"
2025-11-24T15:59:05.392185,/muse/eegAux,"[nan, nan, 0.0, 0.0]"
2025-11-24T15:59:05.475232,/muse/eeg,"[804.2490842490843, 713.992673992674, 823.5897435897436, 859.4505494505495]"
2025-11-24T15:59:05.504510,/muse/acc,"[-0.207275390625, -0.04156494140625, 0.9453125]"
2025-11-24T15:59:05.551046,/muse/eeg,"[626.5567765567765, 733.7362637362637, 817.948717948718, 800.6227106227107]"
2025-11-24T15:59:05.582285,/muse/gyro,"[13.56292724609375, -15.1629638671875, 30.153961181640625]"
2025-11-24T15:59:05.675846,/muse/eeg,"[671.6849816849817, 739.7802197802198, 781.2820512820513, 752.2710622710623]"
2025-11-24T15:59:05.738778,/muse/eeg,"[688.2051282051282, 736.1538461538462, 813.919413919414, 747.8388278388279]"
2025-11-24T15:59:05.707292,/muse/eeg,"[669.2673992673992, 762.3443223443223, 794.1758241758242, 693.040293040293]"
2025-11-24T15:59:05.785519,/muse/eeg,"[620.5128205128206, 750.2564102564103, 774.4322344322345, 778.4615384615385]"
2025-11-24T15:59:05.846852,/muse/eeg,"[549.5970695970697, 760.3296703296703, 749.047619047619, 776.4468864468864]"
2025-11-24T15:59:05.940110,/muse/eeg,"[386.4102564102564, 761.5384615384615, 758.7179487179487, 772.4175824175825]"
2025-11-24T15:59:06.049811,/muse/eeg,"[489.1575091575092, 790.1465201465202, 905.3846153846154, 753.8827838827839]"
2025-11-24T15:59:06.126112,/muse/eeg,"[814.7252747252747, 809.8901098901099, 896.5201465201466, 754.2857142857143]"
2025-11-24T15:59:06.172453,/muse/eegAux,"[nan, nan, 0.0, 0.0]"
2025-11-24T15:59:06.282058,/muse/elements/theta_absolute,"[1.1787694344635058, 0.7035765653277086, -3.372595035594313, 1.8194024899428876]"
2025-11-24T15:59:06.313379,/muse/acc,"[-0.09893798828125, 0.514404296875, 1.0306396484375]"
2025-11-24T15:59:06.405646,/muse/eegAux,"[nan, nan, 0.0, 0.0]"
2025-11-24T15:59:06.359797,/muse/eeg,"[1068.5714285714287, 843.3333333333334, 1206.7765567765568, 747.4358974358975]"
2025-11-24T15:59:06.451512,/muse/eeg,"[972.2710622710623, 907.8021978021978, 1622.1978021978023, 663.2234432234433]"
2025-11-24T15:59:06.466523,/muse/eeg,"[954.945054945055, 986.3736263736264, 1622.6007326007327, 693.040293040293]"
2025-11-24T15:59:06.513136,/muse/eegAux,"[nan, nan, 0.0, 0.0]"
2025-11-24T15:59:06.559199,/muse/eeg,"[903.7728937728938, 914.2490842490843, 1622.6007326007327, 738.974358974359]"
2025-11-24T15:59:06.605435,/muse/gyro,"[-37.899932861328125, -10.504913330078125, -58.06488037109375]"
2025-11-24T15:59:06.713380,/muse/eeg,"[1189.85347985348, 720.0366300366301, 1622.6007326007327, 936.4102564102565]"
2025-11-24T15:59:06.744697,/muse/acc,"[-0.1009521484375, 0.0416259765625, 0.96197509765625]"
2025-11-24T15:59:06.870895,/muse/eeg,"[1004.5054945054945, 709.5604395604396, 1357.4725274725274, 874.7619047619048]"
2025-11-24T15:59:06.791903,/muse/eeg,"[1084.6886446886447, 803.4432234432235, 1343.3699633699634, 828.021978021978]"
2025-11-24T15:59:07.009503,/muse/eegAux,"[nan, nan, 0.0, 0.0]"
2025-11-24T15:59:07.056848,/muse/gyro,"[0.560760498046875, 0.276641845703125, -40.098114013671875]"
2025-11-24T15:59:07.086920,/muse/gyro,"[6.138458251953125, 9.5703125, -29.17449951171875]"
2025-11-24T15:59:07.149967,/muse/acc,"[-0.0693359375, 0.10223388671875, 0.9229736328125]"
2025-11-24T15:59:07.289546,/muse/eeg,"[853.0036630036631, 804.2490842490843, 758.7179487179487, 821.978021978022]"
2025-11-24T15:59:07.212222,/muse/eegAux,"[nan, nan, 0.0, 0.0]"
2025-11-24T15:59:07.336761,/muse/elements/alpha_absolute,"[1.3103544540614362, 0.7387188731435155, -3.0464130382657006, 1.4984147306116589]"
2025-11-24T15:59:07.398845,/muse/drlref,"[1620586.0805860804, 1596410.2564102563]"
2025-11-24T15:59:07.477573,/muse/drlref,"[1620586.0805860804, 1596410.2564102563]"
2025-11-24T15:59:07.539821,/muse/acc,"[-0.001220703125, -0.0208740234375, 0.85516357421875]"
2025-11-24T15:59:07.602908,/muse/eeg,"[730.1098901098901, 854.6153846153846, 774.8351648351648, 796.1904761904763]"
2025-11-24T15:59:07.680943,/muse/eegAux,"[nan, nan, 0.0, 0.0]"
2025-11-24T15:59:07.727616,/muse/gyro,"[-16.770477294921875, -16.456451416015625, 110.8660888671875]"
2025-11-24T15:59:07.790223,/muse/gyro,"[-16.770477294921875, -16.456451416015625, 110.8660888671875]"
2025-11-24T15:59:07.853384,/muse/acc,"[-0.08734130859375, -0.165283203125, 0.96820068359375]"
2025-11-24T15:59:07.869042,/muse/acc,"[-0.08734130859375, -0.165283203125, 0.96820068359375]"
2025-11-24T15:59:07.961955,/muse/eegAux,"[nan, nan, 0.0, 0.0]"
2025-11-24T15:59:07.930632,/muse/eeg,"[687.8021978021978, 743.4065934065934, 679.3406593406594, 653.1501831501831]"
2025-11-24T15:59:08.054205,/muse/eeg,"[790.952380952381, 727.6923076923077, 1148.7545787545787, 802.6373626373627]"
2025-11-24T15:59:08.069869,/muse/gyro,"[2.04864501953125, 3.551483154296875, -18.011627197265625]"
2025-11-24T15:59:08.148377,/muse/gyro,"[-7.9852294921875, -8.2843017578125, -53.571319580078125]"
2025-11-24T15:59:08.226649,/muse/eeg,"[1012.967032967033, 1055.6776556776558, 1622.1978021978023, 771.6117216117216]"
2025-11-24T15:59:08.381699,/muse/eeg,"[865.0915750915751, 1103.2234432234432, 1622.1978021978023, 740.989010989011]"
2025-11-24T15:59:08.318574,/muse/eegAux,"[nan, nan, 0.0, 0.0]"
2025-11-24T15:59:08.458039,/muse/gyro,"[-23.140716552734375, -27.432403564453125, -85.84121704101562]"
2025-11-24T15:59:08.427147,/muse/eegAux,"[nan, nan, 0.0, 0.0]"
2025-11-24T15:59:08.505325,/muse/eeg,"[836.886446886447, 1259.5604395604396, 1508.5714285714287, 893.2967032967033]"
2025-11-24T15:59:08.582857,/muse/eegAux,"[nan, nan, 0.0, 0.0]"
2025-11-24T15:59:08.661138,/muse/eeg,"[955.3479853479854, 709.1575091575091, 1400.989010989011, 818.3516483516484]"
2025-11-24T15:59:08.756483,/muse/eeg,"[959.7802197802198, 716.4102564102565, 1328.4615384615386, 813.919413919414]"
2025-11-24T15:59:08.818478,/muse/eegAux,"[nan, nan, 0.0, 0.0]"
2025-11-24T15:59:08.896421,/muse/eeg,"[628.974358974359, 726.886446886447, 1172.5274725274726, 799.8168498168499]"
2025-11-24T15:59:08.975331,/muse/eegAux,"[nan, nan, 0.0, 0.0]"
2025-11-24T15:59:09.037470,/muse/eeg,"[658.7912087912088, 735.7509157509157, 1172.5274725274726, 790.1465201465202]"
2025-11-24T15:59:09.210039,/muse/eeg,"[699.8901098901099, 773.2234432234433, 1145.934065934066, 795.3846153846154]"
2025-11-24T15:59:09.100007,/muse/eeg,"[710.7692307692308, 746.2271062271062, 1164.4688644688645, 788.9377289377289]"
2025-11-24T15:59:09.304874,/muse/hsi,"[2.0, 2.0, 1.0, 2.0]"
2025-11-24T15:59:09.397479,/muse/drlref,"[1620586.0805860804, 1596410.2564102563]"
2025-11-24T15:59:09.443754,/muse/gyro,"[8.501129150390625, -1.55517578125, -65.60897827148438]"
2025-11-24T15:59:09.506881,/muse/gyro,"[8.501129150390625, -1.55517578125, -65.60897827148438]"
2025-11-24T15:59:09.537731,/muse/gyro,"[8.501129150390625, -1.55517578125, -65.60897827148438]"
2025-11-24T15:59:09.600364,/muse/drlref,"[1620586.0805860804, 1596410.2564102563]"
2025-11-24T15:59:09.678529,/muse/drlref,"[1620586.0805860804, 1596410.2564102563]"
2025-11-24T15:59:09.708524,/muse/drlref,"[1620586.0805860804, 1596410.2564102563]"
2025-11-24T15:59:09.786128,/muse/drlref,"[1620586.0805860804, 1596410.2564102563]"
2025-11-24T15:59:09.817701,/muse/gyro,"[6.92352294921875, -1.2860107421875, -42.610321044921875]"
2025-11-24T15:59:09.926103,/muse/eeg,"[820.7692307692308, 746.6300366300367, 1019.8168498168499, 814.3223443223443]"
2025-11-24T15:59:09.957491,/muse/eegAux,"[nan, nan, 0.0, 0.0]"
2025-11-24T15:59:10.036113,/muse/eeg,"[794.1758241758242, 736.5567765567765, 829.6336996336996, 805.8608058608058]"
2025-11-24T15:59:10.066779,/muse/eeg,"[730.9157509157509, 745.0183150183151, 719.6336996336996, 785.7142857142858]"
2025-11-24T15:59:10.160631,/muse/eeg,"[787.7289377289378, 759.5238095238095, 735.7509157509157, 773.6263736263736]"
2025-11-24T15:59:10.285591,/muse/is_good,"[0.0, 0.0, 0.0, 0.0]"
2025-11-24T15:59:10.331863,/muse/eeg,"[738.974358974359, 888.8644688644689, 618.901098901099, 764.3589743589744]"
2025-11-24T15:59:10.378131,/muse/eeg,"[749.8534798534798, 809.0842490842491, 525.8241758241759, 778.8644688644689]"
2025-11-24T15:59:10.424216,/muse/eegAux,"[nan, nan, 0.0, 0.0]"
2025-11-24T15:59:10.455572,/muse/eeg,"[789.3406593406594, 833.6630036630037, 853.8095238095239, 754.2857142857143]"
2025-11-24T15:59:10.579237,/muse/elements/delta_relative,"[0.0320298947061146, 0.2892343211273315, 0.1430143427055729, 0.46342546603758095]"
2025-11-24T15:59:10.547359,/muse/eegAux,"[nan, nan, 0.0, 0.0]"
2025-11-24T15:59:10.626255,/muse/eegAux,"[nan, nan, 0.0, 0.0]"
2025-11-24T15:59:10.610242,/muse/eeg,"[778.0586080586081, 1130.2197802197802, 465.7875457875458, 761.941391941392]"
2025-11-24T15:59:10.687635,/muse/elements/alpha_absolute,"[1.3103544540614362, 0.7387188731435155, -3.0464130382657006, 1.4984147306116589]"
2025-11-24T15:59:10.734926,/muse/eeg,"[766.3736263736264, 745.4212454212454, 0.0, 765.9706959706959]"
2025-11-24T15:59:10.828116,/muse/gyro,"[4.20196533203125, -0.79254150390625, 6.759033203125]"
2025-11-24T15:59:10.843685,/muse/eeg,"[765.5677655677656, 717.2161172161173, 0.0, 777.6556776556777]"
2025-11-24T15:59:10.906780,/muse/eeg,"[797.3992673992674, 751.0622710622711, 0.0, 794.5787545787546]"
2025-11-24T15:59:10.937902,/muse/eeg,"[794.1758241758242, 754.6886446886447, 0.0, 788.5347985347986]"
2025-11-24T15:59:11.030217,/muse/eegAux,"[nan, nan, 0.0, 0.0]"
2025-11-24T15:59:11.092536,/muse/eeg,"[650.7326007326008, 717.2161172161173, 0.0, 774.0293040293041]"
2025-11-24T15:59:11.218309,/muse/eeg,"[757.9120879120879, 661.2087912087912, 166.81318681318683, 804.6520146520147]"
2025-11-24T15:59:11.296605,/muse/eegAux,"[nan, nan, 0.0, 0.0]"
2025-11-24T15:59:11.342704,/muse/eegAux,"[nan, nan, 0.0, 0.0]"
2025-11-24T15:59:11.404712,/muse/gyro,"[2.878570556640625, -3.656158447265625, 15.11810302734375]"
2025-11-24T15:59:11.499352,/muse/gyro,"[2.878570556640625, -3.656158447265625, 15.11810302734375]"
2025-11-24T15:59:11.546897,/muse/eeg,"[785.7142857142858, 697.4725274725275, 384.3956043956044, 782.893772893773]"
2025-11-24T15:59:11.609050,/muse/gyro,"[5.749664306640625, -2.893524169921875, 48.621673583984375]"
2025-11-24T15:59:11.656272,/muse/hsi,"[1.0, 1.0, 1.0, 1.0]"
2025-11-24T15:59:11.702391,/muse/gyro,"[13.869476318359375, 1.00189208984375, 83.42620849609375]"
2025-11-24T15:59:11.734127,/muse/eeg,"[742.6007326007326, 685.3846153846154, 618.0952380952381, 789.3406593406594]"
2025-11-24T15:59:11.827125,/muse/eeg,"[788.9377289377289, 715.2014652014652, 602.7838827838827, 782.4908424908425]"
2025-11-24T15:59:11.764052,/muse/eegAux,"[nan, nan, 0.0, 0.0]"
2025-11-24T15:59:11.903755,/muse/eegAux,"[nan, nan, 0.0, 0.0]"
2025-11-24T15:59:11.966069,/muse/gyro,"[15.62652587890625, -4.5458984375, 66.573486328125]"
2025-11-24T15:59:11.997384,/muse/eeg,"[1003.6996336996338, 713.992673992674, 594.7252747252747, 849.3772893772895]"
2025-11-24T15:59:12.075109,/muse/eeg,"[876.3736263736264, 723.6630036630037, 652.3443223443223, 841.3186813186813]"
2025-11-24T15:59:12.121102,/muse/gyro,"[15.83587646484375, -7.484283447265625, 45.877685546875]"
2025-11-24T15:59:12.214125,/muse/eeg,"[705.1282051282052, 738.974358974359, 643.0769230769231, 782.893772893773]"
2025-11-24T15:59:12.275575,/muse/acc,"[0.052490234375, -0.02337646484375, 1.0343017578125]"
2025-11-24T15:59:12.322043,/muse/acc,"[0.052490234375, -0.02337646484375, 1.0343017578125]"
2025-11-24T15:59:12.352773,/muse/elements/theta_absolute,"[1.1787694344635058, 0.7035765653277086, -3.372595035594313, 0.5775321082421612]"
2025-11-24T15:59:12.428745,/muse/eeg,"[753.0769230769231, 714.7985347985348, 666.0439560439561, 801.025641025641]"
2025-11-24T15:59:12.460096,/muse/eeg,"[808.6813186813187, 719.6336996336996, 726.4835164835165, 794.981684981685]"
2025-11-24T15:59:12.521607,/muse/gyro,"[11.065673828125, -10.564727783203125, 13.92181396484375]"
2025-11-24T15:59:12.614898,/muse/eegAux,"[nan, nan, 0.0, 0.0]"
2025-11-24T15:59:12.693950,/muse/gyro,"[4.0673828125, -7.065582275390625, -4.358978271484375]"
2025-11-24T15:59:12.646539,/muse/eeg,"[814.7252747252747, 738.5714285714286, 629.7802197802198, 776.8498168498169]"
2025-11-24T15:59:12.740861,/muse/eeg,"[828.8278388278388, 725.6776556776557, 719.6336996336996, 782.0879120879121]"
2025-11-24T15:59:12.834085,/muse/eeg,"[754.6886446886447, 722.8571428571429, 746.2271062271062, 826.4102564102565]"
2025-11-24T15:59:12.880560,/muse/eeg,"[823.5897435897436, 707.948717948718, 716.007326007326, 792.1611721611722]"
2025-11-24T15:59:13.069420,/muse/eegAux,"[nan, nan, 0.0, 0.0]"
2025-11-24T15:59:13.006831,/muse/eeg,"[768.3882783882784, 741.3919413919414, 731.3186813186813, 808.6813186813187]"
2025-11-24T15:59:13.147608,/muse/eeg,"[808.6813186813187, 738.974358974359, 726.886446886447, 809.0842490842491]"
2025-11-24T15:59:13.226126,/muse/eegAux,"[nan, nan, 0.0, 0.0]"
2025-11-24T15:59:13.271453,/muse/eeg,"[792.5641025641025, 711.978021978022, 767.985347985348, 823.992673992674]"
2025-11-24T15:59:13.301671,/muse/eeg,"[786.9230769230769, 758.3150183150184, 663.6263736263736, 802.2344322344322]"
2025-11-24T15:59:13.348254,/muse/eeg,"[807.4725274725275, 755.0915750915751, 693.040293040293, 818.7545787545788]"
2025-11-24T15:59:13.379404,/muse/eeg,"[776.0439560439561, 733.3333333333334, 599.1575091575091, 785.3113553113553]"
2025-11-24T15:59:13.473259,/muse/eeg,"[807.4725274725275, 705.1282051282052, 0.0, 797.3992673992674]"
2025-11-24T15:59:13.504236,/muse/eegAux,"[nan, nan, 0.0, 0.0]"
2025-11-24T15:59:13.582132,/muse/eeg,"[755.4945054945055, 711.1721611721612, 381.17216117216117, 827.2161172161173]"
2025-11-24T15:59:13.705653,/muse/eeg,"[716.8131868131868, 686.1904761904763, 523.0036630036631, 801.025641025641]"
2025-11-24T15:59:13.736932,/muse/acc,"[-0.0740966796875, 0.048583984375, 0.99346923828125]"
2025-11-24T15:59:13.799041,/muse/eeg,"[771.6117216117216, 714.3956043956044, 913.8461538461539, 807.0695970695971]"
2025-11-24T15:59:13.845690,/muse/eeg,"[781.2820512820513, 701.0989010989011, 753.8827838827839, 811.5018315018315]"
2025-11-24T15:59:13.892655,/muse/eeg,"[790.1465201465202, 707.5457875457876, 739.3772893772893, 817.1428571428571]"
2025-11-24T15:59:13.907615,/muse/eegAux,"[nan, nan, 0.0, 0.0]"
2025-11-24T15:59:13.969137,/muse/eegAux,"[nan, nan, 0.0, 0.0]"
2025-11-24T15:59:14.047208,/muse/eeg,"[806.6666666666667, 696.2637362637363, 720.8424908424909, 800.6227106227107]"
2025-11-24T15:59:14.094972,/muse/eeg,"[811.9047619047619, 705.1282051282052, 749.4505494505495, 779.6703296703297]"
2025-11-24T15:59:14.126479,/muse/eegAux,"[nan, nan, 0.0, 0.0]"
2025-11-24T15:59:14.203358,/muse/gyro,"[2.400054931640625, -14.71435546875, 10.878753662109375]"
2025-11-24T15:59:14.265817,/muse/eeg,"[811.0989010989011, 722.4542124542124, 752.2710622710623, 771.6117216117216]"
2025-11-24T15:59:14.234666,/muse/gyro,"[2.400054931640625, -14.71435546875, 10.878753662109375]"
2025-11-24T15:59:14.328427,/muse/gyro,"[4.239349365234375, -11.14044189453125, 18.6920166015625]"
2025-11-24T15:59:14.391458,/muse/eegAux,"[nan, nan, 0.0, 0.0]"
2025-11-24T15:59:14.438946,/muse/acc,"[-0.14276123046875, -0.00030517578125, 0.9818115234375]"
2025-11-24T15:59:14.500692,/muse/elements/delta_absolute,"[0.5092330022140743, 0.8050100684823432, -3.185283338198744, 0.575086559264689]"
2025-11-24T15:59:14.579789,/muse/eegAux,"[nan, nan, 0.0, 0.0]"
2025-11-24T15:59:14.657419,/muse/elements/alpha_absolute,"[1.3103544540614362, 0.7387188731435155, -3.0464130382657006, 0.6166852116662023]"
2025-11-24T15:59:14.719891,/muse/eeg,"[774.4322344322345, 728.0952380952381, 730.5128205128206, 806.2637362637363]"
2025-11-24T15:59:14.861506,/muse/eeg,"[800.6227106227107, 855.0183150183151, 801.025641025641, 754.2857142857143]"
2025-11-24T15:59:14.908984,/muse/eeg,"[666.0439560439561, 996.4468864468864, 826.007326007326, 792.967032967033]"
2025-11-24T15:59:14.924262,/muse/eegAux,"[nan, nan, 0.0, 0.0]"
2025-11-24T15:59:15.002247,/muse/gyro,"[0.46356201171875, -16.052703857421875, -21.8621826171875]"
2025-11-24T15:59:15.079604,/muse/eeg,"[730.9157509157509, 1149.96336996337, 942.0512820512821, 789.7435897435897]"
2025-11-24T15:59:15.174174,/muse/eeg,"[807.8754578754579, 838.4981684981685, 340.0732600732601, 787.7289377289378]"
2025-11-24T15:59:15.189373,/muse/eegAux,"[nan, nan, 0.0, 0.0]"
2025-11-24T15:59:15.111526,/muse/gyro,"[5.60760498046875, -9.01702880859375, 7.289886474609375]"
2025-11-24T15:59:15.297630,/muse/gyro,"[7.6263427734375, 4.463653564453125, -0.186920166015625]"
2025-11-24T15:59:15.344639,/muse/gyro,"[3.207550048828125, -2.175750732421875, 32.28485107421875]"
2025-11-24T15:59:15.390591,/muse/eeg,"[708.7545787545788, 806.2637362637363, 501.64835164835165, 793.7728937728938]"
2025-11-24T15:59:15.451705,/muse/eeg,"[711.978021978022, 824.3956043956044, 509.7069597069597, 705.1282051282052]"
2025-11-24T15:59:15.499060,/muse/gyro,"[1.6448974609375, -4.119720458984375, 42.09442138671875]"
2025-11-24T15:59:15.515043,/muse/drlref,"[1620586.0805860804, 1596410.2564102563]"
2025-11-24T15:59:15.546332,/muse/gyro,"[11.663818359375, -5.4730224609375, -26.9464111328125]"
2025-11-24T15:59:15.577762,/muse/eegAux,"[nan, nan, 0.0, 0.0]"
2025-11-24T15:59:15.654297,/muse/gyro,"[0.859832763671875, -7.289886474609375, 18.624725341796875]"
2025-11-24T15:59:15.593160,/muse/gyro,"[3.372039794921875, -11.237640380859375, -11.43951416015625]"
2025-11-24T15:59:15.700035,/muse/eeg,"[771.6117216117216, 767.985347985348, 596.3369963369963, 782.893772893773]"
2025-11-24T15:59:15.762204,/muse/eeg,"[777.2527472527473, 821.978021978022, 634.2124542124542, 787.3260073260074]"
2025-11-24T15:59:15.746664,/muse/eeg,"[780.8791208791209, 770.4029304029305, 643.4798534798535, 816.7399267399268]"
2025-11-24T15:59:15.808283,/muse/gyro,"[6.033782958984375, -14.833984375, -27.462310791015625]"
2025-11-24T15:59:15.856073,/muse/eeg,"[709.9633699633699, 752.6739926739926, 707.5457875457876, 804.6520146520147]"
2025-11-24T15:59:15.919394,/muse/eeg,"[802.2344322344322, 741.3919413919414, 697.0695970695971, 807.8754578754579]"
2025-11-24T15:59:15.967056,/muse/gyro,"[4.56085205078125, 0.179443359375, -3.566436767578125]"
2025-11-24T15:59:16.059823,/muse/gyro,"[4.56085205078125, 0.179443359375, -3.566436767578125]"
2025-11-24T15:59:16.122173,/muse/eeg,"[838.4981684981685, 787.3260073260074, 707.5457875457876, 772.4175824175825]"
2025-11-24T15:59:16.183679,/muse/eeg,"[831.2454212454213, 807.8754578754579, 728.901098901099, 801.4285714285714]"
2025-11-24T15:59:16.214852,/muse/gyro,"[-3.60382080078125, 0.64300537109375, -24.1650390625]"
2025-11-24T15:59:16.322471,/muse/eeg,"[819.5604395604396, 763.5531135531136, 881.6117216117217, 798.6080586080586]"
2025-11-24T15:59:16.292447,/muse/eegAux,"[nan, nan, 0.0, 0.0]"
2025-11-24T15:59:16.462812,/muse/gyro,"[8.575897216796875, -13.749847412109375, -7.409515380859375]"
2025-11-24T15:59:16.384786,/muse/elements/gamma_relative,"[0.15866014655739324, 0.05646239203772721, 0.20909145977338225, 0.08261848031038876]"
2025-11-24T15:59:16.647970,/muse/eeg,"[742.1978021978023, 774.8351648351648, 896.1172161172161, 789.7435897435897]"
2025-11-24T15:59:16.743104,/muse/eeg,"[778.0586080586081, 765.1648351648352, 1010.952380952381, 808.6813186813187]"
2025-11-24T15:59:16.789659,/muse/elements/gamma_relative,"[0.15866014655739324, 0.05646239203772721, 0.20909145977338225, 0.08261848031038876]"
2025-11-24T15:59:16.555155,/muse/acc,"[-0.13360595703125, -0.04730224609375, 1.02484130859375]"
2025-11-24T15:59:16.852318,/muse/eeg,"[795.7875457875458, 766.7765567765568, 1622.6007326007327, 789.7435897435897]"
2025-11-24T15:59:16.867927,/muse/eeg,"[728.0952380952381, 786.9230769230769, 1024.6520146520147, 784.1025641025641]"
2025-11-24T15:59:16.898008,/muse/gyro,"[5.585174560546875, -6.759033203125, 13.704986572265625]"
2025-11-24T15:59:17.054775,/muse/eeg,"[737.7655677655678, 775.2380952380953, 731.7216117216118, 776.4468864468864]"
2025-11-24T15:59:17.100830,/muse/eeg,"[879.1941391941392, 788.9377289377289, 529.4505494505495, 793.7728937728938]"
2025-11-24T15:59:17.209158,/muse/gyro,"[12.104949951171875, -1.727142333984375, 12.15728759765625]"
2025-11-24T15:59:17.147682,/muse/eegAux,"[nan, nan, 0.0, 0.0]"
2025-11-24T15:59:17.271897,/muse/eeg,"[846.1538461538462, 762.3443223443223, 624.1391941391942, 777.2527472527473]"
2025-11-24T15:59:17.351094,/muse/eeg,"[865.0915750915751, 807.0695970695971, 662.014652014652, 774.4322344322345]"
2025-11-24T15:59:17.381327,/muse/gyro,"[-4.05242919921875, -17.1368408203125, 81.36260986328125]"
2025-11-24T15:59:17.551854,/muse/eegAux,"[nan, nan, 0.0, 0.0]"
2025-11-24T15:59:17.520410,/muse/gyro,"[-4.05242919921875, -17.1368408203125, 81.36260986328125]"
2025-11-24T15:59:17.614907,/muse/eeg,"[769.5970695970697, 746.6300366300367, 894.1025641025641, 836.886446886447]"
2025-11-24T15:59:17.661337,/muse/eeg,"[614.0659340659341, 759.1208791208792, 880.8058608058608, 783.6996336996338]"
2025-11-24T15:59:17.722716,/muse/eegAux,"[nan, nan, 0.0, 0.0]"
2025-11-24T15:59:17.707515,/muse/eeg,"[504.0659340659341, 777.6556776556777, 866.3003663003664, 760.7326007326008]"
2025-11-24T15:59:17.752995,/muse/eeg,"[462.16117216117215, 779.2673992673992, 857.8388278388279, 768.7912087912088]"
2025-11-24T15:59:17.813389,/muse/eeg,"[802.6373626373627, 760.7326007326008, 718.8278388278388, 712.7838827838829]"
2025-11-24T15:59:17.906478,/muse/eegAux,"[nan, nan, 0.0, 0.0]"
2025-11-24T15:59:17.952828,/muse/gyro,"[24.815521240234375, -1.906585693359375, 98.50692749023438]"
2025-11-24T15:59:17.983593,/muse/gyro,"[31.3726806640625, 10.340423583984375, 60.54718017578125]"
2025-11-24T15:59:18.046441,/muse/elements/beta_relative,"[0.4570372085813913, 0.07754666056363119, 0.35808114004161157, 0.1532633016330861]"
2025-11-24T15:59:18.092332,/muse/eeg,"[784.5054945054945, 780.0732600732601, 762.3443223443223, 808.2783882783883]"
2025-11-24T15:59:18.215860,/muse/eegAux,"[nan, nan, 0.0, 0.0]"
2025-11-24T15:59:18.279247,/muse/eeg,"[831.6483516483516, 782.0879120879121, 735.3479853479854, 794.981684981685]"
2025-11-24T15:59:18.357883,/muse/eegAux,"[nan, nan, 0.0, 0.0]"
2025-11-24T15:59:18.420074,/muse/eeg,"[843.7362637362637, 765.9706959706959, 776.4468864468864, 765.1648351648352]"
2025-11-24T15:59:18.467362,/muse/eegAux,"[nan, nan, 0.0, 0.0]"
2025-11-24T15:59:18.546105,/muse/gyro,"[10.744171142578125, -48.845977783203125, 131.21795654296875]"
2025-11-24T15:59:18.577667,/muse/eeg,"[930.3663003663004, 727.6923076923077, 905.7875457875458, 891.2820512820513]"
2025-11-24T15:59:18.607985,/muse/eegAux,"[nan, nan, 0.0, 0.0]"
2025-11-24T15:59:18.669741,/muse/acc,"[0.2415771484375, 0.04656982421875, 0.93402099609375]"
2025-11-24T15:59:18.700507,/muse/acc,"[0.28057861328125, 0.05841064453125, 0.92926025390625]"
2025-11-24T15:59:18.747142,/muse/eeg,"[1023.4432234432235, 757.9120879120879, 0.0, 822.3809523809524]"
2025-11-24T15:59:18.824886,/muse/eeg,"[745.0183150183151, 758.3150183150184, 349.34065934065933, 814.3223443223443]"
2025-11-24T15:59:18.901874,/muse/eeg,"[763.5531135531136, 781.2820512820513, 571.7582417582418, 763.956043956044]"
2025-11-24T15:59:18.947756,/muse/eegAux,"[nan, nan, 0.0, 0.0]"
2025-11-24T15:59:19.010367,/muse/gyro,"[1.48040771484375, -18.505096435546875, -27.40997314453125]"
2025-11-24T15:59:19.088546,/muse/elements/alpha_absolute,"[1.3103544540614362, 1.1948534887284092, -3.0464130382657006, 0.7268395388841891]"
2025-11-24T15:59:19.103431,/muse/eeg,"[962.1978021978023, 679.7435897435897, 744.6153846153846, 832.0512820512821]"
2025-11-24T15:59:19.180397,/muse/eeg,"[675.7142857142858, 690.2197802197802, 711.5750915750916, 782.4908424908425]"
2025-11-24T15:59:19.211166,/muse/eeg,"[633.0036630036631, 694.6520146520147, 720.4395604395604, 783.6996336996338]"
2025-11-24T15:59:19.289170,/muse/elements/alpha_absolute,"[1.3103544540614362, 1.1948534887284092, -3.0464130382657006, 0.7268395388841891]"
2025-11-24T15:59:19.366025,/muse/eeg,"[700.2930402930403, 728.901098901099, 775.2380952380953, 783.6996336996338]"
2025-11-24T15:59:19.443606,/muse/eeg,"[861.4652014652015, 761.1355311355312, 750.6593406593407, 819.5604395604396]"
2025-11-24T15:59:19.489580,/muse/eeg,"[772.014652014652, 769.5970695970697, 705.934065934066, 801.4285714285714]"
2025-11-24T15:59:19.552239,/muse/eegAux,"[nan, nan, 0.0, 0.0]"
2025-11-24T15:59:19.629149,/muse/eeg,"[855.4212454212454, 813.1135531135532, 726.4835164835165, 824.3956043956044]"
2025-11-24T15:59:19.752834,/muse/eegAux,"[nan, nan, 0.0, 0.0]"
2025-11-24T15:59:19.815117,/muse/eeg,"[846.959706959707, 803.040293040293, 788.1318681318681, 805.4578754578755]"
2025-11-24T15:59:19.882379,/muse/eegAux,"[nan, nan, 0.0, 0.0]"
2025-11-24T15:59:19.929466,/muse/gyro,"[-17.1966552734375, 15.260162353515625, -33.54095458984375]"
2025-11-24T15:59:20.038431,/muse/drlref,"[1620586.0805860804, 1596410.2564102563]"
2025-11-24T15:59:19.976588,/muse/eeg,"[774.4322344322345, 806.2637362637363, 755.4945054945055, 802.6373626373627]"
2025-11-24T15:59:20.161176,/muse/drlref,"[1620586.0805860804, 1596410.2564102563]"
2025-11-24T15:59:20.207846,/muse/eegAux,"[nan, nan, 0.0, 0.0]"
2025-11-24T15:59:20.238704,/muse/eeg,"[825.6043956043957, 750.2564102564103, 815.1282051282052, 848.974358974359]"
2025-11-24T15:59:20.317307,/muse/eeg,"[825.2014652014652, 732.9304029304029, 791.7582417582418, 774.4322344322345]"
2025-11-24T15:59:20.394152,/muse/eeg,"[780.4761904761905, 718.021978021978, 790.5494505494506, 786.5201465201466]"
2025-11-24T15:59:20.470231,/muse/eeg,"[754.6886446886447, 799.0109890109891, 837.2893772893773, 757.9120879120879]"
2025-11-24T15:59:20.424793,/muse/eeg,"[707.5457875457876, 745.8241758241759, 778.8644688644689, 693.040293040293]"
2025-11-24T15:59:20.517309,/muse/gyro,"[30.52032470703125, -32.9278564453125, 21.316375732421875]"
2025-11-24T15:59:20.562868,/muse/acc,"[0.07830810546875, -0.100830078125, 0.96514892578125]"
2025-11-24T15:59:20.593729,/muse/acc,"[0.07830810546875, -0.100830078125, 0.96514892578125]"
2025-11-24T15:59:20.609155,/muse/eegAux,"[nan, nan, 0.0, 0.0]"
2025-11-24T15:59:20.733025,/muse/eeg,"[511.72161172161174, 613.2600732600732, 772.4175824175825, 839.3040293040293]"
2025-11-24T15:59:20.793832,/muse/elements/theta_absolute,"[1.1787694344635058, 1.1149251744576967, -3.372595035594313, 0.5404966680088312]"
2025-11-24T15:59:20.824293,/muse/gyro,"[-35.387725830078125, -18.6322021484375, -131.57684326171875]"
2025-11-24T15:59:20.871357,/muse/eeg,"[862.6739926739926, 787.7289377289378, 778.8644688644689, 815.5311355311355]"
2025-11-24T15:59:20.979646,/muse/eegAux,"[nan, nan, 0.0, 0.0]"
2025-11-24T15:59:21.088602,/muse/drlref,"[1620586.0805860804, 1596410.2564102563]"
2025-11-24T15:59:20.994893,/muse/gyro,"[-54.199371337890625, -10.45257568359375, -111.0455322265625]"
2025-11-24T15:59:21.041608,/muse/drlref,"[1620586.0805860804, 1596410.2564102563]"
2025-11-24T15:59:21.151418,/muse/eeg,"[876.7765567765568, 812.7106227106227, 1622.1978021978023, 830.8424908424909]"
2025-11-24T15:59:21.167509,/muse/gyro,"[-13.091888427734375, -15.89569091796875, -18.97613525390625]"
2025-11-24T15:59:21.198762,/muse/eeg,"[785.7142857142858, 726.886446886447, 682.967032967033, 794.1758241758242]"
2025-11-24T15:59:21.275762,/muse/acc,"[0.34820556640625, -0.09381103515625, 0.93243408203125]"
2025-11-24T15:59:21.352838,/muse/drlref,"[1619780.2197802197, 1596410.2564102563]"
2025-11-24T15:59:21.414195,/muse/drlref,"[1619780.2197802197, 1596410.2564102563]"
2025-11-24T15:59:21.429478,/muse/eegAux,"[nan, nan, 0.0, 0.0]"
2025-11-24T15:59:21.476585,/muse/gyro,"[-7.52166748046875, 5.211334228515625, -10.7366943359375]"
2025-11-24T15:59:21.523083,/muse/gyro,"[4.852447509765625, -11.02081298828125, 5.96649169921875]"
2025-11-24T15:59:21.568847,/muse/gyro,"[-0.43365478515625, -0.059814453125, 18.6920166015625]"
2025-11-24T15:59:21.615599,/muse/eeg,"[868.7179487179487, 742.6007326007326, 788.1318681318681, 814.7252747252747]"
2025-11-24T15:59:21.692986,/muse/eeg,"[867.1062271062272, 727.6923076923077, 822.7838827838829, 797.3992673992674]"
2025-11-24T15:59:21.739629,/muse/eegAux,"[nan, nan, 0.0, 0.0]"
2025-11-24T15:59:21.801049,/muse/eeg,"[841.7216117216118, 739.3772893772893, 836.0805860805862, 793.7728937728938]"
2025-11-24T15:59:21.925229,/muse/acc,"[0.191162109375, -0.24737548828125, 0.846435546875]"
2025-11-24T15:59:21.987684,/muse/eeg,"[703.5164835164835, 763.5531135531136, 964.6153846153846, 789.7435897435897]"
2025-11-24T15:59:22.019173,/muse/eeg,"[870.3296703296703, 743.0036630036631, 757.1062271062272, 846.1538461538462]"
2025-11-24T15:59:22.097709,/muse/gyro,"[24.695892333984375, -28.83056640625, 21.18927001953125]"
2025-11-24T15:59:22.051330,/muse/gyro,"[32.13531494140625, -41.15234375, 26.976318359375]"
2025-11-24T15:59:22.176087,/muse/eeg,"[955.7509157509157, 520.1831501831502, 0.0, 838.0952380952381]"
2025-11-24T15:59:22.300083,/muse/eeg,"[824.7985347985348, 563.2967032967033, 0.0, 791.3553113553114]"
2025-11-24T15:59:22.424987,/muse/acc,"[0.6976318359375, -0.146484375, 0.75146484375]"
2025-11-24T15:59:22.487450,/muse/eegAux,"[nan, nan, 0.0, 0.0]"
2025-11-24T15:59:22.533073,/muse/eeg,"[818.7545787545788, 726.4835164835165, 730.9157509157509, 774.8351648351648]"
2025-11-24T15:59:22.610248,/muse/eeg,"[813.919413919414, 709.1575091575091, 804.2490842490843, 775.2380952380953]"
2025-11-24T15:59:22.626074,/muse/eeg,"[765.9706959706959, 726.886446886447, 904.981684981685, 793.3699633699634]"
2025-11-24T15:59:22.704141,/muse/eeg,"[751.8681318681319, 729.7069597069598, 921.5018315018315, 788.1318681318681]"
2025-11-24T15:59:22.811608,/muse/eeg,"[704.3223443223443, 736.5567765567765, 952.5274725274726, 743.0036630036631]"
2025-11-24T15:59:22.795509,/muse/eeg,"[697.0695970695971, 725.2747252747253, 963.0036630036631, 688.2051282051282]"
2025-11-24T15:59:22.967767,/muse/eeg,"[786.9230769230769, 766.7765567765568, 933.992673992674, 815.934065934066]"
2025-11-24T15:59:22.920209,/muse/eeg,"[838.0952380952381, 734.1391941391942, 929.5604395604396, 800.6227106227107]"
2025-11-24T15:59:22.983576,/muse/gyro,"[21.570587158203125, 49.219818115234375, 22.38555908203125]"
2025-11-24T15:59:23.045733,/muse/eeg,"[547.5824175824176, 780.0732600732601, 742.6007326007326, 682.5641025641025]"
2025-11-24T15:59:23.153300,/muse/eeg,"[784.9084249084249, 850.1831501831502, 906.5934065934066, 833.6630036630037]"
2025-11-24T15:59:23.247193,/muse/eeg,"[757.5091575091575, 830.4395604395604, 888.8644688644689, 789.7435897435897]"
2025-11-24T15:59:23.293807,/muse/drlref,"[1620586.0805860804, 1596410.2564102563]"
2025-11-24T15:59:23.371597,/muse/eeg,"[812.3076923076924, 826.007326007326, 870.7326007326008, 767.5824175824176]"
2025-11-24T15:59:23.419305,/muse/acc,"[-0.0386962890625, -0.0474853515625, 0.9788818359375]"
2025-11-24T15:59:23.512671,/muse/eeg,"[803.040293040293, 814.7252747252747, 1622.1978021978023, 799.8168498168499]"
2025-11-24T15:59:23.528044,/muse/eeg,"[738.1684981684982, 797.8021978021978, 1622.6007326007327, 743.4065934065934]"
2025-11-24T15:59:23.559971,/muse/eeg,"[614.8717948717949, 676.5201465201466, 1151.5750915750916, 599.1575091575091]"
2025-11-24T15:59:23.607337,/muse/drlref,"[1619780.2197802197, 1596410.2564102563]"
2025-11-24T15:59:23.622461,/muse/drlref,"[1619780.2197802197, 1596410.2564102563]"
2025-11-24T15:59:23.667504,/muse/eegAux,"[nan, nan, 0.0, 0.0]"
2025-11-24T15:59:23.730417,/muse/eeg,"[717.6190476190476, 675.7142857142858, 353.3699633699634, 740.989010989011]"
2025-11-24T15:59:23.792363,/muse/gyro,"[1.128997802734375, -16.112518310546875, 8.49365234375]"
2025-11-24T15:59:23.839320,/muse/drlref,"[1619780.2197802197, 1596410.2564102563]"
2025-11-24T15:59:23.886037,/muse/eeg,"[705.5311355311355, 741.7948717948718, 676.9230769230769, 766.7765567765568]"
2025-11-24T15:59:23.962576,/muse/eegAux,"[nan, nan, 0.0, 0.0]"
2025-11-24T15:59:24.009495,/muse/eeg,"[901.7582417582418, 783.6996336996338, 740.1831501831502, 858.6446886446887]"
2025-11-24T15:59:24.071866,/muse/drlref,"[1619780.2197802197, 1596410.2564102563]"
2025-11-24T15:59:24.135012,/muse/elements/delta_relative,"[0.0320298947061146, 0.2654878038890467, 0.1430143427055729, 0.36167574537599395]"
2025-11-24T15:59:24.181747,/muse/eeg,"[810.2930402930403, 760.3296703296703, 874.3589743589744, 839.7069597069598]"
2025-11-24T15:59:24.275497,/muse/elements/delta_relative,"[0.0320298947061146, 0.2654878038890467, 0.1430143427055729, 0.36167574537599395]"
2025-11-24T15:59:24.322504,/muse/eegAux,"[nan, nan, 0.0, 0.0]"
2025-11-24T15:59:24.369188,/muse/elements/alpha_absolute,"[1.3103544540614362, 1.1948534887284092, -3.0464130382657006, 0.7268395388841891]"
2025-11-24T15:59:24.401251,/muse/acc,"[0.11492919921875, -0.00164794921875, 0.98321533203125]"
2025-11-24T15:59:24.493608,/muse/eeg,"[857.8388278388279, 736.5567765567765, 848.1684981684982, 748.6446886446887]"
2025-11-24T15:59:24.540520,/muse/eeg,"[732.1245421245421, 720.4395604395604, 794.981684981685, 761.941391941392]"
2025-11-24T15:59:24.617963,/muse/eeg,"[627.3626373626374, 729.7069597069598, 714.7985347985348, 751.0622710622711]"
2025-11-24T15:59:24.571010,/muse/eegAux,"[nan, nan, 0.0, 0.0]"
2025-11-24T15:59:24.663827,/muse/acc,"[0.38153076171875, 0.1119384765625, 0.99481201171875]"
2025-11-24T15:59:24.726475,/muse/drlref,"[1619780.2197802197, 1596410.2564102563]"
2025-11-24T15:59:24.694856,/muse/gyro,"[-6.706695556640625, 10.6768798828125, -8.2843017578125]"
2025-11-24T15:59:24.867621,/muse/drlref,"[1619780.2197802197, 1596410.2564102563]"
2025-11-24T15:59:24.914330,/muse/eeg,"[742.6007326007326, 763.5531135531136, 811.9047619047619, 821.1721611721612]"
2025-11-24T15:59:24.945921,/muse/acc,"[0.30511474609375, 0.04278564453125, 0.96563720703125]"
2025-11-24T15:59:25.007055,/muse/eegAux,"[nan, nan, 0.0, 0.0]"
2025-11-24T15:59:25.068114,/muse/gyro,"[-0.55328369140625, 31.94091796875, 16.351776123046875]"
2025-11-24T15:59:25.115430,/muse/eeg,"[806.2637362637363, 767.1794871794872, 886.0439560439561, 871.941391941392]"
2025-11-24T15:59:25.224624,/muse/eeg,"[882.4175824175825, 801.8315018315019, 887.2527472527473, 813.1135531135532]"
2025-11-24T15:59:25.287172,/muse/eeg,"[865.4945054945056, 802.6373626373627, 796.996336996337, 804.6520146520147]"
2025-11-24T15:59:25.333134,/muse/eegAux,"[nan, nan, 0.0, 0.0]"
2025-11-24T15:59:25.380680,/muse/eeg,"[920.6959706959707, 775.6410256410256, 813.1135531135532, 774.8351648351648]"
2025-11-24T15:59:25.443286,/muse/elements/alpha_absolute,"[1.3103544540614362, 1.1948534887284092, -3.0464130382657006, 0.7268395388841891]"
2025-11-24T15:59:25.506947,/muse/eeg,"[896.5201465201466, 784.9084249084249, 839.7069597069598, 848.974358974359]"
2025-11-24T15:59:25.536077,/muse/eeg,"[927.948717948718, 779.2673992673992, 836.0805860805862, 802.6373626373627]"
2025-11-24T15:59:25.628248,/muse/eeg,"[879.1941391941392, 773.2234432234433, 857.8388278388279, 810.6959706959707]"
2025-11-24T15:59:25.689681,/muse/gyro,"[10.60211181640625, 6.14593505859375, 87.0001220703125]"
2025-11-24T15:59:25.767495,/muse/eeg,"[774.0293040293041, 742.6007326007326, 830.8424908424909, 786.5201465201466]"
2025-11-24T15:59:25.814185,/muse/gyro,"[30.2960205078125, 5.33843994140625, 34.49798583984375]"
2025-11-24T15:59:25.830144,/muse/gyro,"[30.2960205078125, 5.33843994140625, 34.49798583984375]"
2025-11-24T15:59:25.845423,/muse/gyro,"[25.85479736328125, 13.390960693359375, 35.208282470703125]"
2025-11-24T15:59:25.955236,/muse/eeg,"[1014.1758241758242, 774.8351648351648, 880.4029304029305, 846.959706959707]"
2025-11-24T15:59:25.908404,/muse/gyro,"[16.67327880859375, 4.23187255859375, 30.856781005859375]"
2025-11-24T15:59:26.049587,/muse/elements/alpha_absolute,"[1.3103544540614362, 1.1948534887284092, -3.0464130382657006, 0.7268395388841891]"
2025-11-24T15:59:26.127223,/muse/eeg,"[941.2454212454213, 759.1208791208792, 830.8424908424909, 816.3369963369963]"
2025-11-24T15:59:26.173217,/muse/eegAux,"[nan, nan, 0.0, 0.0]"
2025-11-24T15:59:26.204273,/muse/eeg,"[911.4285714285714, 757.9120879120879, 836.0805860805862, 835.6776556776557]"
2025-11-24T15:59:26.283208,/muse/eeg,"[855.4212454212454, 760.3296703296703, 807.8754578754579, 807.4725274725275]"
2025-11-24T15:59:26.362005,/muse/eeg,"[879.5970695970697, 768.3882783882784, 789.7435897435897, 836.4835164835165]"
2025-11-24T15:59:26.407774,/muse/gyro,"[-2.04864501953125, -13.017120361328125, 6.916046142578125]"
2025-11-24T15:59:26.314488,/muse/eeg,"[844.5421245421246, 757.5091575091575, 811.5018315018315, 828.8278388278388]"
2025-11-24T15:59:26.531092,/muse/eeg,"[683.7728937728938, 752.6739926739926, 338.05860805860806, 778.0586080586081]"
2025-11-24T15:59:26.625528,/muse/drlref,"[1619780.2197802197, 1596410.2564102563]"
2025-11-24T15:59:26.672997,/muse/drlref,"[1619780.2197802197, 1596410.2564102563]"
2025-11-24T15:59:26.749451,/muse/acc,"[0.21942138671875, 0.1756591796875, 0.9302978515625]"
2025-11-24T15:59:26.811961,/muse/acc,"[0.226318359375, 0.17999267578125, 0.9171142578125]"
2025-11-24T15:59:26.874279,/muse/eeg,"[797.3992673992674, 773.6263736263736, 712.7838827838829, 765.1648351648352]"
2025-11-24T15:59:26.905103,/muse/gyro,"[-5.719757080078125, -38.0419921875, 8.673095703125]"
2025-11-24T15:59:26.967134,/muse/gyro,"[-6.47491455078125, -26.550140380859375, 6.108551025390625]"
2025-11-24T15:59:27.030073,/muse/gyro,"[-6.47491455078125, -26.550140380859375, 6.108551025390625]"
2025-11-24T15:59:27.092228,/muse/acc,"[0.637451171875, -0.0645751953125, 0.87701416015625]"
2025-11-24T15:59:27.123014,/muse/eeg,"[856.6300366300367, 759.1208791208792, 226.04395604395606, 762.3443223443223]"
2025-11-24T15:59:27.200844,/muse/elements/delta_relative,"[0.0320298947061146, 0.2654878038890467, 0.1430143427055729, 0.4510491432897955]"
2025-11-24T15:59:27.232699,/muse/acc,"[0.4127197265625, -0.0614013671875, 0.88690185546875]"
2025-11-24T15:59:27.309307,/muse/acc,"[0.3909912109375, -0.074462890625, 0.91241455078125]"
2025-11-24T15:59:27.432099,/muse/eeg,"[789.7435897435897, 810.6959706959707, 896.9230769230769, 767.5824175824176]"
2025-11-24T15:59:27.478995,/muse/eeg,"[809.4871794871796, 762.3443223443223, 995.6410256410256, 809.0842490842491]"
2025-11-24T15:59:27.509145,/muse/eegAux,"[nan, nan, 0.0, 0.0]"
2025-11-24T15:59:27.555640,/muse/eeg,"[804.6520146520147, 776.8498168498169, 1053.6630036630038, 803.040293040293]"
2025-11-24T15:59:27.587417,/muse/eegAux,"[nan, nan, 0.0, 0.0]"
2025-11-24T15:59:27.712909,/muse/eegAux,"[nan, nan, 0.0, 0.0]"
2025-11-24T15:59:27.743315,/muse/eegAux,"[nan, nan, 0.0, 0.0]"
2025-11-24T15:59:27.758765,/muse/eeg,"[804.6520146520147, 797.3992673992674, 641.8681318681319, 819.1575091575091]"
2025-11-24T15:59:27.914072,/muse/gyro,"[-19.492034912109375, 13.690032958984375, -15.334930419921875]"
2025-11-24T15:59:27.976937,/muse/gyro,"[-19.492034912109375, 13.690032958984375, -15.334930419921875]"
2025-11-24T15:59:27.992659,/muse/gyro,"[-19.492034912109375, 13.690032958984375, -15.334930419921875]"
2025-11-24T15:59:28.055237,/muse/eeg,"[813.919413919414, 802.2344322344322, 794.981684981685, 812.7106227106227]"
2025-11-24T15:59:28.118569,/muse/eegAux,"[nan, nan, 0.0, 0.0]"
2025-11-24T15:59:28.196627,/muse/elements/gamma_relative,"[0.15866014655739324, 0.04488854335623391, 0.20909145977338225, 0.03230493056870274]"
2025-11-24T15:59:28.290990,/muse/gyro,"[60.808868408203125, -20.755615234375, 84.48043823242188]"
2025-11-24T15:59:28.243774,/muse/gyro,"[105.63980102539062, -6.093597412109375, 114.76898193359375]"
2025-11-24T15:59:28.338168,/muse/eeg,"[1058.4981684981685, 772.4175824175825, 456.1172161172161, 843.3333333333334]"
2025-11-24T15:59:28.400520,/muse/eeg,"[1018.2051282051283, 775.2380952380953, 319.9267399267399, 807.8754578754579]"
2025-11-24T15:59:28.463019,/muse/eeg,"[942.0512820512821, 785.7142857142858, 392.05128205128204, 789.7435897435897]"
2025-11-24T15:59:28.555737,/muse/eeg,"[738.1684981684982, 786.5201465201466, 1075.4212454212454, 819.5604395604396]"
2025-11-24T15:59:28.603057,/muse/eeg,"[643.4798534798535, 818.3516483516484, 871.941391941392, 796.5934065934066]"
2025-11-24T15:59:28.633191,/muse/eegAux,"[nan, nan, 0.0, 0.0]"
2025-11-24T15:59:28.725932,/muse/gyro,"[-43.73931884765625, -37.256927490234375, -18.505096435546875]"
2025-11-24T15:59:28.710387,/muse/gyro,"[-39.634552001953125, -42.288818359375, -3.745880126953125]"
2025-11-24T15:59:28.820792,/muse/eeg,"[678.9377289377289, 782.893772893773, 559.2673992673992, 756.3003663003664]"
2025-11-24T15:59:28.882234,/muse/eeg,"[618.0952380952381, 799.4139194139194, 582.6373626373627, 668.0586080586081]"
2025-11-24T15:59:28.929101,/muse/eegAux,"[nan, nan, 0.0, 0.0]"
2025-11-24T15:59:28.929101,/muse/acc,"[0.60052490234375, -0.0782470703125, 1.05218505859375]"
2025-11-24T15:59:29.023053,/muse/eeg,"[923.1135531135532, 722.8571428571429, 1316.3736263736264, 830.8424908424909]"
2025-11-24T15:59:29.115502,/muse/acc,"[0.07330322265625, -0.17950439453125, 1.01556396484375]"
2025-11-24T15:59:29.146705,/muse/gyro,"[15.92559814453125, -9.024505615234375, -9.054412841796875]"
2025-11-24T15:59:29.162296,/muse/gyro,"[-0.2093505859375, 2.908477783203125, -34.011993408203125]"
2025-11-24T15:59:29.301880,/muse/gyro,"[-10.3778076171875, 14.467620849609375, -24.09027099609375]"
2025-11-24T15:59:29.363740,/muse/gyro,"[-10.3778076171875, 14.467620849609375, -24.09027099609375]"
2025-11-24T15:59:29.473771,/muse/eeg,"[715.2014652014652, 801.4285714285714, 1079.047619047619, 796.996336996337]"
2025-11-24T15:59:29.537220,/muse/elements/delta_relative,"[0.0320298947061146, 0.2654878038890467, 0.1430143427055729, 0.4510491432897955]"
2025-11-24T15:59:29.630638,/muse/gyro,"[-7.49176025390625, 16.127471923828125, -15.200347900390625]"
2025-11-24T15:59:29.722573,/muse/eeg,"[11.282051282051283, 743.4065934065934, 740.989010989011, 674.1025641025641]"
2025-11-24T15:59:29.769564,/muse/eeg,"[814.3223443223443, 776.0439560439561, 750.6593406593407, 796.1904761904763]"
2025-11-24T15:59:29.816171,/muse/acc,"[0.19622802734375, -0.00946044921875, 1.065673828125]"
2025-11-24T15:59:29.894563,/muse/acc,"[0.19622802734375, -0.00946044921875, 1.065673828125]"
2025-11-24T15:59:29.956763,/muse/eeg,"[848.1684981684982, 772.014652014652, 599.1575091575091, 815.934065934066]"
2025-11-24T15:59:30.034738,/muse/eeg,"[799.4139194139194, 741.3919413919414, 548.7912087912088, 824.3956043956044]"
2025-11-24T15:59:30.143453,/muse/eeg,"[800.6227106227107, 718.8278388278388, 232.8937728937729, 815.5311355311355]"
2025-11-24T15:59:30.080222,/muse/eeg,"[798.2051282051282, 753.0769230769231, 626.1538461538462, 823.1868131868132]"
2025-11-24T15:59:30.190453,/muse/elements/delta_absolute,"[0.5092330022140743, 1.0873803681424417, -3.185283338198744, 1.845210587816461]"
2025-11-24T15:59:30.205874,/muse/elements/delta_absolute,"[0.5092330022140743, 1.0873803681424417, -3.185283338198744, 1.845210587816461]"
2025-11-24T15:59:30.237758,/muse/eeg,"[759.92673992674, 662.4175824175825, 249.8168498168498, 780.4761904761905]"
2025-11-24T15:59:30.269225,/muse/eeg,"[617.6923076923077, 675.7142857142858, 462.5641025641026, 595.5311355311355]"
2025-11-24T15:59:30.330857,/muse/eeg,"[671.2820512820513, 678.1318681318681, 514.1391941391942, 683.7728937728938]"
2025-11-24T15:59:30.409608,/muse/elements/alpha_absolute,"[1.3103544540614362, 1.1948534887284092, -3.0464130382657006, 1.449346624938944]"
2025-11-24T15:59:30.488375,/muse/eeg,"[838.0952380952381, 762.7472527472528, 648.3150183150183, 836.0805860805862]"
2025-11-24T15:59:30.519524,/muse/eegAux,"[nan, nan, 0.0, 0.0]"
2025-11-24T15:59:30.626671,/muse/eeg,"[752.6739926739926, 778.4615384615385, 716.8131868131868, 779.6703296703297]"
2025-11-24T15:59:30.580708,/muse/drlref,"[1619780.2197802197, 1596410.2564102563]"
2025-11-24T15:59:30.658740,/muse/eeg,"[794.981684981685, 789.3406593406594, 737.7655677655678, 790.5494505494506]"
2025-11-24T15:59:30.689136,/muse/eeg,"[792.1611721611722, 805.4578754578755, 726.4835164835165, 831.2454212454213]"
2025-11-24T15:59:30.766446,/muse/eeg,"[810.2930402930403, 808.2783882783883, 718.021978021978, 807.0695970695971]"
2025-11-24T15:59:30.859465,/muse/eeg,"[789.3406593406594, 788.9377289377289, 722.0512820512821, 805.054945054945]"
2025-11-24T15:59:30.952325,/muse/gyro,"[-0.635528564453125, -17.787322998046875, 20.396728515625]"
2025-11-24T15:59:31.106130,/muse/drlref,"[1619780.2197802197, 1596410.2564102563]"
2025-11-24T15:59:31.029071,/muse/elements/gamma_relative,"[0.15866014655739324, 0.04488854335623391, 0.20909145977338225, 0.03230493056870274]"
2025-11-24T15:59:31.167455,/muse/eeg,"[755.0915750915751, 771.6117216117216, 734.945054945055, 776.4468864468864]"
2025-11-24T15:59:30.968159,/muse/elements/delta_relative,"[0.0320298947061146, 0.2654878038890467, 0.1430143427055729, 0.4510491432897955]"
2025-11-24T15:59:31.214850,/muse/eegAux,"[nan, nan, 0.0, 0.0]"
2025-11-24T15:59:31.246215,/muse/eeg,"[763.5531135531136, 775.6410256410256, 689.0109890109891, 798.6080586080586]"
2025-11-24T15:59:31.276719,/muse/eeg,"[752.2710622710623, 767.985347985348, 724.4688644688645, 746.2271062271062]"
2025-11-24T15:59:31.339268,/muse/eeg,"[771.6117216117216, 755.8974358974359, 788.9377289377289, 763.5531135531136]"
2025-11-24T15:59:31.417915,/muse/eegAux,"[nan, nan, 0.0, 0.0]"
2025-11-24T15:59:31.464279,/muse/gyro,"[21.600494384765625, -8.635711669921875, 67.48565673828125]"
2025-11-24T15:59:31.526063,/muse/elements/alpha_absolute,"[1.3103544540614362, 1.1948534887284092, -3.0464130382657006, 1.449346624938944]"
2025-11-24T15:59:31.510531,/muse/acc,"[-0.03558349609375, -0.00103759765625, 1.00311279296875]"
2025-11-24T15:59:31.541596,/muse/eegAux,"[nan, nan, 0.0, 0.0]"
2025-11-24T15:59:31.666069,/muse/eeg,"[758.3150183150184, 752.2710622710623, 730.5128205128206, 813.5164835164835]"
2025-11-24T15:59:31.789936,/muse/eeg,"[798.2051282051282, 735.3479853479854, 767.5824175824176, 837.6923076923077]"
2025-11-24T15:59:31.852084,/muse/eeg,"[931.1721611721612, 759.1208791208792, 1196.7032967032967, 894.5054945054945]"
2025-11-24T15:59:31.929817,/muse/gyro,"[2.340240478515625, -14.497528076171875, 57.279815673828125]"
2025-11-24T15:59:32.038291,/muse/eeg,"[801.025641025641, 754.6886446886447, 1430.805860805861, 840.1098901098901]"
2025-11-24T15:59:32.117562,/muse/eeg,"[638.2417582417582, 765.9706959706959, 1037.142857142857, 811.0989010989011]"
2025-11-24T15:59:32.149280,/muse/eeg,"[857.4358974358975, 770.0, 619.3040293040293, 795.7875457875458]"
2025-11-24T15:59:32.196675,/muse/elements/alpha_absolute,"[1.3103544540614362, 1.1948534887284092, -3.0464130382657006, 1.449346624938944]"
2025-11-24T15:59:32.242801,/muse/eeg,"[900.952380952381, 766.3736263736264, 627.3626373626374, 821.5750915750916]"
2025-11-24T15:59:32.304814,/muse/eeg,"[826.007326007326, 792.5641025641025, 609.6336996336996, 807.8754578754579]"
2025-11-24T15:59:32.414742,/muse/acc,"[0.31842041015625, 0.10296630859375, 1.01287841796875]"
2025-11-24T15:59:32.461644,/muse/acc,"[0.31842041015625, 0.10296630859375, 1.01287841796875]"
2025-11-24T15:59:32.523515,/muse/drlref,"[1619780.2197802197, 1596410.2564102563]"
2025-11-24T15:59:32.600169,/muse/eegAux,"[nan, nan, 0.0, 0.0]"
2025-11-24T15:59:32.692367,/muse/gyro,"[-20.0677490234375, -1.143951416015625, -149.08004760742188]"
2025-11-24T15:59:32.723504,/muse/acc,"[0.16387939453125, 0.33294677734375, 0.9605712890625]"
2025-11-24T15:59:32.802048,/muse/eeg,"[972.2710622710623, 921.5018315018315, 1016.996336996337, 875.9706959706959]"
2025-11-24T15:59:32.832975,/muse/eeg,"[948.0952380952381, 865.8974358974359, 17.72893772893773, 871.941391941392]"
2025-11-24T15:59:32.910812,/muse/acc,"[0.24652099609375, 0.22430419921875, 1.04449462890625]"
2025-11-24T15:59:32.973939,/muse/eeg,"[848.1684981684982, 814.7252747252747, 1622.1978021978023, 817.1428571428571]"
2025-11-24T15:59:33.004586,/muse/is_good,"[0.0, 0.0, 0.0, 0.0]"
2025-11-24T15:59:33.051278,/muse/gyro,"[-15.604095458984375, 18.55743408203125, -43.582305908203125]"
2025-11-24T15:59:33.144325,/muse/eeg,"[794.1758241758242, 770.4029304029305, 525.018315018315, 806.2637362637363]"
2025-11-24T15:59:33.206616,/muse/eeg,"[739.7802197802198, 765.1648351648352, 555.6410256410256, 796.1904761904763]"
2025-11-24T15:59:33.300012,/muse/eegAux,"[nan, nan, 0.0, 0.0]"
2025-11-24T15:59:33.254156,/muse/gyro,"[3.147735595703125, 11.05072021484375, -21.929473876953125]"
2025-11-24T15:59:33.424623,/muse/eeg,"[742.1978021978023, 763.956043956044, 668.4615384615385, 817.5457875457876]"
2025-11-24T15:59:33.424623,/muse/elements/delta_absolute,"[0.5092330022140743, 1.0873803681424417, -3.185283338198744, 1.845210587816461]"
2025-11-24T15:59:33.471980,/muse/eeg,"[700.2930402930403, 749.4505494505495, 685.3846153846154, 803.8461538461539]"
2025-11-24T15:59:33.518643,/muse/eegAux,"[nan, nan, 0.0, 0.0]"
2025-11-24T15:59:33.581341,/muse/eeg,"[813.1135531135532, 756.7032967032967, 1177.3626373626373, 837.6923076923077]"
2025-11-24T15:59:33.612650,/muse/eegAux,"[nan, nan, 0.0, 0.0]"
2025-11-24T15:59:33.690674,/muse/eeg,"[752.2710622710623, 767.985347985348, 1157.6190476190477, 802.6373626373627]"
2025-11-24T15:59:33.752702,/muse/hsi,"[2.0, 1.0, 2.0, 2.0]"
2025-11-24T15:59:33.675311,/muse/eeg,"[781.2820512820513, 760.3296703296703, 1163.6630036630038, 806.2637362637363]"
2025-11-24T15:59:33.814285,/muse/eeg,"[800.2197802197802, 753.8827838827839, 947.6923076923077, 814.3223443223443]"
2025-11-24T15:59:33.906981,/muse/gyro,"[-9.61517333984375, -0.31402587890625, 11.327362060546875]"
2025-11-24T15:59:33.937241,/muse/gyro,"[-5.12908935546875, -17.57049560546875, 13.577880859375]"
2025-11-24T15:59:34.014779,/muse/gyro,"[-5.12908935546875, -17.57049560546875, 13.577880859375]"
2025-11-24T15:59:34.091023,/muse/gyro,"[-5.12908935546875, -17.57049560546875, 13.577880859375]"
2025-11-24T15:59:34.154011,/muse/eeg,"[776.0439560439561, 741.3919413919414, 723.2600732600732, 799.4139194139194]"
2025-11-24T15:59:34.262868,/muse/eeg,"[772.4175824175825, 753.0769230769231, 674.9084249084249, 827.2161172161173]"
2025-11-24T15:59:34.309124,/muse/eeg,"[806.6666666666667, 753.0769230769231, 710.3663003663004, 795.3846153846154]"
2025-11-24T15:59:34.355146,/muse/eeg,"[822.3809523809524, 753.4798534798535, 724.8717948717949, 792.967032967033]"
2025-11-24T15:59:34.385512,/muse/eeg,"[808.2783882783883, 765.9706959706959, 671.6849816849817, 802.2344322344322]"
2025-11-24T15:59:34.447224,/muse/eegAux,"[nan, nan, 0.0, 0.0]"
2025-11-24T15:59:34.507749,/muse/eeg,"[683.7728937728938, 763.956043956044, 762.7472527472528, 815.934065934066]"
2025-11-24T15:59:34.585014,/muse/eegAux,"[nan, nan, 0.0, 0.0]"
2025-11-24T15:59:34.646555,/muse/gyro,"[2.28790283203125, -0.770111083984375, 12.6507568359375]"
2025-11-24T15:59:34.738981,/muse/drlref,"[1619780.2197802197, 1596410.2564102563]"
2025-11-24T15:59:34.817538,/muse/eeg,"[778.8644688644689, 748.6446886446887, 180.1098901098901, 818.7545787545788]"
2025-11-24T15:59:34.864595,/muse/eeg,"[791.7582417582418, 726.0805860805862, 381.57509157509156, 802.2344322344322]"
2025-11-24T15:59:34.895878,/muse/eeg,"[751.4652014652015, 752.6739926739926, 593.919413919414, 809.8901098901099]"
2025-11-24T15:59:35.003748,/muse/eeg,"[826.4102564102565, 756.3003663003664, 677.7289377289377, 811.0989010989011]"
2025-11-24T15:59:35.050252,/muse/gyro,"[5.51788330078125, -5.0244140625, 13.301239013671875]"
2025-11-24T15:59:34.956906,/muse/eeg,"[817.5457875457876, 759.92673992674, 655.1648351648352, 827.6190476190476]"
2025-11-24T15:59:35.235948,/muse/elements/alpha_relative,"[0.2026175048188711, 0.25092859625421066, 0.1969018943271207, 0.19588507764402494]"
2025-11-24T15:59:35.329388,/muse/gyro,"[6.44500732421875, -14.1162109375, 8.3441162109375]"
2025-11-24T15:59:35.298482,/muse/elements/gamma_absolute,"[1.2041453423478565, 0.30330570873083984, -3.0203266379668348, 0.40121505189610013]"
2025-11-24T15:59:35.391305,/muse/eeg,"[740.989010989011, 765.1648351648352, 695.8608058608058, 770.4029304029305]"
2025-11-24T15:59:35.515336,/muse/eeg,"[756.7032967032967, 778.0586080586081, 696.2637362637363, 790.5494505494506]"
2025-11-24T15:59:35.546332,/muse/eeg,"[807.0695970695971, 775.2380952380953, 667.2527472527473, 796.5934065934066]"
2025-11-24T15:59:35.609560,/muse/eeg,"[694.6520146520147, 808.6813186813187, 709.1575091575091, 684.5787545787546]"
2025-11-24T15:59:35.670173,/muse/acc,"[-0.10345458984375, -0.07757568359375, 1.004150390625]"
2025-11-24T15:59:35.716875,/muse/eeg,"[859.8534798534798, 783.2967032967033, 686.1904761904763, 840.5128205128206]"
2025-11-24T15:59:35.732107,/muse/eeg,"[850.5860805860806, 771.2087912087912, 726.886446886447, 811.5018315018315]"
2025-11-24T15:59:35.794166,/muse/eegAux,"[nan, nan, 0.0, 0.0]"
2025-11-24T15:59:35.933987,/muse/gyro,"[4.762725830078125, -5.38330078125, -0.814971923828125]"
2025-11-24T15:59:35.871245,/muse/eeg,"[843.3333333333334, 766.7765567765568, 743.0036630036631, 820.7692307692308]"
2025-11-24T15:59:36.012286,/muse/gyro,"[4.269256591796875, -5.4730224609375, -2.684173583984375]"
2025-11-24T15:59:36.135627,/muse/gyro,"[4.605712890625, -4.478607177734375, -4.97955322265625]"
2025-11-24T15:59:36.273755,/muse/gyro,"[4.673004150390625, -4.47113037109375, -5.196380615234375]"
2025-11-24T15:59:36.351547,/muse/gyro,"[4.673004150390625, -4.47113037109375, -5.196380615234375]"
2025-11-24T15:59:36.398467,/muse/elements/alpha_absolute,"[1.3103544540614362, 0.9378407865761208, -3.0464130382657006, 0.8172972462703469]"
2025-11-24T15:59:36.444512,/muse/eeg,"[821.1721611721612, 704.3223443223443, 751.8681318681319, 795.3846153846154]"
2025-11-24T15:59:36.553092,/muse/eegAux,"[nan, nan, 0.0, 0.0]"
2025-11-24T15:59:36.569285,/muse/gyro,"[11.955413818359375, -1.4654541015625, -12.867584228515625]"
2025-11-24T15:59:36.630436,/muse/eeg,"[850.5860805860806, 774.4322344322345, 788.9377289377289, 796.996336996337]"
2025-11-24T15:59:36.707693,/muse/eegAux,"[nan, nan, 0.0, 0.0]"
2025-11-24T15:59:36.722446,/muse/eeg,"[813.5164835164835, 763.956043956044, 767.5824175824176, 786.9230769230769]"
2025-11-24T15:59:36.815384,/muse/eegAux,"[nan, nan, 0.0, 0.0]"
2025-11-24T15:59:36.845689,/muse/is_good,"[0.0, 0.0, 0.0, 0.0]"
2025-11-24T15:59:36.877144,/muse/eeg,"[826.007326007326, 783.2967032967033, 747.8388278388279, 786.5201465201466]"
2025-11-24T15:59:36.971312,/muse/elements/alpha_absolute,"[1.3103544540614362, 0.9378407865761208, -3.0464130382657006, 0.7997048646984432]"
2025-11-24T15:59:37.065476,/muse/eeg,"[828.4249084249085, 765.5677655677656, 687.8021978021978, 797.8021978021978]"
2025-11-24T15:59:37.033969,/muse/elements/beta_absolute,"[1.6636290497778092, 0.7217014588491858, -2.7866814850890833, 0.8471469920140141]"
2025-11-24T15:59:37.111124,/muse/eegAux,"[nan, nan, 0.0, 0.0]"
2025-11-24T15:59:37.156937,/muse/is_good,"[0.0, 0.0, 0.0, 0.0]"
2025-11-24T15:59:37.234038,/muse/gyro,"[-1.353302001953125, -1.36077880859375, 1.4654541015625]"
2025-11-24T15:59:37.279624,/muse/gyro,"[-2.370147705078125, -1.1065673828125, 2.07855224609375]"
2025-11-24T15:59:37.325826,/muse/gyro,"[-2.370147705078125, -1.1065673828125, 2.07855224609375]"
2025-11-24T15:59:37.371654,/muse/elements/alpha_absolute,"[1.3103544540614362, 0.9378407865761208, -3.0464130382657006, 0.7997048646984432]"
2025-11-24T15:59:37.403602,/muse/elements/delta_relative,"[0.0320298947061146, 0.37926678688417415, 0.1430143427055729, 0.44285500556076435]"
2025-11-24T15:59:37.450466,/muse/eeg,"[816.7399267399268, 760.3296703296703, 713.1868131868132, 851.3919413919414]"
2025-11-24T15:59:37.512053,/muse/gyro,"[2.205657958984375, -2.4822998046875, 1.435546875]"
2025-11-24T15:59:37.559103,/muse/eeg,"[842.9304029304029, 784.1025641025641, 707.948717948718, 807.8754578754579]"
2025-11-24T15:59:37.606053,/muse/eegAux,"[nan, nan, 0.0, 0.0]"
2025-11-24T15:59:37.717892,/muse/eeg,"[775.2380952380953, 748.6446886446887, 704.7252747252747, 803.040293040293]"
2025-11-24T15:59:37.669365,/muse/acc,"[-0.09326171875, -0.0948486328125, 0.98895263671875]"
2025-11-24T15:59:37.764044,/muse/gyro,"[5.674896240234375, -1.9140625, -30.52032470703125]"
2025-11-24T15:59:37.888440,/muse/gyro,"[3.611297607421875, -0.04486083984375, -27.163238525390625]"
2025-11-24T15:59:37.965223,/muse/eeg,"[774.4322344322345, 761.1355311355312, 722.4542124542124, 808.6813186813187]"
2025-11-24T15:59:38.011436,/muse/eeg,"[807.4725274725275, 748.2417582417582, 751.4652014652015, 786.5201465201466]"
2025-11-24T15:59:38.073622,/muse/eegAux,"[nan, nan, 0.0, 0.0]"
2025-11-24T15:59:38.119812,/muse/elements/beta_absolute,"[1.6636290497778092, 0.46984943331771784, -2.7866814850890833, 0.8471469920140141]"
2025-11-24T15:59:38.214193,/muse/hsi,"[2.0, 1.0, 1.0, 2.0]"
2025-11-24T15:59:38.167189,/muse/gyro,"[4.56085205078125, 2.594451904296875, -102.26028442382812]"
2025-11-24T15:59:38.291358,/muse/eegAux,"[nan, nan, 0.0, 0.0]"
2025-11-24T15:59:38.368727,/muse/eeg,"[828.021978021978, 758.3150183150184, 783.6996336996338, 844.1391941391942]"
2025-11-24T15:59:38.244367,/muse/gyro,"[-0.01495361328125, 9.024505615234375, -223.167724609375]"
2025-11-24T15:59:38.431041,/muse/eeg,"[701.0989010989011, 775.6410256410256, 789.7435897435897, 919.8901098901099]"
2025-11-24T15:59:38.493190,/muse/eeg,"[776.8498168498169, 774.4322344322345, 897.3260073260074, 989.1941391941392]"
2025-11-24T15:59:38.461936,/muse/eegAux,"[nan, nan, 0.0, 0.0]"
2025-11-24T15:59:38.539521,/muse/acc,"[0.13031005859375, -0.10125732421875, 0.9510498046875]"
2025-11-24T15:59:38.634131,/muse/eeg,"[781.2820512820513, 746.2271062271062, 838.4981684981685, 895.7142857142858]"
2025-11-24T15:59:38.680160,/muse/gyro,"[24.17999267578125, 9.79461669921875, -45.092620849609375]"
2025-11-24T15:59:38.711811,/muse/eegAux,"[nan, nan, 0.0, 0.0]"
2025-11-24T15:59:38.788322,/muse/acc,"[-0.0777587890625, 0.1756591796875, 1.08428955078125]"
2025-11-24T15:59:38.742468,/muse/eeg,"[814.3223443223443, 784.1025641025641, 786.5201465201466, 825.2014652014652]"
2025-11-24T15:59:38.850224,/muse/eeg,"[701.0989010989011, 770.4029304029305, 778.4615384615385, 802.6373626373627]"
2025-11-24T15:59:38.881607,/muse/eegAux,"[nan, nan, 0.0, 0.0]"
2025-11-24T15:59:38.912066,/muse/eeg,"[781.2820512820513, 780.4761904761905, 722.8571428571429, 780.8791208791209]"
2025-11-24T15:59:38.959027,/muse/eeg,"[788.9377289377289, 810.6959706959707, 704.3223443223443, 748.6446886446887]"
2025-11-24T15:59:39.005317,/muse/acc,"[-0.08056640625, 0.1710205078125, 1.0162353515625]"
2025-11-24T15:59:39.098148,/muse/gyro,"[-1.757049560546875, 10.72174072265625, -10.355377197265625]"
2025-11-24T15:59:39.159747,/muse/elements/alpha_absolute,"[1.3103544540614362, 0.9428315359797922, -3.0464130382657006, 0.7997048646984432]"
2025-11-24T15:59:39.190534,/muse/eeg,"[835.6776556776557, 767.5824175824176, 772.4175824175825, 788.9377289377289]"
2025-11-24T15:59:39.221999,/muse/eeg,"[778.8644688644689, 748.2417582417582, 765.9706959706959, 814.7252747252747]"
2025-11-24T15:59:39.315866,/muse/acc,"[-0.197021484375, 0.12908935546875, 1.0133056640625]"
2025-11-24T15:59:39.377895,/muse/eeg,"[849.7802197802198, 766.7765567765568, 759.92673992674, 807.0695970695971]"
2025-11-24T15:59:39.441292,/muse/eeg,"[836.0805860805862, 774.8351648351648, 764.7619047619048, 802.6373626373627]"
2025-11-24T15:59:39.473307,/muse/eeg,"[807.8754578754579, 773.6263736263736, 908.2051282051282, 789.7435897435897]"
2025-11-24T15:59:39.503695,/muse/eeg,"[757.1062271062272, 772.8205128205128, 844.1391941391942, 782.893772893773]"
2025-11-24T15:59:39.665635,/muse/gyro,"[5.869293212890625, 2.444915771484375, 1.83929443359375]"
2025-11-24T15:59:39.603066,/muse/eeg,"[778.0586080586081, 766.3736263736264, 798.6080586080586, 804.6520146520147]"
2025-11-24T15:59:39.711503,/muse/eeg,"[824.3956043956044, 776.8498168498169, 757.1062271062272, 800.2197802197802]"
2025-11-24T15:59:39.743448,/muse/eeg,"[805.8608058608058, 771.2087912087912, 666.4468864468864, 800.6227106227107]"
2025-11-24T15:59:39.789595,/muse/gyro,"[7.10296630859375, -5.973968505859375, 1.936492919921875]"
2025-11-24T15:59:39.804806,/muse/gyro,"[2.093505859375, -7.52166748046875, 2.64678955078125]"
2025-11-24T15:59:39.866789,/muse/eegAux,"[nan, nan, 0.0, 0.0]"
2025-11-24T15:59:39.927894,/muse/eeg,"[749.8534798534798, 772.014652014652, 770.0, 787.3260073260074]"
2025-11-24T15:59:39.989310,/muse/eeg,"[647.1062271062272, 791.7582417582418, 867.9120879120879, 766.3736263736264]"
2025-11-24T15:59:40.050474,/muse/eeg,"[701.5018315018315, 782.4908424908425, 839.3040293040293, 775.2380952380953]"
2025-11-24T15:59:40.096172,/muse/eegAux,"[nan, nan, 0.0, 0.0]"
2025-11-24T15:59:40.206414,/muse/eeg,"[753.4798534798535, 774.8351648351648, 813.919413919414, 790.5494505494506]"
2025-11-24T15:59:40.252964,/muse/drlref,"[1619780.2197802197, 1596410.2564102563]"
2025-11-24T15:59:40.268917,/muse/elements/alpha_absolute,"[1.3103544540614362, 1.2205576404988632, -3.0464130382657006, 0.7997048646984432]"
2025-11-24T15:59:40.315165,/muse/eeg,"[813.1135531135532, 756.7032967032967, 764.7619047619048, 794.5787545787546]"
2025-11-24T15:59:40.361332,/muse/elements/beta_relative,"[0.4570372085813913, 0.11520402561669092, 0.35808114004161157, 0.18158014488690333]"
2025-11-24T15:59:40.454598,/muse/acc,"[-0.2105712890625, 0.1932373046875, 1.00531005859375]"
2025-11-24T15:59:40.547110,/muse/eeg,"[807.8754578754579, 771.2087912087912, 804.6520146520147, 808.6813186813187]"
2025-11-24T15:59:40.608486,/muse/eegAux,"[nan, nan, 0.0, 0.0]"
2025-11-24T15:59:40.654814,/muse/acc,"[-0.1463623046875, 0.16796875, 0.98626708984375]"
2025-11-24T15:59:40.764190,/muse/eeg,"[840.5128205128206, 751.8681318681319, 767.985347985348, 801.025641025641]"
2025-11-24T15:59:40.840256,/muse/eeg,"[876.7765567765568, 780.4761904761905, 773.6263736263736, 819.1575091575091]"
2025-11-24T15:59:40.870871,/muse/eeg,"[848.1684981684982, 784.1025641025641, 753.0769230769231, 779.2673992673992]"
2025-11-24T15:59:40.932073,/muse/eeg,"[774.4322344322345, 757.9120879120879, 788.5347985347986, 786.9230769230769]"
2025-11-24T15:59:40.948031,/muse/eeg,"[810.6959706959707, 778.8644688644689, 718.4249084249085, 809.8901098901099]"
2025-11-24T15:59:40.886107,/muse/drlref,"[1619780.2197802197, 1596410.2564102563]"
2025-11-24T15:59:41.056660,/muse/elements/beta_absolute,"[1.6636290497778092, 0.5794123151378675, -2.7866814850890833, 0.8471469920140141]"
2025-11-24T15:59:41.104300,/muse/gyro,"[-5.794525146484375, -3.910369873046875, 0.49346923828125]"
2025-11-24T15:59:41.165929,/muse/eeg,"[794.981684981685, 770.8058608058608, 732.9304029304029, 785.3113553113553]"
2025-11-24T15:59:41.197035,/muse/eeg,"[805.4578754578755, 768.7912087912088, 722.4542124542124, 807.0695970695971]"
2025-11-24T15:59:41.258709,/muse/eegAux,"[nan, nan, 0.0, 0.0]"
2025-11-24T15:59:41.244025,/muse/eeg,"[788.5347985347986, 775.6410256410256, 716.4102564102565, 791.3553113553114]"
2025-11-24T15:59:41.322162,/muse/eeg,"[763.956043956044, 738.1684981684982, 711.978021978022, 788.5347985347986]"
2025-11-24T15:59:41.462757,/muse/gyro,"[-2.3626708984375, -11.551666259765625, -2.056121826171875]"
2025-11-24T15:59:41.525334,/muse/elements/delta_relative,"[0.0320298947061146, 0.27931028718387024, 0.1430143427055729, 0.44285500556076435]"
2025-11-24T15:59:41.556838,/muse/eeg,"[768.3882783882784, 760.3296703296703, 678.1318681318681, 803.4432234432235]"
2025-11-24T15:59:41.588175,/muse/gyro,"[-0.16448974609375, -6.81884765625, 2.385101318359375]"
2025-11-24T15:59:41.634482,/muse/elements/alpha_absolute,"[1.3103544540614362, 0.9738034379817254, -3.0464130382657006, 0.7997048646984432]"
2025-11-24T15:59:41.711679,/muse/eeg,"[849.7802197802198, 769.5970695970697, 869.1208791208792, 822.7838827838829]"
2025-11-24T15:59:41.757787,/muse/elements/alpha_absolute,"[1.3103544540614362, 0.9631136029027235, -3.0464130382657006, 0.7997048646984432]"
2025-11-24T15:59:41.851770,/muse/gyro,"[0.246734619140625, -0.46356201171875, -0.22430419921875]"
2025-11-24T15:59:41.961045,/muse/gyro,"[9.951629638671875, -3.768310546875, 15.56671142578125]"
2025-11-24T15:59:41.991729,/muse/eeg,"[612.4542124542124, 774.4322344322345, 539.92673992674, 726.4835164835165]"
2025-11-24T15:59:42.038404,/muse/eegAux,"[nan, nan, 0.0, 0.0]"
2025-11-24T15:59:42.163398,/muse/acc,"[-0.0411376953125, 0.0147705078125, 0.9794921875]"
2025-11-24T15:59:42.225435,/muse/eegAux,"[nan, nan, 0.0, 0.0]"
2025-11-24T15:59:42.288861,/muse/eeg,"[886.4468864468864, 773.6263736263736, 0.0, 855.8241758241759]"
2025-11-24T15:59:42.318907,/muse/gyro,"[13.2489013671875, -5.061798095703125, 37.7728271484375]"
2025-11-24T15:59:42.365540,/muse/gyro,"[13.2489013671875, -5.061798095703125, 37.7728271484375]"
2025-11-24T15:59:42.443999,/muse/eeg,"[813.919413919414, 744.6153846153846, 0.0, 799.4139194139194]"
2025-11-24T15:59:42.521248,/muse/eeg,"[751.0622710622711, 753.0769230769231, 0.0, 774.8351648351648]"
2025-11-24T15:59:42.615886,/muse/eeg,"[746.6300366300367, 743.8095238095239, 0.0, 776.0439560439561]"
2025-11-24T15:59:42.831025,/muse/eeg,"[830.0366300366301, 680.5494505494506, 0.0, 834.4688644688645]"
2025-11-24T15:59:42.784944,/muse/eeg,"[834.8717948717949, 766.3736263736264, 0.0, 779.6703296703297]"
2025-11-24T15:59:42.894635,/muse/eegAux,"[nan, nan, 0.0, 0.0]"
2025-11-24T15:59:42.739051,/muse/eeg,"[783.6996336996338, 758.7179487179487, 0.0, 794.5787545787546]"
2025-11-24T15:59:42.988336,/muse/acc,"[0.240234375, -0.10198974609375, 0.96453857421875]"
2025-11-24T15:59:43.020304,/muse/eeg,"[833.2600732600733, 727.6923076923077, 0.0, 793.7728937728938]"
2025-11-24T15:59:43.098860,/muse/acc,"[0.22344970703125, -0.0733642578125, 0.9700927734375]"
2025-11-24T15:59:43.161925,/muse/gyro,"[15.20782470703125, 2.13836669921875, 10.310516357421875]"
2025-11-24T15:59:43.208277,/muse/eeg,"[771.2087912087912, 783.2967032967033, 396.0805860805861, 781.6849816849817]"
2025-11-24T15:59:43.270363,/muse/eeg,"[737.3626373626374, 751.0622710622711, 422.6739926739927, 777.6556776556777]"
2025-11-24T15:59:43.410052,/muse/eeg,"[782.893772893773, 746.6300366300367, 427.91208791208794, 770.8058608058608]"
2025-11-24T15:59:43.332681,/muse/eeg,"[795.7875457875458, 749.8534798534798, 444.43223443223445, 790.5494505494506]"
2025-11-24T15:59:43.472883,/muse/eeg,"[785.3113553113553, 751.8681318681319, 58.42490842490842, 779.2673992673992]"
2025-11-24T15:59:43.441274,/muse/eegAux,"[nan, nan, 0.0, 0.0]"
2025-11-24T15:59:43.582759,/muse/eegAux,"[nan, nan, 0.0, 0.0]"
2025-11-24T15:59:43.676401,/muse/eeg,"[790.952380952381, 763.956043956044, 220.0, 807.8754578754579]"
2025-11-24T15:59:43.722927,/muse/gyro,"[5.15899658203125, -2.758941650390625, -6.497344970703125]"
2025-11-24T15:59:43.816021,/muse/eeg,"[811.5018315018315, 776.0439560439561, 0.0, 801.8315018315019]"
2025-11-24T15:59:43.894465,/muse/eeg,"[807.8754578754579, 701.9047619047619, 0.0, 829.6336996336996]"
2025-11-24T15:59:43.941640,/muse/eeg,"[823.992673992674, 726.886446886447, 0.0, 787.3260073260074]"
2025-11-24T15:59:44.050622,/muse/gyro,"[16.9873046875, -1.854248046875, -1.8841552734375]"
2025-11-24T15:59:43.987625,/muse/gyro,"[13.86199951171875, 1.256103515625, -7.91046142578125]"
2025-11-24T15:59:44.113377,/muse/eeg,"[827.2161172161173, 749.4505494505495, 0.0, 786.9230769230769]"
2025-11-24T15:59:44.158956,/muse/acc,"[0.13360595703125, 0.12799072265625, 0.99554443359375]"
2025-11-24T15:59:44.251641,/muse/gyro,"[9.473114013671875, -6.160888671875, 2.332763671875]"
2025-11-24T15:59:44.298126,/muse/eegAux,"[nan, nan, 0.0, 0.0]"
2025-11-24T15:59:44.392888,/muse/eeg,"[857.4358974358975, 691.4285714285714, 1622.6007326007327, 778.8644688644689]"
2025-11-24T15:59:44.377049,/muse/elements/gamma_relative,"[0.15866014655739324, 0.03605955324282969, 0.20909145977338225, 0.2160274349025407]"
2025-11-24T15:59:44.487044,/muse/eeg,"[822.7838827838829, 701.9047619047619, 1622.6007326007327, 842.5274725274726]"
2025-11-24T15:59:44.563731,/muse/eeg,"[736.959706959707, 784.1025641025641, 1622.6007326007327, 802.6373626373627]"
2025-11-24T15:59:44.532548,/muse/eeg,"[836.0805860805862, 733.3333333333334, 1622.6007326007327, 812.3076923076924]"
2025-11-24T15:59:44.641611,/muse/eeg,"[732.9304029304029, 801.025641025641, 1621.7948717948718, 820.3663003663004]"
2025-11-24T15:59:44.734778,/muse/eeg,"[675.3113553113553, 821.5750915750916, 1201.5384615384617, 721.2454212454213]"
2025-11-24T15:59:44.780642,/muse/eegAux,"[nan, nan, 0.0, 0.0]"
2025-11-24T15:59:44.858083,/muse/eeg,"[684.1758241758242, 829.6336996336996, 1136.6666666666667, 682.1611721611722]"
2025-11-24T15:59:44.903876,/muse/eegAux,"[nan, nan, 0.0, 0.0]"
2025-11-24T15:59:44.965982,/muse/eeg,"[699.4871794871796, 830.8424908424909, 1035.128205128205, 729.3040293040293]"
2025-11-24T15:59:45.029399,/muse/eeg,"[770.4029304029305, 762.7472527472528, 699.0842490842491, 878.3882783882784]"
2025-11-24T15:59:45.060484,/muse/eegAux,"[nan, nan, 0.0, 0.0]"
2025-11-24T15:59:45.125350,/muse/eeg,"[284.87179487179486, 623.3333333333334, 1623.4065934065934, 832.4542124542124]"
2025-11-24T15:59:45.233532,/muse/drlref,"[1620586.0805860804, 1596410.2564102563]"
2025-11-24T15:59:45.248726,/muse/gyro,"[3.529052734375, -2.70660400390625, -6.160888671875]"
2025-11-24T15:59:45.294832,/muse/eeg,"[1285.3479853479853, 710.7692307692308, 1050.8424908424909, 803.4432234432235]"
2025-11-24T15:59:45.418231,/muse/eeg,"[689.0109890109891, 541.941391941392, 1413.076923076923, 828.8278388278388]"
2025-11-24T15:59:45.356712,/muse/elements/alpha_relative,"[0.2026175048188711, 0.16852018539125382, 0.1969018943271207, 0.18819011224207088]"
2025-11-24T15:59:45.464476,/muse/gyro,"[1.2860107421875, 1.472930908203125, -1.6448974609375]"
2025-11-24T15:59:45.542428,/muse/gyro,"[1.2860107421875, 1.472930908203125, -1.6448974609375]"
2025-11-24T15:59:45.588986,/muse/eeg,"[1.208791208791209, 498.02197802197804, 1639.5238095238096, 774.4322344322345]"
2025-11-24T15:59:45.651410,/muse/acc,"[0.2000732421875, 0.05291748046875, 0.97637939453125]"
2025-11-24T15:59:45.696945,/muse/elements/alpha_absolute,"[1.3103544540614362, 0.6973946732712177, -3.0464130382657006, 0.6568407380535913]"
2025-11-24T15:59:45.759022,/muse/gyro,"[11.5142822265625, 1.495361328125, -6.123504638671875]"
2025-11-24T15:59:45.806265,/muse/eeg,"[655.1648351648352, 713.5897435897436, 1384.871794871795, 906.996336996337]"
2025-11-24T15:59:45.851391,/muse/eeg,"[0.0, 739.3772893772893, 1266.0073260073261, 838.901098901099]"
2025-11-24T15:59:45.896962,/muse/eegAux,"[nan, nan, 0.0, 0.0]"
2025-11-24T15:59:45.944525,/muse/gyro,"[8.62823486328125, -6.05621337890625, 3.94775390625]"
2025-11-24T15:59:45.991782,/muse/eeg,"[396.4835164835165, 768.3882783882784, 664.8351648351648, 809.0842490842491]"
2025-11-24T15:59:46.069568,/muse/eegAux,"[nan, nan, 0.0, 0.0]"
2025-11-24T15:59:46.209787,/muse/gyro,"[4.91973876953125, -7.798309326171875, 5.12908935546875]"
2025-11-24T15:59:46.256241,/muse/gyro,"[4.91973876953125, -7.798309326171875, 5.12908935546875]"
2025-11-24T15:59:46.333357,/muse/eeg,"[1621.7948717948718, 747.4358974358975, 1358.6813186813188, 812.7106227106227]"
2025-11-24T15:59:46.395386,/muse/elements/delta_absolute,"[0.5092330022140743, 1.0405013789019593, -3.185283338198744, 1.0325148192913782]"
2025-11-24T15:59:46.456528,/muse/elements/theta_absolute,"[1.1787694344635058, 0.8237712578512124, -3.372595035594313, 0.7017879590636319]"
2025-11-24T15:59:46.486184,/muse/eeg,"[1621.7948717948718, 570.1465201465202, 1008.1318681318681, 821.1721611721612]"
2025-11-24T15:59:46.549125,/muse/gyro,"[9.473114013671875, -10.579681396484375, -21.959381103515625]"
2025-11-24T15:59:46.517374,/muse/battery,[5.0]
2025-11-24T15:59:46.610548,/muse/eegAux,"[nan, nan, 0.0, 0.0]"
2025-11-24T15:59:46.703565,/muse/eeg,"[1381.6483516483518, 713.5897435897436, 846.959706959707, 864.2857142857143]"
2025-11-24T15:59:46.733955,/muse/eeg,"[1072.6007326007327, 715.6043956043957, 818.3516483516484, 926.3369963369963]"
2025-11-24T15:59:46.763958,/muse/eegAux,"[nan, nan, 0.0, 0.0]"
2025-11-24T15:59:46.858052,/muse/acc,"[0.1888427734375, 0.2215576171875, 0.940673828125]"
2025-11-24T15:59:46.873583,/muse/eeg,"[763.5531135531136, 755.0915750915751, 1064.5421245421246, 826.007326007326]"
2025-11-24T15:59:46.997657,/muse/eeg,"[679.7435897435897, 736.5567765567765, 920.2930402930403, 816.7399267399268]"
2025-11-24T15:59:47.075981,/muse/eeg,"[835.6776556776557, 769.1941391941392, 956.959706959707, 758.3150183150184]"
2025-11-24T15:59:47.153903,/muse/eeg,"[871.941391941392, 784.9084249084249, 874.7619047619048, 807.0695970695971]"
2025-11-24T15:59:47.169508,/muse/eegAux,"[nan, nan, 0.0, 0.0]"
2025-11-24T15:59:47.216928,/muse/eeg,"[838.0952380952381, 753.8827838827839, 736.5567765567765, 788.9377289377289]"
2025-11-24T15:59:47.388177,/muse/eeg,"[842.1245421245421, 749.047619047619, 979.5238095238095, 798.2051282051282]"
2025-11-24T15:59:47.418104,/muse/eeg,"[821.1721611721612, 751.4652014652015, 866.7032967032967, 797.3992673992674]"
2025-11-24T15:59:47.527102,/muse/eeg,"[778.4615384615385, 786.9230769230769, 1030.2930402930403, 785.3113553113553]"
2025-11-24T15:59:47.573329,/muse/eeg,"[765.1648351648352, 809.0842490842491, 996.4468864468864, 789.7435897435897]"
2025-11-24T15:59:47.604993,/muse/elements/alpha_absolute,"[1.3103544540614362, 0.6973946732712177, -3.0464130382657006, 0.6568407380535913]"
2025-11-24T15:59:47.728919,/muse/eeg,"[788.9377289377289, 835.2747252747253, 1505.7509157509157, 801.025641025641]"
2025-11-24T15:59:47.683085,/muse/gyro,"[2.2430419921875, 5.00946044921875, -18.04901123046875]"
2025-11-24T15:59:47.868749,/muse/hsi,"[2.0, 1.0, 4.0, 2.0]"
2025-11-24T15:59:47.962561,/muse/eeg,"[787.3260073260074, 802.2344322344322, 799.8168498168499, 804.2490842490843]"
2025-11-24T15:59:48.009360,/muse/eeg,"[788.5347985347986, 802.2344322344322, 845.7509157509157, 809.4871794871796]"
2025-11-24T15:59:48.086151,/muse/gyro,"[14.9835205078125, -0.800018310546875, -1.2860107421875]"
2025-11-24T15:59:48.180072,/muse/elements/alpha_absolute,"[1.3103544540614362, 0.6973946732712177, -3.0464130382657006, 0.6568407380535913]"
2025-11-24T15:59:48.227227,/muse/gyro,"[26.206207275390625, 2.1533203125, -1.18133544921875]"
2025-11-24T15:59:48.289742,/muse/eeg,"[750.2564102564103, 758.3150183150184, 432.34432234432234, 838.901098901099]"
2025-11-24T15:59:48.336592,/muse/eeg,"[749.047619047619, 819.5604395604396, 235.31135531135533, 814.7252747252747]"
2025-11-24T15:59:48.445726,/muse/gyro,"[7.259979248046875, -8.590850830078125, -3.656158447265625]"
2025-11-24T15:59:48.506834,/muse/drlref,"[1619780.2197802197, 1596410.2564102563]"
2025-11-24T15:59:48.615744,/muse/drlref,"[1620586.0805860804, 1596410.2564102563]"
2025-11-24T15:59:48.678061,/muse/eeg,"[705.1282051282052, 902.5641025641025, 87.83882783882784, 732.9304029304029]"
2025-11-24T15:59:48.709638,/muse/eeg,"[765.5677655677656, 777.6556776556777, 461.75824175824175, 783.6996336996338]"
2025-11-24T15:59:48.740973,/muse/elements/alpha_relative,"[0.2026175048188711, 0.16852018539125382, 0.1969018943271207, 0.19697151896464793]"
2025-11-24T15:59:48.833954,/muse/eeg,"[809.4871794871796, 769.1941391941392, 236.92307692307693, 830.8424908424909]"
2025-11-24T15:59:48.895117,/muse/eegAux,"[nan, nan, 0.0, 0.0]"
2025-11-24T15:59:48.910547,/muse/eeg,"[780.0732600732601, 588.2783882783883, 1416.3003663003662, 757.5091575091575]"
2025-11-24T15:59:48.942110,/muse/eeg,"[842.9304029304029, 747.8388278388279, 771.6117216117216, 863.0769230769231]"
2025-11-24T15:59:49.018825,/muse/eegAux,"[nan, nan, 0.0, 0.0]"
2025-11-24T15:59:49.065839,/muse/eeg,"[852.6007326007326, 767.1794871794872, 909.8168498168499, 812.7106227106227]"
2025-11-24T15:59:49.143829,/muse/eeg,"[759.5238095238095, 767.5824175824176, 990.0, 796.5934065934066]"
2025-11-24T15:59:49.235653,/muse/eegAux,"[nan, nan, 0.0, 0.0]"
2025-11-24T15:59:49.328525,/muse/eegAux,"[nan, nan, 0.0, 0.0]"
2025-11-24T15:59:49.375343,/muse/acc,"[0.11328125, 0.41912841796875, 0.89739990234375]"
2025-11-24T15:59:49.436440,/muse/acc,"[0.13104248046875, 0.4210205078125, 0.91656494140625]"
2025-11-24T15:59:49.481938,/muse/acc,"[0.13104248046875, 0.4210205078125, 0.91656494140625]"
2025-11-24T15:59:49.543845,/muse/eegAux,"[nan, nan, 0.0, 0.0]"
2025-11-24T15:59:49.651664,/muse/acc,"[0.16827392578125, 0.43212890625, 0.9251708984375]"
2025-11-24T15:59:49.715339,/muse/eeg,"[732.9304029304029, 719.2307692307693, 1205.5677655677655, 766.7765567765568]"
2025-11-24T15:59:49.762435,/muse/elements/delta_absolute,"[0.5092330022140743, 1.0405013789019593, -3.185283338198744, 1.0325148192913782]"
2025-11-24T15:59:49.824821,/muse/eeg,"[827.2161172161173, 766.3736263736264, 1479.1575091575091, 835.2747252747253]"
2025-11-24T15:59:49.887526,/muse/eeg,"[855.0183150183151, 761.941391941392, 1204.7619047619048, 864.2857142857143]"
2025-11-24T15:59:49.964500,/muse/eegAux,"[nan, nan, 0.0, 0.0]"
2025-11-24T15:59:49.995951,/muse/eeg,"[784.9084249084249, 770.8058608058608, 674.5054945054945, 748.6446886446887]"
2025-11-24T15:59:50.089179,/muse/eeg,"[669.6703296703297, 788.9377289377289, 1548.864468864469, 800.6227106227107]"
2025-11-24T15:59:50.166395,/muse/drlref,"[1619780.2197802197, 1596410.2564102563]"
2025-11-24T15:59:50.196650,/muse/drlref,"[1619780.2197802197, 1596410.2564102563]"
2025-11-24T15:59:50.244506,/muse/eegAux,"[nan, nan, 0.0, 0.0]"
2025-11-24T15:59:50.306814,/muse/gyro,"[-2.130889892578125, -19.81353759765625, 39.066314697265625]"
2025-11-24T15:59:50.353338,/muse/eegAux,"[nan, nan, 0.0, 0.0]"
2025-11-24T15:59:50.384966,/muse/eeg,"[659.5970695970697, 820.3663003663004, 432.34432234432234, 680.5494505494506]"
2025-11-24T15:59:50.446942,/muse/gyro,"[1.256103515625, 0.9869384765625, 14.990997314453125]"
2025-11-24T15:59:50.540575,/muse/eeg,"[705.934065934066, 1026.6666666666667, 1622.6007326007327, 799.0109890109891]"
2025-11-24T15:59:50.571338,/muse/acc,"[0.09515380859375, 0.31317138671875, 0.9478759765625]"
2025-11-24T15:59:50.617730,/muse/acc,"[0.12890625, 0.32891845703125, 0.96148681640625]"
2025-11-24T15:59:50.649022,/muse/elements/theta_absolute,"[1.1787694344635058, 0.8237712578512124, -3.372595035594313, 0.7017879590636319]"
2025-11-24T15:59:50.680253,/muse/eegAux,"[nan, nan, 0.0, 0.0]"
2025-11-24T15:59:50.741983,/muse/acc,"[0.11737060546875, 0.31182861328125, 0.9112548828125]"
2025-11-24T15:59:50.773946,/muse/acc,"[0.11737060546875, 0.31182861328125, 0.9112548828125]"
2025-11-24T15:59:50.804056,/muse/gyro,"[-2.37762451171875, -10.998382568359375, 11.895599365234375]"
2025-11-24T15:59:50.835824,/muse/eeg,"[770.8058608058608, 1392.5274725274726, 0.0, 765.1648351648352]"
2025-11-24T15:59:50.897267,/muse/eeg,"[1064.1391941391942, 1279.3040293040294, 0.0, 797.3992673992674]"
2025-11-24T15:59:50.944277,/muse/eegAux,"[nan, nan, 0.0, 0.0]"
2025-11-24T15:59:51.020648,/muse/gyro,"[6.50482177734375, 4.05242919921875, -14.183502197265625]"
2025-11-24T15:59:51.206203,/muse/gyro,"[5.51788330078125, 9.233856201171875, -12.164764404296875]"
2025-11-24T15:59:51.128723,/muse/elements/alpha_absolute,"[1.3103544540614362, 0.6973946732712177, -3.0464130382657006, 0.6568407380535913]"
2025-11-24T15:59:51.253246,/muse/eeg,"[993.6263736263736, 1005.7142857142858, 304.61538461538464, 886.0439560439561]"
2025-11-24T15:59:51.284406,/muse/gyro,"[5.390777587890625, -7.992706298828125, -14.40032958984375]"
2025-11-24T15:59:51.331982,/muse/eeg,"[875.1648351648352, 981.5384615384615, 170.03663003663004, 772.014652014652]"
2025-11-24T15:59:51.380184,/muse/eeg,"[623.3333333333334, 954.5421245421246, 0.0, 655.1648351648352]"
2025-11-24T15:59:51.474976,/muse/elements/gamma_absolute,"[1.2041453423478565, 0.027763086803443842, -3.0203266379668348, -0.034500604794612984]"
2025-11-24T15:59:51.536455,/muse/eeg,"[0.0, 0.0, 1608.4981684981685, 838.901098901099]"
2025-11-24T15:59:51.645703,/muse/gyro,"[-5.644989013671875, -36.59149169921875, -61.11541748046875]"
2025-11-24T15:59:51.692664,/muse/eeg,"[1618.1684981684982, 0.0, 1625.4212454212454, 834.4688644688645]"
2025-11-24T15:59:51.784893,/muse/eeg,"[1622.1978021978023, 12.893772893772894, 1622.6007326007327, 842.5274725274726]"
2025-11-24T15:59:51.847962,/muse/eeg,"[1476.739926739927, 0.0, 1622.6007326007327, 875.5677655677656]"
2025-11-24T15:59:51.893940,/muse/gyro,"[24.7930908203125, 26.6473388671875, -8.874969482421875]"
2025-11-24T15:59:51.987357,/muse/eeg,"[845.3479853479854, 89.85347985347985, 1622.6007326007327, 881.2087912087912]"
2025-11-24T15:59:52.034089,/muse/elements/gamma_absolute,"[1.2041453423478565, 0.027763086803443842, -3.0203266379668348, -0.034500604794612984]"
2025-11-24T15:59:52.002909,/muse/eeg,"[836.4835164835165, 210.32967032967034, 1622.6007326007327, 853.4065934065934]"
2025-11-24T15:59:52.142732,/muse/eeg,"[853.8095238095239, 619.7069597069598, 1018.6080586080586, 800.6227106227107]"
2025-11-24T15:59:52.189575,/muse/gyro,"[3.63372802734375, 0.9271240234375, 7.5665283203125]"
2025-11-24T15:59:52.221253,/muse/acc,"[-0.00250244140625, 0.34832763671875, 0.9588623046875]"
2025-11-24T15:59:52.282929,/muse/gyro,"[0.022430419921875, -16.052703857421875, 27.15576171875]"
2025-11-24T15:59:52.328469,/muse/gyro,"[1.45050048828125, -20.209808349609375, 39.8663330078125]"
2025-11-24T15:59:52.453197,/muse/eeg,"[606.4102564102565, 642.2710622710623, 1638.3150183150183, 670.0732600732601]"
2025-11-24T15:59:52.499339,/muse/acc,"[0.19512939453125, 0.3341064453125, 0.9334716796875]"
2025-11-24T15:59:52.561262,/muse/eeg,"[812.7106227106227, 647.1062271062272, 2.417582417582418, 826.007326007326]"
2025-11-24T15:59:52.639774,/muse/eeg,"[714.7985347985348, 722.4542124542124, 1329.6703296703297, 767.985347985348]"
2025-11-24T15:59:52.685816,/muse/eeg,"[637.4358974358975, 853.4065934065934, 0.0, 749.047619047619]"
2025-11-24T15:59:52.732923,/muse/eeg,"[672.893772893773, 917.8754578754579, 0.0, 731.3186813186813]"
2025-11-24T15:59:52.795131,/muse/gyro,"[-13.734893798828125, 23.469696044921875, 46.475830078125]"
2025-11-24T15:59:52.811393,/muse/eegAux,"[nan, nan, 0.0, 0.0]"
2025-11-24T15:59:52.857892,/muse/eeg,"[856.6300366300367, 839.7069597069598, 0.0, 803.8461538461539]"
2025-11-24T15:59:52.904181,/muse/eegAux,"[nan, nan, 0.0, 0.0]"
2025-11-24T15:59:52.997370,/muse/eeg,"[846.959706959707, 812.7106227106227, 0.0, 853.4065934065934]"
2025-11-24T15:59:53.061639,/muse/eegAux,"[nan, nan, 0.0, 0.0]"
2025-11-24T15:59:53.154778,/muse/gyro,"[-11.424560546875, -13.690032958984375, 14.3853759765625]"
2025-11-24T15:59:53.202239,/muse/eeg,"[799.8168498168499, 755.0915750915751, 0.0, 798.6080586080586]"
2025-11-24T15:59:53.249318,/muse/eegAux,"[nan, nan, 0.0, 0.0]"
2025-11-24T15:59:53.311541,/muse/eeg,"[763.5531135531136, 749.047619047619, 15.311355311355312, 796.1904761904763]"
2025-11-24T15:59:53.373413,/muse/eegAux,"[nan, nan, 0.0, 0.0]"
2025-11-24T15:59:53.467552,/muse/eegAux,"[nan, nan, 0.0, 0.0]"
2025-11-24T15:59:53.543973,/muse/eeg,"[774.4322344322345, 743.4065934065934, 371.9047619047619, 853.0036630036631]"
2025-11-24T15:59:53.606208,/muse/eegAux,"[nan, nan, 0.0, 0.0]"
2025-11-24T15:59:53.699551,/muse/eeg,"[843.3333333333334, 701.5018315018315, 1038.7545787545787, 818.3516483516484]"
2025-11-24T15:59:53.763902,/muse/gyro,"[-5.046844482421875, -5.62255859375, -11.73858642578125]"
6.0805860805862]"
2025-11-24T15:59:53.810621,/muse/gyro,"[-4.59075927734375, -4.78515625, -15.678863525390625]"
2025-11-24T15:59:53.856660,/muse/eeg,"[809.0842490842491, 647.1062271062272, 847.7655677655678, 819.1575091575091]"
2025-11-24T15:59:53.903419,/muse/eeg,"[767.985347985348, 688.6080586080586, 678.1318681318681, 824.3956043956044]"
2025-11-24T15:59:53.996702,/muse/eeg,"[789.3406593406594, 685.3846153846154, 983.1501831501831, 829.2307692307693]"
2025-11-24T15:59:54.090240,/muse/eeg,"[790.952380952381, 695.8608058608058, 131.75824175824175, 790.5494505494506]"
2025-11-24T15:59:54.168058,/muse/drlref,"[1622197.802197802, 1596410.2564102563]"
2025-11-24T15:59:54.059294,/muse/eeg,"[762.7472527472528, 706.7399267399268, 595.1282051282052, 796.5934065934066]"
2025-11-24T15:59:54.322945,/muse/acc,"[0.1326904296875, 0.06640625, 0.97784423828125]"
2025-11-24T15:59:54.244353,/muse/acc,"[0.12542724609375, 0.06256103515625, 0.98052978515625]"
2025-11-24T15:59:54.229392,/muse/drlref,"[1623003.663003663, 1596410.2564102563]"
2025-11-24T15:59:54.400707,/muse/elements/beta_absolute,"[1.6636290497778092, 0.7688373048415352, -2.7866814850890833, 0.2470522662231244]"
2025-11-24T15:59:54.431880,/muse/eeg,"[851.3919413919414, 681.7582417582418, 1622.1978021978023, 848.5714285714286]"
2025-11-24T15:59:54.635233,/muse/eeg,"[371.09890109890114, 1307.912087912088, 765.1648351648352, 526.2271062271062]"
2025-11-24T15:59:54.463163,/muse/eeg,"[1002.4908424908425, 708.3516483516484, 1608.095238095238, 1046.0073260073261]"
2025-11-24T15:59:54.541932,/muse/eegAux,"[nan, nan, 0.0, 0.0]"
2025-11-24T15:59:54.852260,/muse/eegAux,"[nan, nan, 0.0, 0.0]"
2025-11-24T15:59:54.837136,/muse/eeg,"[430.73260073260076, 1503.7362637362637, 171.24542124542126, 596.3369963369963]"
2025-11-24T15:59:54.945619,/muse/eeg,"[859.047619047619, 544.7619047619048, 1622.6007326007327, 792.5641025641025]"
2025-11-24T15:59:55.007809,/muse/eeg,"[851.3919413919414, 515.3479853479854, 1622.6007326007327, 794.5787545787546]"
2025-11-24T15:59:55.054092,/muse/eeg,"[847.7655677655678, 0.0, 1622.6007326007327, 824.3956043956044]"
2025-11-24T15:59:55.115495,/muse/is_good,"[0.0, 0.0, 0.0, 0.0]"
2025-11-24T15:59:55.285946,/muse/eeg,"[892.4908424908425, 0.0, 1622.1978021978023, 760.7326007326008]"
2025-11-24T15:59:55.224165,/muse/gyro,"[-20.778045654296875, 15.850830078125, 5.869293212890625]"
2025-11-24T15:59:55.332729,/muse/eeg,"[810.2930402930403, 363.0402930402931, 1622.6007326007327, 775.6410256410256]"
2025-11-24T15:59:55.364333,/muse/gyro,"[-19.4696044921875, 12.2320556640625, -31.410064697265625]"
2025-11-24T15:59:55.426676,/muse/eeg,"[971.4652014652015, 732.9304029304029, 0.0, 857.8388278388279]"
2025-11-24T15:59:55.442313,/muse/eeg,"[942.8571428571429, 709.9633699633699, 0.0, 917.8754578754579]"
2025-11-24T15:59:55.489681,/muse/eegAux,"[nan, nan, 0.0, 0.0]"
2025-11-24T15:59:55.536643,/muse/eeg,"[993.6263736263736, 701.9047619047619, 0.0, 908.2051282051282]"
2025-11-24T15:59:55.567324,/muse/gyro,"[-1.831817626953125, 4.972076416015625, -33.7652587890625]"
2025-11-24T15:59:55.597968,/muse/eegAux,"[nan, nan, 0.0, 0.0]"
2025-11-24T15:59:55.645047,/muse/eeg,"[766.3736263736264, 784.1025641025641, 845.3479853479854, 797.8021978021978]"
2025-11-24T15:59:55.691185,/muse/eegAux,"[nan, nan, 0.0, 0.0]"
2025-11-24T15:59:55.768095,/muse/eeg,"[754.2857142857143, 1120.952380952381, 0.0, 813.5164835164835]"
2025-11-24T15:59:55.861587,/muse/gyro,"[19.87335205078125, 17.21160888671875, -36.05316162109375]"
2025-11-24T15:59:55.893142,/muse/gyro,"[19.87335205078125, 17.21160888671875, -36.05316162109375]"
2025-11-24T15:59:55.971335,/muse/acc,"[-0.13623046875, 0.00555419921875, 0.97967529296875]"
2025-11-24T15:59:56.016692,/muse/eeg,"[853.8095238095239, 1181.7948717948718, 1330.0732600732601, 830.4395604395604]"
2025-11-24T15:59:56.063195,/muse/eeg,"[793.3699633699634, 1574.2490842490843, 1622.1978021978023, 815.1282051282052]"
2025-11-24T15:59:56.109818,/muse/is_good,"[0.0, 0.0, 0.0, 0.0]"
2025-11-24T15:59:56.219395,/muse/gyro,"[-4.0374755859375, -16.26953125, 26.699676513671875]"
2025-11-24T15:59:56.281823,/muse/eeg,"[764.3589743589744, 1095.1648351648353, 1622.6007326007327, 772.8205128205128]"
2025-11-24T15:59:56.328965,/muse/elements/alpha_absolute,"[1.3103544540614362, 0.6973946732712177, -3.0464130382657006, 0.6568407380535913]"
2025-11-24T15:59:56.467495,/muse/eeg,"[908.2051282051282, 864.2857142857143, 193.003663003663, 880.8058608058608]"
2025-11-24T15:59:56.390624,/muse/eeg,"[944.4688644688645, 796.996336996337, 374.72527472527474, 884.0293040293041]"
2025-11-24T15:59:56.591339,/muse/eeg,"[902.967032967033, 861.4652014652015, 121.6849816849817, 867.9120879120879]"
2025-11-24T15:59:56.622036,/muse/eeg,"[887.2527472527473, 792.1611721611722, 218.7912087912088, 773.6263736263736]"
2025-11-24T15:59:56.701347,/muse/eeg,"[892.4908424908425, 790.5494505494506, 269.96336996337, 804.6520146520147]"
2025-11-24T15:59:56.747934,/muse/acc,"[-0.1060791015625, 0.09173583984375, 0.9940185546875]"
2025-11-24T15:59:56.872638,/muse/eeg,"[847.7655677655678, 800.2197802197802, 500.0366300366301, 789.7435897435897]"
, 0.7017879590636319]"
2025-11-24T15:59:56.919113,/muse/eegAux,"[nan, nan, 0.0, 0.0]"
2025-11-24T15:59:56.934030,/muse/eeg,"[738.1684981684982, 830.8424908424909, 657.1794871794872, 788.9377289377289]"
2025-11-24T15:59:56.980146,/muse/gyro,"[4.329071044921875, 2.086029052734375, 7.4169921875]"
2025-11-24T15:59:57.042078,/muse/eeg,"[840.5128205128206, 801.8315018315019, 704.7252747252747, 804.2490842490843]"
2025-11-24T15:59:57.103667,/muse/eeg,"[843.3333333333334, 804.2490842490843, 705.1282051282052, 803.4432234432235]"
2025-11-24T15:59:57.197671,/muse/gyro,"[12.4713134765625, 0.67291259765625, 7.962799072265625]"
2025-11-24T15:59:57.244777,/muse/eeg,"[763.1501831501831, 799.0109890109891, 731.3186813186813, 817.5457875457876]"
2025-11-24T15:59:57.291330,/muse/acc,"[-0.1661376953125, 0.11907958984375, 0.99127197265625]"
2025-11-24T15:59:57.307190,/muse/eeg,"[794.5787545787546, 800.2197802197802, 548.3882783882784, 787.7289377289378]"
2025-11-24T15:59:57.368777,/muse/eeg,"[757.5091575091575, 799.4139194139194, 599.5604395604396, 798.6080586080586]"
2025-11-24T15:59:57.414814,/muse/gyro,"[10.519866943359375, -4.613189697265625, 2.07855224609375]"
2025-11-24T15:59:57.461830,/muse/gyro,"[10.64697265625, -10.88623046875, 2.01873779296875]"
2025-11-24T15:59:57.525078,/muse/eeg,"[837.2893772893773, 793.3699633699634, 590.2930402930403, 813.919413919414]"
2025-11-24T15:59:57.571524,/muse/acc,"[-0.10833740234375, 0.2291259765625, 0.98004150390625]"
2025-11-24T15:59:57.632683,/muse/eeg,"[513.7362637362637, 742.1978021978023, 400.5128205128205, 809.4871794871796]"
2025-11-24T15:59:57.727119,/muse/gyro,"[9.428253173828125, -8.3441162109375, 6.392669677734375]"
2025-11-24T15:59:57.789002,/muse/elements/beta_absolute,"[1.6636290497778092, 0.7688373048415352, -2.7866814850890833, 0.2470522662231244]"
2025-11-24T15:59:57.881590,/muse/eeg,"[794.1758241758242, 747.032967032967, 419.4505494505495, 800.6227106227107]"
2025-11-24T15:59:57.929326,/muse/eeg,"[812.3076923076924, 761.1355311355312, 471.02564102564105, 762.7472527472528]"
2025-11-24T15:59:58.023360,/muse/elements/delta_absolute,"[0.5092330022140743, 1.0405013789019593, -3.185283338198744, 1.0325148192913782]"
2025-11-24T15:59:58.084341,/muse/acc,"[-0.13568115234375, 0.36163330078125, 0.9849853515625]"
2025-11-24T15:59:58.115079,/muse/eeg,"[770.4029304029305, 755.0915750915751, 537.1062271062272, 834.8717948717949]"
2025-11-24T15:59:58.207650,/muse/eeg,"[862.2710622710623, 761.5384615384615, 606.007326007326, 793.3699633699634]"
2025-11-24T15:59:58.145956,/muse/acc,"[-0.17779541015625, 0.258544921875, 0.95257568359375]"
2025-11-24T15:59:58.223455,/muse/eegAux,"[nan, nan, 0.0, 0.0]"
2025-11-24T15:59:58.239319,/muse/eeg,"[892.0879120879121, 789.3406593406594, 602.3809523809524, 778.0586080586081]"
2025-11-24T15:59:58.269859,/muse/gyro,"[-10.549774169921875, -4.089813232421875, -6.721649169921875]"
2025-11-24T15:59:58.301588,/muse/eeg,"[759.5238095238095, 790.1465201465202, 348.53479853479854, 795.7875457875458]"
2025-11-24T15:59:58.317151,/muse/gyro,"[-7.5067138671875, -9.5703125, -1.263580322265625]"
2025-11-24T15:59:58.332802,/muse/drlref,"[1621391.9413919414, 1596410.2564102563]"
2025-11-24T15:59:58.409359,/muse/acc,"[-0.13385009765625, 0.05755615234375, 1.0107421875]"
2025-11-24T15:59:58.456272,/muse/acc,"[-0.13385009765625, 0.05755615234375, 1.0107421875]"
2025-11-24T15:59:58.518668,/muse/eeg,"[915.054945054945, 745.8241758241759, 518.974358974359, 808.2783882783883]"
2025-11-24T15:59:58.594085,/muse/eegAux,"[nan, nan, 0.0, 0.0]"
2025-11-24T15:59:58.564208,/muse/gyro,"[-1.435546875, -19.1705322265625, 3.5589599609375]"
2025-11-24T15:59:58.655189,/muse/eeg,"[815.1282051282052, 603.992673992674, 463.7728937728938, 807.0695970695971]"
2025-11-24T15:59:58.702765,/muse/eeg,"[1015.7875457875458, 466.5934065934066, 535.8974358974359, 821.1721611721612]"
2025-11-24T15:59:58.827718,/muse/eeg,"[853.0036630036631, 449.6703296703297, 373.91941391941396, 782.0879120879121]"
2025-11-24T15:59:58.873809,/muse/eeg,"[721.6483516483516, 389.6336996336996, 227.65567765567766, 832.0512820512821]"
2025-11-24T15:59:58.889669,/muse/eegAux,"[nan, nan, 0.0, 0.0]"
2025-11-24T15:59:58.936127,/muse/eeg,"[888.0586080586081, 99.12087912087912, 0.0, 794.5787545787546]"
2025-11-24T15:59:58.998611,/muse/eegAux,"[nan, nan, 0.0, 0.0]"
2025-11-24T15:59:59.075092,/muse/gyro,"[14.90875244140625, -15.850830078125, 17.42095947265625]"
2025-11-24T15:59:59.105804,/muse/gyro,"[5.914154052734375, -4.209442138671875, 16.22467041015625]"
2025-11-24T15:59:59.199932,/muse/eeg,"[638.2417582417582, 0.0, 1622.6007326007327, 829.6336996336996]"
2025-11-24T15:59:59.231126,/muse/eeg,"[937.2161172161173, 0.0, 1622.6007326007327, 809.4871794871796]"
2025-11-24T15:59:59.261490,/muse/gyro,"[-12.463836669921875, 18.97613525390625, -0.2392578125]"
2025-11-24T15:59:59.308098,/muse/eeg,"[892.893772893773, 383.1868131868132, 1622.1978021978023, 802.6373626373627]"
2025-11-24T15:59:59.323543,/muse/gyro,"[-14.333038330078125, 6.302947998046875, -17.645263671875]"
2025-11-24T15:59:59.416515,/muse/eeg,"[722.4542124542124, 604.3956043956044, 1622.6007326007327, 787.7289377289378]"
2025-11-24T15:59:59.479215,/muse/eegAux,"[nan, nan, 0.0, 0.0]"
2025-11-24T15:59:59.556274,/muse/eeg,"[1011.3553113553114, 672.4908424908425, 30.622710622710624, 801.8315018315019]"
2025-11-24T15:59:59.665282,/muse/eegAux,"[nan, nan, 0.0, 0.0]"
2025-11-24T15:59:59.603367,/muse/eeg,"[886.0439560439561, 665.6410256410256, 1473.5164835164835, 787.7289377289378]"
2025-11-24T15:59:59.773018,/muse/gyro,"[0.934600830078125, -17.204132080078125, 16.0302734375]"
2025-11-24T15:59:59.804240,/muse/eeg,"[646.3003663003664, 695.4578754578755, 1616.959706959707, 825.6043956043957]"
2025-11-24T15:59:59.898419,/muse/acc,"[0.2862548828125, -0.10302734375, 0.974609375]"
2025-11-24T15:59:59.960236,/muse/eeg,"[742.1978021978023, 672.4908424908425, 1369.1575091575091, 801.4285714285714]"
2025-11-24T16:00:00.021948,/muse/gyro,"[-1.128997802734375, -3.48419189453125, 11.357269287109375]"
2025-11-24T16:00:00.052761,/muse/gyro,"[-12.84515380859375, 1.4654541015625, -0.3887939453125]"
2025-11-24T16:00:00.115186,/muse/eeg,"[772.4175824175825, 533.4798534798535, 1622.1978021978023, 796.996336996337]"
2025-11-24T16:00:00.192779,/muse/acc,"[0.32611083984375, -0.24932861328125, 0.9429931640625]"
2025-11-24T16:00:00.239427,/muse/gyro,"[2.07855224609375, 13.495635986328125, -8.755340576171875]"
2025-11-24T16:00:00.365002,/muse/eeg,"[918.2783882783883, 842.1245421245421, 1629.4505494505495, 809.0842490842491]"
2025-11-24T16:00:00.349038,/muse/elements/alpha_absolute,"[1.3103544540614362, 0.6973946732712177, -3.0464130382657006, 0.6568407380535913]"
2025-11-24T16:00:00.395501,/muse/eeg,"[750.2564102564103, 798.6080586080586, 144.65201465201466, 704.7252747252747]"
2025-11-24T16:00:00.442727,/muse/acc,"[0.353271484375, -0.2032470703125, 0.92669677734375]"
2025-11-24T16:00:00.550070,/muse/eeg,"[894.908424908425, 707.948717948718, 661.2087912087912, 852.1978021978023]"
"
2025-11-24T16:00:00.643477,/muse/eeg,"[1081.062271062271, 721.2454212454213, 893.6996336996338, 840.1098901098901]"
2025-11-24T16:00:00.705424,/muse/eeg,"[967.032967032967, 728.0952380952381, 1300.2564102564104, 813.5164835164835]"
2025-11-24T16:00:00.751433,/muse/eegAux,"[nan, nan, 0.0, 0.0]"
2025-11-24T16:00:00.845666,/muse/eeg,"[553.2234432234433, 746.2271062271062, 1299.047619047619, 794.981684981685]"
2025-11-24T16:00:00.907757,/muse/eeg,"[958.974358974359, 732.5274725274726, 1450.1465201465203, 813.5164835164835]"
2025-11-24T16:00:00.923584,/muse/acc,"[0.19903564453125, -0.130859375, 1.0074462890625]"
2025-11-24T16:00:00.986978,/muse/eeg,"[664.4322344322344, 842.1245421245421, 1623.8095238095239, 793.7728937728938]"
2025-11-24T16:00:01.049420,/muse/eeg,"[575.3846153846154, 795.3846153846154, 572.967032967033, 800.2197802197802]"
2025-11-24T16:00:01.128138,/muse/eegAux,"[nan, nan, 0.0, 0.0]"
2025-11-24T16:00:01.205386,/muse/gyro,"[12.2021484375, 15.035858154296875, 16.85272216796875]"
2025-11-24T16:00:01.251488,/muse/eeg,"[821.978021978022, 766.3736263736264, 1261.1721611721612, 788.5347985347986]"
2025-11-24T16:00:01.345374,/muse/eeg,"[585.8608058608058, 752.6739926739926, 941.2454212454213, 796.1904761904763]"
2025-11-24T16:00:01.455266,/muse/gyro,"[5.57769775390625, -0.919647216796875, 13.794708251953125]"
2025-11-24T16:00:01.408774,/muse/elements/theta_absolute,"[1.1787694344635058, 0.8237712578512124, -3.372595035594313, 0.7017879590636319]"
2025-11-24T16:00:01.562286,/muse/gyro,"[7.357177734375, -3.51409912109375, 17.159271240234375]"
2025-11-24T16:00:01.670590,/muse/elements/gamma_absolute,"[1.2041453423478565, 0.027763086803443842, -3.0203266379668348, -0.034500604794612984]"
2025-11-24T16:00:01.702207,/muse/is_good,"[0.0, 0.0, 0.0, 0.0]"
2025-11-24T16:00:01.811371,/muse/gyro,"[18.78173828125, 16.306915283203125, 17.263946533203125]"
2025-11-24T16:00:01.857207,/muse/eegAux,"[nan, nan, 0.0, 0.0]"
2025-11-24T16:00:01.918435,/muse/eeg,"[684.1758241758242, 958.5714285714286, 0.0, 817.948717948718]"
2025-11-24T16:00:01.963997,/muse/eeg,"[608.8278388278388, 880.0, 0.0, 803.8461538461539]"
2025-11-24T16:00:02.105066,/muse/gyro,"[9.278717041015625, -5.854339599609375, 10.24322509765625]"
2025-11-24T16:00:02.182428,/muse/gyro,"[9.278717041015625, -5.854339599609375, 10.24322509765625]"
2025-11-24T16:00:02.243989,/muse/eegAux,"[nan, nan, 0.0, 0.0]"
2025-11-24T16:00:02.305052,/muse/elements/theta_absolute,"[1.1787694344635058, 0.8237712578512124, -3.372595035594313, 0.7017879590636319]"
2025-11-24T16:00:02.351435,/muse/eeg,"[787.7289377289378, 784.5054945054945, 606.8131868131868, 787.7289377289378]"
2025-11-24T16:00:02.429910,/muse/eegAux,"[nan, nan, 0.0, 0.0]"
2025-11-24T16:00:02.508616,/muse/gyro,"[11.626434326171875, -5.9814453125, 2.908477783203125]"
2025-11-24T16:00:02.570054,/muse/gyro,"[11.626434326171875, -5.9814453125, 2.908477783203125]"
2025-11-24T16:00:02.617307,/muse/eeg,"[958.1684981684982, 808.2783882783883, 946.886446886447, 786.1172161172161]"
2025-11-24T16:00:02.680398,/muse/acc,"[-0.07037353515625, 0.09478759765625, 1.00775146484375]"
2025-11-24T16:00:02.773644,/muse/eegAux,"[nan, nan, 0.0, 0.0]"
2025-11-24T16:00:02.896732,/muse/eeg,"[746.2271062271062, 857.4358974358975, 1069.3772893772893, 786.1172161172161]"
2025-11-24T16:00:02.927456,/muse/eeg,"[709.5604395604396, 839.7069597069598, 942.8571428571429, 812.3076923076924]"
2025-11-24T16:00:02.959051,/muse/eeg,"[786.5201465201466, 837.2893772893773, 788.5347985347986, 789.7435897435897]"
2025-11-24T16:00:03.004957,/muse/eeg,"[923.5164835164835, 818.3516483516484, 783.2967032967033, 803.4432234432235]"
2025-11-24T16:00:03.019909,/muse/acc,"[-0.11895751953125, 0.10064697265625, 1.0125732421875]"
2025-11-24T16:00:03.066345,/muse/gyro,"[3.401947021484375, -2.773895263671875, -4.2767333984375]"
2025-11-24T16:00:03.223007,/muse/eeg,"[921.0989010989011, 797.8021978021978, 837.6923076923077, 802.6373626373627]"
2025-11-24T16:00:03.082330,/muse/eegAux,"[nan, nan, 0.0, 0.0]"
2025-11-24T16:00:03.284146,/muse/eegAux,"[nan, nan, 0.0, 0.0]"
2025-11-24T16:00:03.330419,/muse/gyro,"[7.9852294921875, -2.3626708984375, -2.0635986328125]"
2025-11-24T16:00:03.392389,/muse/gyro,"[8.71795654296875, -6.34033203125, -9.772186279296875]"
2025-11-24T16:00:03.423519,/muse/eeg,"[671.6849816849817, 774.4322344322345, 543.5531135531136, 823.1868131868132]"
2025-11-24T16:00:03.470202,/muse/eegAux,"[nan, nan, 0.0, 0.0]"
2025-11-24T16:00:03.532451,/muse/eeg,"[718.021978021978, 741.7948717948718, 952.5274725274726, 840.5128205128206]"
2025-11-24T16:00:03.579779,/muse/eeg,"[918.6813186813187, 769.5970695970697, 846.959706959707, 797.3992673992674]"
2025-11-24T16:00:03.610469,/muse/eeg,"[681.3553113553114, 765.9706959706959, 804.2490842490843, 813.5164835164835]"
2025-11-24T16:00:03.657031,/muse/eeg,"[833.2600732600733, 740.989010989011, 512.9304029304029, 792.967032967033]"
2025-11-24T16:00:03.751016,/muse/eegAux,"[nan, nan, 0.0, 0.0]"
2025-11-24T16:00:03.860069,/muse/eeg,"[736.1538461538462, 761.941391941392, 996.4468864468864, 788.5347985347986]"
2025-11-24T16:00:03.905889,/muse/acc,"[-0.09442138671875, 0.2139892578125, 0.962646484375]"
2025-11-24T16:00:04.000548,/muse/eeg,"[916.6666666666667, 805.4578754578755, 1202.3443223443223, 775.6410256410256]"
2025-11-24T16:00:04.047067,/muse/eeg,"[744.6153846153846, 798.2051282051282, 1331.2820512820513, 815.5311355311355]"
2025-11-24T16:00:04.093631,/muse/gyro,"[-2.28790283203125, 2.9010009765625, -3.1402587890625]"
2025-11-24T16:00:04.170505,/muse/eeg,"[855.4212454212454, 782.4908424908425, 1121.7582417582419, 786.9230769230769]"
2025-11-24T16:00:04.246818,/muse/eeg,"[747.032967032967, 755.0915750915751, 1073.4065934065934, 782.0879120879121]"
2025-11-24T16:00:04.231115,/muse/eegAux,"[nan, nan, 0.0, 0.0]"
2025-11-24T16:00:04.387608,/muse/gyro,"[-0.64300537109375, -8.1048583984375, -0.85235595703125]"
2025-11-24T16:00:04.341686,/muse/eeg,"[894.5054945054945, 749.8534798534798, 1055.2747252747254, 776.0439560439561]"
2025-11-24T16:00:04.449942,/muse/eeg,"[674.1025641025641, 773.6263736263736, 878.7912087912089, 779.6703296703297]"
2025-11-24T16:00:04.541776,/muse/eegAux,"[nan, nan, 0.0, 0.0]"
2025-11-24T16:00:04.632570,/muse/elements/gamma_relative,"[0.15866014655739324, 0.03605955324282969, 0.20909145977338225, 0.08298763117140211]"
2025-11-24T16:00:04.756718,/muse/is_good,"[0.0, 0.0, 0.0, 1.0]"
2025-11-24T16:00:04.787640,/muse/hsi,"[1.0, 1.0, 2.0, 1.0]"
2025-11-24T16:00:04.833835,/muse/eeg,"[743.0036630036631, 757.5091575091575, 1043.5897435897436, 781.2820512820513]"
2025-11-24T16:00:04.849441,/muse/eegAux,"[nan, nan, 0.0, 0.0]"
2025-11-24T16:00:04.958629,/muse/eeg,"[721.6483516483516, 762.3443223443223, 1112.0879120879122, 822.7838827838829]"
2025-11-24T16:00:04.989263,/muse/drlref,"[1620586.0805860804, 1596410.2564102563]"
2025-11-24T16:00:05.113797,/muse/drlref,"[1620586.0805860804, 1596410.2564102563]"
2025-11-24T16:00:05.050877,/muse/drlref,"[1620586.0805860804, 1596410.2564102563]"
2025-11-24T16:00:05.160657,/muse/drlref,"[1621391.9413919414, 1596410.2564102563]"
2025-11-24T16:00:05.222349,/muse/elements/beta_absolute,"[1.6636290497778092, 0.7688373048415352, -2.7866814850890833, 0.8956631647302328]"
2025-11-24T16:00:05.284608,/muse/elements/delta_absolute,"[0.5092330022140743, 1.0405013789019593, -3.185283338198744, 1.1217101156267786]"
2025-11-24T16:00:05.363545,/muse/gyro,"[0.351409912109375, -3.887939453125, 7.79083251953125]"
2025-11-24T16:00:05.456813,/muse/gyro,"[-1.697235107421875, -4.94964599609375, 7.633819580078125]"
2025-11-24T16:00:05.518937,/muse/gyro,"[-1.697235107421875, -4.94964599609375, 7.633819580078125]"
2025-11-24T16:00:05.596522,/muse/eeg,"[941.6483516483516, 766.3736263736264, 778.4615384615385, 782.4908424908425]"
2025-11-24T16:00:05.550170,/muse/eeg,"[872.3443223443223, 778.8644688644689, 491.978021978022, 810.2930402930403]"
2025-11-24T16:00:05.658041,/muse/eegAux,"[nan, nan, 0.0, 0.0]"
2025-11-24T16:00:05.720410,/muse/eeg,"[884.4322344322345, 778.4615384615385, 757.9120879120879, 784.5054945054945]"
2025-11-24T16:00:05.813435,/muse/eegAux,"[nan, nan, 0.0, 0.0]"
2025-11-24T16:00:05.891677,/muse/eeg,"[915.054945054945, 764.3589743589744, 699.4871794871796, 784.9084249084249]"
2025-11-24T16:00:05.969220,/muse/eegAux,"[nan, nan, 0.0, 0.0]"
2025-11-24T16:00:05.999705,/muse/eeg,"[768.3882783882784, 776.4468864468864, 750.2564102564103, 812.3076923076924]"
2025-11-24T16:00:06.014785,/muse/elements/alpha_absolute,"[1.3103544540614362, 0.6973946732712177, -3.0464130382657006, 0.7349010575164711]"
2025-11-24T16:00:06.045551,/muse/elements/beta_absolute,"[1.6636290497778092, 0.7688373048415352, -2.7866814850890833, 0.8236718570001189]"
2025-11-24T16:00:06.139186,/muse/eeg,"[700.2930402930403, 773.2234432234433, 664.8351648351648, 754.6886446886447]"
2025-11-24T16:00:06.076121,/muse/eeg,"[910.2197802197802, 792.967032967033, 610.0366300366301, 806.6666666666667]"
2025-11-24T16:00:06.184911,/muse/eegAux,"[nan, nan, 0.0, 0.0]"
2025-11-24T16:00:06.263281,/muse/eeg,"[804.6520146520147, 776.0439560439561, 780.4761904761905, 805.8608058608058]"
2025-11-24T16:00:06.294307,/muse/eegAux,"[nan, nan, 0.0, 0.0]"
2025-11-24T16:00:06.339539,/muse/eeg,"[804.6520146520147, 776.0439560439561, 780.4761904761905, 805.8608058608058]"
2025-11-24T16:00:06.385264,/muse/eeg,"[662.4175824175825, 786.9230769230769, 757.1062271062272, 813.1135531135532]"
2025-11-24T16:00:06.461249,/muse/eeg,"[830.4395604395604, 760.7326007326008, 724.0659340659341, 794.981684981685]"
2025-11-24T16:00:06.430581,/muse/gyro,"[13.27880859375, -46.3861083984375, 5.1739501953125]"
2025-11-24T16:00:06.508458,/muse/eegAux,"[nan, nan, 0.0, 0.0]"
2025-11-24T16:00:06.569984,/muse/eeg,"[799.8168498168499, 764.3589743589744, 743.8095238095239, 795.7875457875458]"
2025-11-24T16:00:06.610921,/muse/eeg,"[898.9377289377289, 774.4322344322345, 589.8901098901099, 778.8644688644689]"
2025-11-24T16:00:06.616461,/muse/eegAux,"[nan, nan, 0.0, 0.0]"
2025-11-24T16:00:06.692992,/muse/eeg,"[882.8205128205128, 775.2380952380953, 640.6593406593407, 791.7582417582418]"
2025-11-24T16:00:06.661523,/muse/eeg,"[844.1391941391942, 773.6263736263736, 788.1318681318681, 811.0989010989011]"
2025-11-24T16:00:06.783881,/muse/acc,"[0.058837890625, -0.072265625, 1.005615234375]"
2025-11-24T16:00:06.845121,/muse/acc,"[0.058837890625, -0.072265625, 1.005615234375]"
2025-11-24T16:00:06.876191,/muse/eegAux,"[nan, nan, 0.0, 0.0]"
2025-11-24T16:00:06.954880,/muse/eeg,"[767.1794871794872, 728.4981684981685, 714.7985347985348, 813.919413919414]"
2025-11-24T16:00:07.064081,/muse/eegAux,"[nan, nan, 0.0, 0.0]"
2025-11-24T16:00:07.079213,/muse/eeg,"[778.8644688644689, 818.3516483516484, 562.4908424908425, 799.8168498168499]"
2025-11-24T16:00:07.156841,/muse/eeg,"[806.6666666666667, 799.0109890109891, 746.6300366300367, 828.021978021978]"
2025-11-24T16:00:07.235305,/muse/eeg,"[874.7619047619048, 800.6227106227107, 757.9120879120879, 813.5164835164835]"
2025-11-24T16:00:07.203901,/muse/eegAux,"[nan, nan, 0.0, 0.0]"
2025-11-24T16:00:07.298161,/muse/eeg,"[940.0366300366301, 773.2234432234433, 753.4798534798535, 792.1611721611722]"
2025-11-24T16:00:07.374268,/muse/eegAux,"[nan, nan, 0.0, 0.0]"
2025-11-24T16:00:07.437461,/muse/eeg,"[807.4725274725275, 758.7179487179487, 541.941391941392, 832.4542124542124]"
2025-11-24T16:00:07.500364,/muse/eegAux,"[nan, nan, 0.0, 0.0]"
2025-11-24T16:00:07.531551,/muse/eeg,"[965.0183150183151, 778.4615384615385, 830.8424908424909, 803.4432234432235]"
2025-11-24T16:00:07.578354,/muse/acc,"[0.07659912109375, -0.08245849609375, 1.00360107421875]"
2025-11-24T16:00:07.640468,/muse/eeg,"[801.8315018315019, 762.7472527472528, 486.3369963369964, 794.1758241758242]"
2025-11-24T16:00:07.687231,/muse/eeg,"[877.5824175824176, 752.2710622710623, 475.05494505494505, 818.3516483516484]"
2025-11-24T16:00:07.765504,/muse/eeg,"[776.8498168498169, 777.6556776556777, 437.98534798534797, 808.6813186813187]"
2025-11-24T16:00:07.827110,/muse/eegAux,"[nan, nan, 0.0, 0.0]"
2025-11-24T16:00:07.887833,/muse/eeg,"[867.1062271062272, 776.8498168498169, 446.04395604395603, 807.4725274725275]"
2025-11-24T16:00:07.964788,/muse/eegAux,"[nan, nan, 0.0, 0.0]"
2025-11-24T16:00:07.983148,/muse/eeg,"[744.2124542124542, 743.8095238095239, 620.9157509157509, 821.1721611721612]"
2025-11-24T16:00:08.070341,/muse/eegAux,"[nan, nan, 0.0, 0.0]"
2025-11-24T16:00:08.147377,/muse/eegAux,"[nan, nan, 0.0, 0.0]"
2025-11-24T16:00:08.178130,/muse/eeg,"[783.2967032967033, 769.1941391941392, 444.02930402930406, 783.2967032967033]"
2025-11-24T16:00:08.241138,/muse/eegAux,"[nan, nan, 0.0, 0.0]"
2025-11-24T16:00:08.302225,/muse/eeg,"[785.7142857142858, 765.1648351648352, 484.32234432234435, 791.7582417582418]"
2025-11-24T16:00:08.363081,/muse/acc,"[-0.1292724609375, -0.00927734375, 0.9942626953125]"
2025-11-24T16:00:08.393671,/muse/eeg,"[876.3736263736264, 772.8205128205128, 577.8021978021978, 830.4395604395604]"
2025-11-24T16:00:08.425151,/muse/eeg,"[709.1575091575091, 775.6410256410256, 670.8791208791209, 782.0879120879121]"
2025-11-24T16:00:08.440657,/muse/eeg,"[689.0109890109891, 792.967032967033, 691.4285714285714, 691.8315018315019]"
2025-11-24T16:00:08.502521,/muse/gyro,"[-9.64508056640625, -2.25799560546875, 9.906768798828125]"
2025-11-24T16:00:08.641357,/muse/gyro,"[-16.471405029296875, -0.88226318359375, 20.11260986328125]"
2025-11-24T16:00:08.688376,/muse/eeg,"[789.3406593406594, 773.6263736263736, 630.1831501831502, 853.4065934065934]"
2025-11-24T16:00:08.766026,/muse/eeg,"[852.6007326007326, 772.8205128205128, 672.0879120879121, 829.6336996336996]"
2025-11-24T16:00:08.812612,/muse/gyro,"[-9.787139892578125, -3.8580322265625, 12.239532470703125]"
2025-11-24T16:00:08.844083,/muse/gyro,"[4.47113037109375, -0.635528564453125, 5.682373046875]"
2025-11-24T16:00:08.874857,/muse/gyro,"[4.47113037109375, -0.635528564453125, 5.682373046875]"
2025-11-24T16:00:08.952311,/muse/elements/alpha_absolute,"[1.3103544540614362, 0.8843906515009692, -3.0464130382657006, 1.0615179283143827]"
2025-11-24T16:00:08.920998,/muse/eeg,"[809.0842490842491, 746.6300366300367, 574.981684981685, 782.4908424908425]"
2025-11-24T16:00:08.983158,/muse/gyro,"[10.6768798828125, -2.1832275390625, 4.29168701171875]"
2025-11-24T16:00:08.997858,/muse/gyro,"[11.043243408203125, -0.37384033203125, 3.93280029296875]"
2025-11-24T16:00:09.059720,/muse/eeg,"[799.8168498168499, 768.7912087912088, 665.2380952380953, 816.3369963369963]"
2025-11-24T16:00:09.105976,/muse/gyro,"[20.374298095703125, -17.921905517578125, 4.164581298828125]"
2025-11-24T16:00:09.167935,/muse/gyro,"[21.65283203125, -23.70147705078125, 4.358978271484375]"
2025-11-24T16:00:09.260733,/muse/eeg,"[761.1355311355312, 767.5824175824176, 506.8864468864469, 789.3406593406594]"
2025-11-24T16:00:09.353590,/muse/eeg,"[746.2271062271062, 780.8791208791209, 516.5567765567765, 806.6666666666667]"
2025-11-24T16:00:09.416555,/muse/eegAux,"[nan, nan, 0.0, 0.0]"
2025-11-24T16:00:09.447619,/muse/eegAux,"[nan, nan, 0.0, 0.0]"
2025-11-24T16:00:09.539363,/muse/eeg,"[858.2417582417582, 776.8498168498169, 440.4029304029304, 795.3846153846154]"
2025-11-24T16:00:09.600989,/muse/acc,"[0.01275634765625, 0.12249755859375, 1.0093994140625]"
2025-11-24T16:00:09.631799,/muse/eegAux,"[nan, nan, 0.0, 0.0]"
2025-11-24T16:00:09.693454,/muse/eeg,"[834.0659340659341, 755.4945054945055, 646.7032967032967, 777.6556776556777]"
2025-11-24T16:00:09.739133,/muse/eeg,"[789.7435897435897, 774.8351648351648, 653.5531135531136, 792.5641025641025]"
2025-11-24T16:00:09.785496,/muse/eeg,"[827.2161172161173, 805.8608058608058, 604.7985347985348, 780.4761904761905]"
2025-11-24T16:00:09.816519,/muse/eeg,"[799.4139194139194, 761.1355311355312, 709.5604395604396, 795.7875457875458]"
2025-11-24T16:00:09.877759,/muse/eeg,"[798.2051282051282, 766.7765567765568, 741.3919413919414, 799.0109890109891]"
2025-11-24T16:00:09.954217,/muse/eegAux,"[nan, nan, 0.0, 0.0]"
2025-11-24T16:00:10.031448,/muse/eeg,"[859.4505494505495, 749.047619047619, 735.3479853479854, 815.934065934066]"
2025-11-24T16:00:10.078225,/muse/eeg,"[792.5641025641025, 770.0, 593.919413919414, 761.1355311355312]"
2025-11-24T16:00:10.139638,/muse/gyro,"[4.837493896484375, -17.413482666015625, 1.398162841796875]"
2025-11-24T16:00:10.170745,/muse/gyro,"[2.773895263671875, -27.940826416015625, -4.179534912109375]"
2025-11-24T16:00:10.217286,/muse/eegAux,"[nan, nan, 0.0, 0.0]"
2025-11-24T16:00:10.232830,/muse/gyro,"[-14.990997314453125, -34.57275390625, -5.345916748046875]"
2025-11-24T16:00:10.279996,/muse/eeg,"[873.5531135531136, 799.8168498168499, 475.8608058608059, 785.3113553113553]"
2025-11-24T16:00:10.326832,/muse/eeg,"[852.1978021978023, 767.5824175824176, 697.0695970695971, 816.7399267399268]"
2025-11-24T16:00:10.342437,/muse/elements/delta_absolute,"[0.5092330022140743, 1.16064856700003, -3.185283338198744, 1.0593878627974873]"
2025-11-24T16:00:10.374210,/muse/eeg,"[910.2197802197802, 760.3296703296703, 782.893772893773, 810.6959706959707]"
2025-11-24T16:00:10.467165,/muse/is_good,"[0.0, 0.0, 0.0, 1.0]"
2025-11-24T16:00:10.512920,/muse/gyro,"[-4.9346923828125, -10.714263916015625, -10.714263916015625]"
2025-11-24T16:00:10.590629,/muse/eeg,"[718.8278388278388, 753.0769230769231, 733.7362637362637, 797.8021978021978]"
2025-11-24T16:00:10.668407,/muse/gyro,"[19.8284912109375, 0.9271240234375, -1.5850830078125]"
2025-11-24T16:00:10.762164,/muse/elements/alpha_absolute,"[1.3103544540614362, 1.0897488712774126, -3.0464130382657006, 1.000049777152537]"
2025-11-24T16:00:10.824323,/muse/drlref,"[1620586.0805860804, 1596410.2564102563]"
2025-11-24T16:00:10.918114,/muse/drlref,"[1620586.0805860804, 1596410.2564102563]"
2025-11-24T16:00:11.026905,/muse/drlref,"[1619780.2197802197, 1596410.2564102563]"
2025-11-24T16:00:11.074107,/muse/eeg,"[674.9084249084249, 785.3113553113553, 572.967032967033, 714.7985347985348]"
2025-11-24T16:00:11.105669,/muse/gyro,"[26.490325927734375, 13.53302001953125, -2.76641845703125]"
2025-11-24T16:00:11.214608,/muse/eeg,"[822.3809523809524, 768.7912087912088, 578.6080586080586, 881.6117216117217]"
2025-11-24T16:00:11.136842,/muse/eeg,"[666.8498168498169, 779.2673992673992, 547.5824175824176, 820.7692307692308]"
2025-11-24T16:00:11.292768,/muse/eeg,"[852.1978021978023, 780.4761904761905, 746.6300366300367, 821.5750915750916]"
2025-11-24T16:00:11.355865,/muse/drlref,"[1620586.0805860804, 1596410.2564102563]"
2025-11-24T16:00:11.418706,/muse/eeg,"[823.5897435897436, 776.4468864468864, 675.7142857142858, 797.8021978021978]"
2025-11-24T16:00:11.449345,/muse/gyro,"[8.68804931640625, 1.413116455078125, 5.600128173828125]"
2025-11-24T16:00:11.480980,/muse/gyro,"[8.68804931640625, 1.413116455078125, 5.600128173828125]"
2025-11-24T16:00:11.543833,/muse/eeg,"[815.934065934066, 772.4175824175825, 625.7509157509157, 789.7435897435897]"
2025-11-24T16:00:11.590115,/muse/eeg,"[870.7326007326008, 767.5824175824176, 759.92673992674, 788.1318681318681]"
2025-11-24T16:00:11.714154,/muse/eeg,"[764.7619047619048, 783.6996336996338, 724.4688644688645, 813.5164835164835]"
2025-11-24T16:00:11.652517,/muse/eeg,"[786.1172161172161, 795.3846153846154, 745.0183150183151, 810.2930402930403]"
2025-11-24T16:00:11.839083,/muse/eegAux,"[nan, nan, 0.0, 0.0]"
2025-11-24T16:00:11.900050,/muse/eeg,"[838.0952380952381, 761.941391941392, 659.5970695970697, 766.7765567765568]"
2025-11-24T16:00:11.962354,/muse/eegAux,"[nan, nan, 0.0, 0.0]"
2025-11-24T16:00:12.023424,/muse/eeg,"[831.2454212454213, 761.941391941392, 603.1868131868132, 775.2380952380953]"
2025-11-24T16:00:12.086149,/muse/eeg,"[869.5238095238095, 746.6300366300367, 701.5018315018315, 825.6043956043957]"
2025-11-24T16:00:12.055226,/muse/gyro,"[3.940277099609375, 3.087921142578125, -6.317901611328125]"
2025-11-24T16:00:12.163204,/muse/eegAux,"[nan, nan, 0.0, 0.0]"
2025-11-24T16:00:12.271232,/muse/eegAux,"[nan, nan, 0.0, 0.0]"
2025-11-24T16:00:12.348355,/muse/gyro,"[1.7047119140625, -11.820831298828125, -1.5252685546875]"
2025-11-24T16:00:12.379403,/muse/gyro,"[-0.306549072265625, -12.224578857421875, 0.6280517578125]"
2025-11-24T16:00:12.394983,/muse/eeg,"[633.4065934065934, 758.7179487179487, 536.7032967032967, 790.1465201465202]"
2025-11-24T16:00:12.488115,/muse/drlref,"[1619780.2197802197, 1596410.2564102563]"
2025-11-24T16:00:12.519438,/muse/eeg,"[817.1428571428571, 780.0732600732601, 666.0439560439561, 809.0842490842491]"
2025-11-24T16:00:12.596947,/muse/eeg,"[829.2307692307693, 769.5970695970697, 657.1794871794872, 808.2783882783883]"
2025-11-24T16:00:12.688701,/muse/drlref,"[1619780.2197802197, 1596410.2564102563]"
2025-11-24T16:00:12.797139,/muse/drlref,"[1620586.0805860804, 1596410.2564102563]"
2025-11-24T16:00:12.858379,/muse/eeg,"[720.0366300366301, 768.3882783882784, 579.4139194139194, 770.8058608058608]"
2025-11-24T16:00:12.904568,/muse/eeg,"[733.3333333333334, 756.7032967032967, 544.3589743589744, 774.0293040293041]"
2025-11-24T16:00:12.981866,/muse/eegAux,"[nan, nan, 0.0, 0.0]"
2025-11-24T16:00:13.027740,/muse/eeg,"[855.8241758241759, 780.4761904761905, 604.7985347985348, 786.5201465201466]"
2025-11-24T16:00:13.122173,/muse/eeg,"[830.4395604395604, 799.4139194139194, 663.6263736263736, 824.7985347985348]"
2025-11-24T16:00:13.183816,/muse/gyro,"[-1.188812255859375, 0.7177734375, 8.516082763671875]"
2025-11-24T16:00:13.292598,/muse/gyro,"[-1.188812255859375, 0.7177734375, 8.516082763671875]"
2025-11-24T16:00:13.246722,/muse/gyro,"[-1.188812255859375, 0.7177734375, 8.516082763671875]"
2025-11-24T16:00:13.431867,/muse/eeg,"[754.6886446886447, 820.7692307692308, 727.2893772893773, 710.3663003663004]"
2025-11-24T16:00:13.539734,/muse/acc,"[0.05645751953125, 0.08502197265625, 1.03790283203125]"
2025-11-24T16:00:13.617108,/muse/acc,"[0.05645751953125, 0.08502197265625, 1.03790283203125]"
2025-11-24T16:00:13.647872,/muse/hsi,"[1.0, 1.0, 1.0, 1.0]"
2025-11-24T16:00:13.695234,/muse/eeg,"[845.7509157509157, 713.1868131868132, 648.7179487179487, 871.5384615384615]"
2025-11-24T16:00:13.741225,/muse/eegAux,"[nan, nan, 0.0, 0.0]"
2025-11-24T16:00:13.865574,/muse/gyro,"[-0.2392578125, -25.67535400390625, 84.6075439453125]"
2025-11-24T16:00:13.912894,/muse/gyro,"[5.203857421875, -52.165679931640625, 113.75961303710938]"
2025-11-24T16:00:13.943736,/muse/eeg,"[962.6007326007326, 743.8095238095239, 384.79853479853483, 890.4761904761905]"
2025-11-24T16:00:14.006325,/muse/eeg,"[956.1538461538462, 728.0952380952381, 364.65201465201466, 879.1941391941392]"
2025-11-24T16:00:14.068855,/muse/eegAux,"[nan, nan, 0.0, 0.0]"
2025-11-24T16:00:14.099442,/muse/eeg,"[765.9706959706959, 682.967032967033, 404.94505494505495, 828.8278388278388]"
2025-11-24T16:00:14.145125,/muse/gyro,"[-3.342132568359375, -15.185394287109375, 19.84344482421875]"
2025-11-24T16:00:14.191869,/muse/eeg,"[816.3369963369963, 753.0769230769231, 1558.937728937729, 820.3663003663004]"
2025-11-24T16:00:14.298524,/muse/eeg,"[761.941391941392, 741.7948717948718, 1389.7069597069597, 817.5457875457876]"
2025-11-24T16:00:14.360723,/muse/eeg,"[674.9084249084249, 694.2490842490843, 1171.7216117216117, 820.3663003663004]"
2025-11-24T16:00:14.422112,/muse/eeg,"[697.0695970695971, 671.6849816849817, 1461.8315018315018, 801.4285714285714]"
2025-11-24T16:00:14.594878,/muse/eeg,"[805.4578754578755, 701.0989010989011, 1622.6007326007327, 761.941391941392]"
2025-11-24T16:00:14.687305,/muse/eeg,"[765.1648351648352, 758.3150183150184, 1362.7106227106228, 763.5531135531136]"
2025-11-24T16:00:14.733981,/muse/eegAux,"[nan, nan, 0.0, 0.0]"
2025-11-24T16:00:14.780369,/muse/elements/alpha_absolute,"[1.3103544540614362, 1.0099598192819674, -3.0464130382657006, 0.9895925934654979]"
2025-11-24T16:00:14.857738,/muse/eeg,"[880.4029304029305, 770.8058608058608, 385.2014652014652, 792.5641025641025]"
2025-11-24T16:00:14.903762,/muse/acc,"[0.23590087890625, 0.00390625, 0.926025390625]"
2025-11-24T16:00:14.980643,/muse/eeg,"[828.8278388278388, 766.7765567765568, 458.93772893772893, 807.8754578754579]"
2025-11-24T16:00:15.027196,/muse/eeg,"[776.0439560439561, 778.0586080586081, 926.7399267399268, 801.025641025641]"
2025-11-24T16:00:15.134759,/muse/hsi,"[2.0, 1.0, 4.0, 2.0]"
2025-11-24T16:00:15.180637,/muse/eeg,"[803.4432234432235, 799.4139194139194, 1308.3150183150183, 772.014652014652]"
2025-11-24T16:00:15.212085,/muse/eegAux,"[nan, nan, 0.0, 0.0]"
2025-11-24T16:00:15.289353,/muse/eeg,"[829.2307692307693, 782.4908424908425, 801.4285714285714, 799.4139194139194]"
2025-11-24T16:00:15.335925,/muse/eegAux,"[nan, nan, 0.0, 0.0]"
2025-11-24T16:00:15.398344,/muse/eeg,"[786.5201465201466, 786.9230769230769, 999.2673992673992, 799.8168498168499]"
2025-11-24T16:00:15.475214,/muse/eegAux,"[nan, nan, 0.0, 0.0]"
2025-11-24T16:00:15.536509,/muse/eeg,"[662.8205128205128, 826.007326007326, 875.5677655677656, 695.054945054945]"
2025-11-24T16:00:15.583016,/muse/eeg,"[645.4945054945055, 802.2344322344322, 875.9706959706959, 682.5641025641025]"
2025-11-24T16:00:15.659847,/muse/eegAux,"[nan, nan, 0.0, 0.0]"
2025-11-24T16:00:15.707016,/muse/acc,"[0.0625, -0.167236328125, 0.9310302734375]"
2025-11-24T16:00:15.785089,/muse/acc,"[0.0625, -0.167236328125, 0.9310302734375]"
2025-11-24T16:00:15.831894,/muse/acc,"[0.0625, -0.167236328125, 0.9310302734375]"
2025-11-24T16:00:15.891838,/muse/eeg,"[820.3663003663004, 758.7179487179487, 953.3333333333334, 843.3333333333334]"
2025-11-24T16:00:15.939672,/muse/eeg,"[818.7545787545788, 755.4945054945055, 876.7765567765568, 821.5750915750916]"
2025-11-24T16:00:16.033250,/muse/eegAux,"[nan, nan, 0.0, 0.0]"
2025-11-24T16:00:16.111564,/muse/eeg,"[689.8168498168499, 759.92673992674, 816.7399267399268, 816.3369963369963]"
2025-11-24T16:00:16.175820,/muse/eeg,"[789.7435897435897, 780.4761904761905, 769.1941391941392, 802.6373626373627]"
2025-11-24T16:00:16.238560,/muse/eegAux,"[nan, nan, 0.0, 0.0]"
2025-11-24T16:00:16.347471,/muse/elements/alpha_absolute,"[1.3103544540614362, 1.0099598192819674, -3.0464130382657006, 0.9895925934654979]"
2025-11-24T16:00:16.301751,/muse/gyro,"[16.172332763671875, -1.89910888671875, 21.30889892578125]"
2025-11-24T16:00:16.409365,/muse/eeg,"[855.0183150183151, 778.0586080586081, 789.7435897435897, 801.4285714285714]"
2025-11-24T16:00:16.441530,/muse/gyro,"[13.77227783203125, -17.592926025390625, 13.218994140625]"
2025-11-24T16:00:16.487347,/muse/eeg,"[840.9157509157509, 778.8644688644689, 704.3223443223443, 781.6849816849817]"
2025-11-24T16:00:16.550914,/muse/eeg,"[651.1355311355312, 770.8058608058608, 656.7765567765568, 771.6117216117216]"
2025-11-24T16:00:16.518988,/muse/eegAux,"[nan, nan, 0.0, 0.0]"
2025-11-24T16:00:16.581950,/muse/acc,"[0.0108642578125, 0.0201416015625, 1.02801513671875]"
2025-11-24T16:00:16.690967,/muse/gyro,"[-4.1571044921875, 1.861724853515625, -21.89208984375]"
2025-11-24T16:00:16.752709,/muse/eeg,"[858.6446886446887, 766.7765567765568, 596.3369963369963, 801.8315018315019]"
2025-11-24T16:00:16.798460,/muse/eegAux,"[nan, nan, 0.0, 0.0]"
2025-11-24T16:00:16.876392,/muse/eeg,"[815.934065934066, 767.985347985348, 724.4688644688645, 830.0366300366301]"
2025-11-24T16:00:16.938768,/muse/eegAux,"[nan, nan, 0.0, 0.0]"
2025-11-24T16:00:17.000780,/muse/eeg,"[810.6959706959707, 798.6080586080586, 768.7912087912088, 771.6117216117216]"
2025-11-24T16:00:17.077189,/muse/eegAux,"[nan, nan, 0.0, 0.0]"
2025-11-24T16:00:17.122748,/muse/eegAux,"[nan, nan, 0.0, 0.0]"
2025-11-24T16:00:17.199797,/muse/eeg,"[774.4322344322345, 779.2673992673992, 797.8021978021978, 782.0879120879121]"
2025-11-24T16:00:17.310066,/muse/eeg,"[738.974358974359, 769.1941391941392, 816.7399267399268, 796.1904761904763]"
2025-11-24T16:00:17.341260,/muse/eeg,"[751.4652014652015, 756.3003663003664, 782.893772893773, 787.3260073260074]"
2025-11-24T16:00:17.434039,/muse/gyro,"[10.66192626953125, -23.619232177734375, 26.21368408203125]"
2025-11-24T16:00:17.527501,/muse/gyro,"[10.66192626953125, -23.619232177734375, 26.21368408203125]"
2025-11-24T16:00:17.574312,/muse/eeg,"[787.7289377289378, 765.1648351648352, 757.1062271062272, 815.1282051282052]"
2025-11-24T16:00:17.714798,/muse/gyro,"[23.230438232421875, -65.89309692382812, 16.04522705078125]"
2025-11-24T16:00:17.840266,/muse/eeg,"[760.7326007326008, 812.3076923076924, 686.1904761904763, 686.5934065934066]"
2025-11-24T16:00:17.776841,/muse/gyro,"[23.230438232421875, -65.89309692382812, 16.04522705078125]"
2025-11-24T16:00:17.901550,/muse/eeg,"[915.4578754578755, 706.3369963369963, 491.57509157509156, 918.2783882783883]"
2025-11-24T16:00:18.009755,/muse/eeg,"[890.4761904761905, 722.0512820512821, 583.040293040293, 855.4212454212454]"
2025-11-24T16:00:18.101505,/muse/drlref,"[1619780.2197802197, 1596410.2564102563]"
2025-11-24T16:00:18.131637,/muse/drlref,"[1619780.2197802197, 1596410.2564102563]"
2025-11-24T16:00:18.223370,/muse/eeg,"[643.4798534798535, 750.2564102564103, 581.025641025641, 701.0989010989011]"
2025-11-24T16:00:18.254921,/muse/elements/alpha_absolute,"[1.3103544540614362, 1.0099598192819674, -3.0464130382657006, 0.9895925934654979]"
2025-11-24T16:00:18.379243,/muse/drlref,"[1619780.2197802197, 1596410.2564102563]"
2025-11-24T16:00:18.348492,/muse/gyro,"[-30.46051025390625, 15.17791748046875, -65.69869995117188]"
2025-11-24T16:00:18.425547,/muse/drlref,"[1619780.2197802197, 1596410.2564102563]"
2025-11-24T16:00:18.503034,/muse/gyro,"[-3.207550048828125, 0.2392578125, 26.938934326171875]"
2025-11-24T16:00:18.566338,/muse/eeg,"[759.92673992674, 745.4212454212454, 733.3333333333334, 850.1831501831502]"
2025-11-24T16:00:18.659464,/muse/drlref,"[1619780.2197802197, 1596410.2564102563]"
2025-11-24T16:00:18.721277,/muse/eeg,"[791.3553113553114, 745.4212454212454, 603.1868131868132, 799.4139194139194]"
2025-11-24T16:00:18.767718,/muse/eeg,"[683.3699633699634, 743.4065934065934, 828.4249084249085, 722.8571428571429]"
2025-11-24T16:00:18.891696,/muse/eegAux,"[nan, nan, 0.0, 0.0]"
2025-11-24T16:00:18.922389,/muse/eeg,"[787.7289377289378, 826.8131868131868, 691.025641025641, 769.5970695970697]"
2025-11-24T16:00:19.000010,/muse/eegAux,"[nan, nan, 0.0, 0.0]"
2025-11-24T16:00:19.123484,/muse/eeg,"[854.2124542124542, 817.5457875457876, 546.3736263736264, 786.9230769230769]"
2025-11-24T16:00:19.170236,/muse/elements/gamma_absolute,"[1.2041453423478565, -0.0973103251590895, -3.0203266379668348, 0.5096600101708543]"
2025-11-24T16:00:19.201580,/muse/eeg,"[844.5421245421246, 757.1062271062272, 601.5750915750916, 792.967032967033]"
2025-11-24T16:00:19.280237,/muse/eeg,"[712.7838827838829, 777.2527472527473, 714.7985347985348, 718.021978021978]"
2025-11-24T16:00:19.232964,/muse/eeg,"[735.3479853479854, 790.952380952381, 617.6923076923077, 737.3626373626374]"
2025-11-24T16:00:19.403580,/muse/eeg,"[832.8571428571429, 736.959706959707, 754.2857142857143, 830.8424908424909]"
2025-11-24T16:00:19.465232,/muse/gyro,"[-1.51031494140625, -10.45257568359375, -8.8525390625]"
2025-11-24T16:00:19.543234,/muse/eeg,"[0.0, 753.8827838827839, 627.7655677655678, 887.2527472527473]"
2025-11-24T16:00:19.603909,/muse/eeg,"[1336.1172161172162, 762.7472527472528, 695.8608058608058, 869.5238095238095]"
2025-11-24T16:00:19.668002,/muse/eegAux,"[nan, nan, 0.0, 0.0]"
2025-11-24T16:00:19.746572,/muse/gyro,"[-0.112152099609375, 10.235748291015625, -8.9422607421875]"
2025-11-24T16:00:19.823118,/muse/eegAux,"[nan, nan, 0.0, 0.0]"
2025-11-24T16:00:19.932575,/muse/eeg,"[1018.6080586080586, 780.4761904761905, 672.893772893773, 794.981684981685]"
2025-11-24T16:00:19.885597,/muse/eeg,"[1157.2161172161173, 788.1318681318681, 593.919413919414, 721.2454212454213]"
2025-11-24T16:00:20.009448,/muse/gyro,"[10.086212158203125, -6.183319091796875, 3.865509033203125]"
2025-11-24T16:00:20.103089,/muse/eeg,"[745.4212454212454, 784.5054945054945, 732.1245421245421, 817.948717948718]"
2025-11-24T16:00:20.166157,/muse/eeg,"[813.1135531135532, 749.8534798534798, 766.7765567765568, 817.948717948718]"
2025-11-24T16:00:20.212616,/muse/eeg,"[834.8717948717949, 751.0622710622711, 794.5787545787546, 815.1282051282052]"
2025-11-24T16:00:20.274900,/muse/eeg,"[802.2344322344322, 749.4505494505495, 413.4065934065934, 817.5457875457876]"
2025-11-24T16:00:20.307067,/muse/gyro,"[8.770294189453125, -10.40771484375, 2.459869384765625]"
2025-11-24T16:00:20.400620,/muse/eeg,"[740.5860805860806, 769.5970695970697, 657.5824175824176, 738.974358974359]"
2025-11-24T16:00:20.492405,/muse/eeg,"[779.6703296703297, 780.8791208791209, 605.6043956043957, 767.985347985348]"
2025-11-24T16:00:20.554011,/muse/eeg,"[743.0036630036631, 822.3809523809524, 656.7765567765568, 745.0183150183151]"
2025-11-24T16:00:20.616386,/muse/gyro,"[-15.125579833984375, 11.043243408203125, -12.822723388671875]"
2025-11-24T16:00:20.693125,/muse/eeg,"[841.7216117216118, 768.7912087912088, 708.7545787545788, 790.1465201465202]"
2025-11-24T16:00:20.754907,/muse/drlref,"[1619780.2197802197, 1596410.2564102563]"
2025-11-24T16:00:20.802526,/muse/drlref,"[1619780.2197802197, 1596410.2564102563]"
2025-11-24T16:00:20.832637,/muse/eeg,"[876.3736263736264, 751.8681318681319, 730.5128205128206, 916.6666666666667]"
2025-11-24T16:00:21.003178,/muse/eeg,"[742.1978021978023, 762.3443223443223, 698.2783882783883, 770.0]"
2025-11-24T16:00:21.050396,/muse/eeg,"[788.1318681318681, 755.0915750915751, 669.6703296703297, 760.7326007326008]"
2025-11-24T16:00:20.972488,/muse/eeg,"[849.3772893772895, 755.8974358974359, 739.7802197802198, 835.2747252747253]"
2025-11-24T16:00:21.113062,/muse/eeg,"[782.893772893773, 749.8534798534798, 651.1355311355312, 816.3369963369963]"
2025-11-24T16:00:21.161205,/muse/eeg,"[821.978021978022, 777.6556776556777, 677.3260073260074, 817.5457875457876]"
2025-11-24T16:00:21.255840,/muse/eegAux,"[nan, nan, 0.0, 0.0]"
2025-11-24T16:00:21.349244,/muse/gyro,"[0.396270751953125, 11.596527099609375, -5.495452880859375]"
2025-11-24T16:00:21.459767,/muse/eeg,"[790.5494505494506, 768.3882783882784, 668.0586080586081, 790.1465201465202]"
2025-11-24T16:00:21.397012,/muse/eeg,"[768.7912087912088, 784.1025641025641, 619.7069597069598, 803.040293040293]"
2025-11-24T16:00:21.536431,/muse/eeg,"[740.1831501831502, 762.7472527472528, 685.7875457875458, 805.8608058608058]"
2025-11-24T16:00:21.614395,/muse/elements/alpha_absolute,"[1.3103544540614362, 1.0099598192819674, -3.0464130382657006, 0.9895925934654979]"
2025-11-24T16:00:21.690250,/muse/eeg,"[788.1318681318681, 771.2087912087912, 653.1501831501831, 792.1611721611722]"
2025-11-24T16:00:21.767606,/muse/gyro,"[-3.581390380859375, -8.187103271484375, 57.728424072265625]"
2025-11-24T16:00:21.798173,/muse/acc,"[-0.11004638671875, -0.10986328125, 0.9893798828125]"
2025-11-24T16:00:21.859582,/muse/acc,"[-0.099853515625, -0.11126708984375, 1.00152587890625]"
2025-11-24T16:00:21.935180,/muse/eeg,"[730.5128205128206, 785.3113553113553, 691.8315018315019, 772.4175824175825]"
2025-11-24T16:00:22.059626,/muse/gyro,"[35.0811767578125, -13.6676025390625, -3.7982177734375]"
2025-11-24T16:00:22.105665,/muse/eeg,"[734.1391941391942, 780.0732600732601, 664.0293040293041, 738.1684981684982]"
2025-11-24T16:00:22.151589,/muse/eegAux,"[nan, nan, 0.0, 0.0]"
2025-11-24T16:00:22.183173,/muse/eeg,"[834.8717948717949, 790.5494505494506, 579.8168498168499, 782.893772893773]"
2025-11-24T16:00:22.228641,/muse/eeg,"[738.974358974359, 811.5018315018315, 689.8168498168499, 772.014652014652]"
2025-11-24T16:00:22.198876,/muse/eegAux,"[nan, nan, 0.0, 0.0]"
2025-11-24T16:00:22.351804,/muse/eegAux,"[nan, nan, 0.0, 0.0]"
2025-11-24T16:00:22.429324,/muse/eeg,"[902.967032967033, 756.7032967032967, 534.2857142857143, 876.3736263736264]"
2025-11-24T16:00:22.506773,/muse/eeg,"[917.8754578754579, 775.6410256410256, 621.3186813186813, 850.989010989011]"
2025-11-24T16:00:22.536700,/muse/eeg,"[882.8205128205128, 766.3736263736264, 552.014652014652, 839.7069597069598]"
2025-11-24T16:00:22.599604,/muse/gyro,"[2.878570556640625, 0.07476806640625, 13.2489013671875]"
2025-11-24T16:00:22.720595,/muse/gyro,"[0.6280517578125, -4.508514404296875, 37.361602783203125]"
2025-11-24T16:00:22.675128,/muse/eeg,"[715.2014652014652, 716.4102564102565, 891.2820512820513, 778.8644688644689]"
2025-11-24T16:00:22.659497,/muse/eeg,"[691.4285714285714, 756.7032967032967, 646.7032967032967, 730.9157509157509]"
2025-11-24T16:00:22.766304,/muse/eeg,"[529.047619047619, 1622.6007326007327, 1623.003663003663, 743.4065934065934]"
2025-11-24T16:00:22.843925,/muse/eegAux,"[nan, nan, 0.0, 0.0]"
2025-11-24T16:00:22.967507,/muse/eeg,"[939.6336996336996, 388.42490842490844, 0.0, 921.9047619047619]"
2025-11-24T16:00:23.030093,/muse/acc,"[0.13787841796875, -0.07330322265625, 0.97210693359375]"
2025-11-24T16:00:23.108765,/muse/acc,"[0.13787841796875, -0.07330322265625, 0.97210693359375]"
2025-11-24T16:00:23.155377,/muse/eegAux,"[nan, nan, 0.0, 0.0]"
2025-11-24T16:00:23.170181,/muse/eeg,"[829.6336996336996, 565.7142857142858, 423.0769230769231, 859.047619047619]"
2025-11-24T16:00:23.374074,/muse/eeg,"[814.3223443223443, 645.8974358974359, 112.82051282051282, 793.3699633699634]"
2025-11-24T16:00:23.264101,/muse/eeg,"[911.4285714285714, 572.1611721611722, 423.0769230769231, 853.0036630036631]"
2025-11-24T16:00:23.404682,/muse/eegAux,"[nan, nan, 0.0, 0.0]"
2025-11-24T16:00:23.498347,/muse/eeg,"[755.0915750915751, 767.5824175824176, 357.80219780219784, 804.2490842490843]"
2025-11-24T16:00:23.544731,/muse/eeg,"[883.6263736263736, 772.4175824175825, 269.96336996337, 817.5457875457876]"
2025-11-24T16:00:23.560340,/muse/gyro,"[4.254302978515625, -1.74957275390625, -51.72454833984375]"
2025-11-24T16:00:23.653104,/muse/eeg,"[853.4065934065934, 784.1025641025641, 483.5164835164835, 834.4688644688645]"
2025-11-24T16:00:23.699470,/muse/eegAux,"[nan, nan, 0.0, 0.0]"
2025-11-24T16:00:23.730942,/muse/eeg,"[796.996336996337, 784.1025641025641, 574.981684981685, 811.0989010989011]"
2025-11-24T16:00:23.746705,/muse/eegAux,"[nan, nan, 0.0, 0.0]"
2025-11-24T16:00:23.902977,/muse/gyro,"[15.260162353515625, 5.18890380859375, -84.8468017578125]"
2025-11-24T16:00:24.011110,/muse/eeg,"[772.4175824175825, 794.5787545787546, 458.53479853479854, 785.7142857142858]"
2025-11-24T16:00:24.026199,/muse/eeg,"[770.0, 805.4578754578755, 623.3333333333334, 816.7399267399268]"
2025-11-24T16:00:24.058343,/muse/eegAux,"[nan, nan, 0.0, 0.0]"
2025-11-24T16:00:24.121872,/muse/gyro,"[-0.25421142578125, -2.145843505859375, -11.985321044921875]"
2025-11-24T16:00:24.216095,/muse/eeg,"[695.8608058608058, 782.893772893773, 697.4725274725275, 822.3809523809524]"
2025-11-24T16:00:24.262155,/muse/eeg,"[678.1318681318681, 783.6996336996338, 581.025641025641, 812.3076923076924]"
2025-11-24T16:00:24.403779,/muse/eegAux,"[nan, nan, 0.0, 0.0]"
2025-11-24T16:00:24.450925,/muse/eegAux,"[nan, nan, 0.0, 0.0]"
2025-11-24T16:00:24.498109,/muse/eeg,"[792.967032967033, 781.2820512820513, 651.941391941392, 770.8058608058608]"
2025-11-24T16:00:24.577411,/muse/eegAux,"[nan, nan, 0.0, 0.0]"
2025-11-24T16:00:24.652247,/muse/eeg,"[849.7802197802198, 787.3260073260074, 538.7179487179487, 752.6739926739926]"
2025-11-24T16:00:24.698272,/muse/eegAux,"[nan, nan, 0.0, 0.0]"
2025-11-24T16:00:24.777319,/muse/eeg,"[776.8498168498169, 789.7435897435897, 640.2564102564103, 776.0439560439561]"
2025-11-24T16:00:24.886732,/muse/eeg,"[481.09890109890114, 716.007326007326, 1058.901098901099, 770.4029304029305]"
2025-11-24T16:00:24.932324,/muse/eegAux,"[nan, nan, 0.0, 0.0]"
2025-11-24T16:00:24.994700,/muse/eeg,"[1388.095238095238, 751.0622710622711, 977.9120879120879, 861.4652014652015]"
2025-11-24T16:00:25.056699,/muse/gyro,"[18.0340576171875, -9.21142578125, -8.007659912109375]"
2025-11-24T16:00:25.135787,/muse/eeg,"[1146.3369963369964, 786.9230769230769, 1108.8644688644688, 842.1245421245421]"
2025-11-24T16:00:25.195928,/muse/gyro,"[5.562744140625, 31.155853271484375, -27.87353515625]"
2025-11-24T16:00:25.227641,/muse/gyro,"[1.71966552734375, 33.8250732421875, -45.720672607421875]"
2025-11-24T16:00:25.289075,/muse/gyro,"[1.71966552734375, 33.8250732421875, -45.720672607421875]"
2025-11-24T16:00:25.352635,/muse/acc,"[-0.0640869140625, 0.1046142578125, 1.01287841796875]"
2025-11-24T16:00:25.460940,/muse/acc,"[-0.09979248046875, 0.1025390625, 1.001708984375]"
2025-11-24T16:00:25.492072,/muse/elements/alpha_absolute,"[1.3103544540614362, 1.0375028386643188, -3.0464130382657006, 0.9895925934654979]"
2025-11-24T16:00:25.523962,/muse/eeg,"[784.9084249084249, 788.9377289377289, 602.3809523809524, 811.9047619047619]"
2025-11-24T16:00:25.695618,/muse/gyro,"[9.802093505859375, -7.177734375, 7.125396728515625]"
2025-11-24T16:00:25.819671,/muse/gyro,"[9.802093505859375, -7.177734375, 7.28240966796875]"
2025-11-24T16:00:25.866741,/muse/eeg,"[820.3663003663004, 792.967032967033, 640.2564102564103, 768.7912087912088]"
2025-11-24T16:00:25.928868,/muse/eeg,"[773.6263736263736, 759.92673992674, 624.5421245421246, 785.7142857142858]"
2025-11-24T16:00:26.021327,/muse/eeg,"[824.3956043956044, 752.2710622710623, 555.6410256410256, 796.1904761904763]"
2025-11-24T16:00:25.975611,/muse/eegAux,"[nan, nan, 0.0, 0.0]"
2025-11-24T16:00:26.099626,/muse/eegAux,"[nan, nan, 0.0, 0.0]"
2025-11-24T16:00:26.115219,/muse/eeg,"[869.5238095238095, 773.6263736263736, 657.5824175824176, 786.1172161172161]"
2025-11-24T16:00:26.162013,/muse/eegAux,"[nan, nan, 0.0, 0.0]"
2025-11-24T16:00:26.207937,/muse/eeg,"[786.5201465201466, 777.2527472527473, 733.3333333333334, 790.1465201465202]"
2025-11-24T16:00:26.285220,/muse/eegAux,"[nan, nan, 0.0, 0.0]"
2025-11-24T16:00:26.254278,/muse/eeg,"[737.3626373626374, 758.7179487179487, 683.3699633699634, 788.1318681318681]"
2025-11-24T16:00:26.347724,/muse/eeg,"[737.3626373626374, 758.7179487179487, 683.3699633699634, 788.1318681318681]"
2025-11-24T16:00:26.409338,/muse/gyro,"[4.29168701171875, -2.70660400390625, 9.323577880859375]"
2025-11-24T16:00:26.486231,/muse/eeg,"[831.2454212454213, 809.0842490842491, 1008.9377289377289, 798.6080586080586]"
2025-11-24T16:00:26.563818,/muse/eegAux,"[nan, nan, 0.0, 0.0]"
2025-11-24T16:00:26.641688,/muse/eeg,"[790.1465201465202, 789.7435897435897, 792.1611721611722, 823.5897435897436]"
2025-11-24T16:00:26.594892,/muse/elements/alpha_relative,"[0.2026175048188711, 0.13497817457035316, 0.1969018943271207, 0.17290968992416542]"
2025-11-24T16:00:26.704091,/muse/eeg,"[767.5824175824176, 775.6410256410256, 761.1355311355312, 804.6520146520147]"
2025-11-24T16:00:26.735638,/muse/eeg,"[823.5897435897436, 731.3186813186813, 782.0879120879121, 830.4395604395604]"
2025-11-24T16:00:26.813546,/muse/gyro,"[-9.846954345703125, -11.11053466796875, 45.227203369140625]"
2025-11-24T16:00:26.924513,/muse/eeg,"[760.7326007326008, 757.5091575091575, 835.2747252747253, 832.0512820512821]"
2025-11-24T16:00:26.986452,/muse/gyro,"[8.1048583984375, -5.016937255859375, -2.265472412109375]"
2025-11-24T16:00:27.126446,/muse/eeg,"[845.7509157509157, 809.4871794871796, 789.7435897435897, 806.6666666666667]"
2025-11-24T16:00:27.188750,/muse/eeg,"[859.8534798534798, 796.996336996337, 751.4652014652015, 776.8498168498169]"
2025-11-24T16:00:27.079076,/muse/gyro,"[8.874969482421875, -2.669219970703125, -7.73101806640625]"
2025-11-24T16:00:27.235362,/muse/eeg,"[805.8608058608058, 785.3113553113553, 782.0879120879121, 764.7619047619048]"
2025-11-24T16:00:27.282481,/muse/gyro,"[13.076934814453125, -19.297637939453125, -41.339263916015625]"
2025-11-24T16:00:27.360463,/muse/gyro,"[14.16107177734375, -25.219268798828125, -44.105682373046875]"
2025-11-24T16:00:27.406129,/muse/eeg,"[732.1245421245421, 819.1575091575091, 395.2747252747253, 848.5714285714286]"
2025-11-24T16:00:27.376237,/muse/gyro,"[14.16107177734375, -25.219268798828125, -44.105682373046875]"
2025-11-24T16:00:27.452077,/muse/eeg,"[796.5934065934066, 792.1611721611722, 255.45787545787547, 791.3553113553114]"
2025-11-24T16:00:27.498624,/muse/eeg,"[888.8644688644689, 765.1648351648352, 223.22344322344324, 803.040293040293]"
2025-11-24T16:00:27.575916,/muse/eegAux,"[nan, nan, 0.0, 0.0]"
2025-11-24T16:00:27.621248,/muse/eeg,"[731.7216117216118, 763.1501831501831, 310.2564102564103, 773.2234432234433]"
2025-11-24T16:00:27.681906,/muse/eeg,"[792.5641025641025, 732.5274725274726, 441.20879120879124, 805.4578754578755]"
2025-11-24T16:00:27.759435,/muse/gyro,"[4.418792724609375, 3.1402587890625, -1.457977294921875]"
2025-11-24T16:00:27.789659,/muse/gyro,"[5.884246826171875, 3.21502685546875, -10.923614501953125]"
2025-11-24T16:00:27.697392,/muse/gyro,"[2.758941650390625, 6.400146484375, 3.207550048828125]"
2025-11-24T16:00:27.866385,/muse/eeg,"[789.3406593406594, 811.9047619047619, 766.3736263736264, 779.6703296703297]"
2025-11-24T16:00:27.897223,/muse/eegAux,"[nan, nan, 0.0, 0.0]"
2025-11-24T16:00:27.944414,/muse/gyro,"[-4.2767333984375, -2.026214599609375, -26.318359375]"
2025-11-24T16:00:27.990918,/muse/eeg,"[850.5860805860806, 774.0293040293041, 803.4432234432235, 811.5018315018315]"
2025-11-24T16:00:28.084290,/muse/eeg,"[790.5494505494506, 766.7765567765568, 765.9706959706959, 778.0586080586081]"
2025-11-24T16:00:28.161596,/muse/eeg,"[809.4871794871796, 770.8058608058608, 888.0586080586081, 804.6520146520147]"
2025-11-24T16:00:28.224543,/muse/eeg,"[739.7802197802198, 780.4761904761905, 1605.6776556776558, 760.7326007326008]"
2025-11-24T16:00:28.271197,/muse/eeg,"[780.8791208791209, 778.0586080586081, 1508.9743589743591, 751.0622710622711]"
2025-11-24T16:00:28.303283,/muse/eeg,"[661.6117216117216, 807.8754578754579, 367.4725274725275, 680.5494505494506]"
2025-11-24T16:00:28.506558,/muse/eeg,"[754.2857142857143, 925.934065934066, 1342.5641025641025, 784.1025641025641]"
2025-11-24T16:00:28.381529,/muse/eeg,"[821.978021978022, 603.1868131868132, 95.4945054945055, 830.0366300366301]"
2025-11-24T16:00:28.444103,/muse/gyro,"[-13.099365234375, 7.53662109375, 11.701202392578125]"
2025-11-24T16:00:28.645464,/muse/gyro,"[21.6827392578125, -36.479339599609375, -38.5205078125]"
2025-11-24T16:00:28.677069,/muse/eeg,"[1098.7912087912089, 803.4432234432235, 1622.6007326007327, 1071.7948717948718]"
2025-11-24T16:00:28.707548,/muse/eeg,"[623.7362637362637, 1622.6007326007327, 1622.6007326007327, 798.6080586080586]"
2025-11-24T16:00:28.768359,/muse/gyro,"[22.976226806640625, -27.357635498046875, -9.592742919921875]"
2025-11-24T16:00:28.845761,/muse/elements/alpha_absolute,"[1.3103544540614362, 1.0375028386643188, -3.0464130382657006, 1.2951906044933608]"
2025-11-24T16:00:28.814505,/muse/eeg,"[751.0622710622711, 1031.904761904762, 1013.7728937728938, 785.3113553113553]"
2025-11-24T16:00:28.892861,/muse/eegAux,"[nan, nan, 0.0, 0.0]"
2025-11-24T16:00:29.014086,/muse/eeg,"[657.1794871794872, 1135.4578754578754, 0.0, 792.5641025641025]"
2025-11-24T16:00:29.045308,/muse/eegAux,"[nan, nan, 0.0, 0.0]"
2025-11-24T16:00:29.123713,/muse/eeg,"[833.2600732600733, 669.2673992673992, 0.0, 747.4358974358975]"
2025-11-24T16:00:29.202402,/muse/gyro,"[3.768310546875, -11.536712646484375, -9.622650146484375]"
2025-11-24T16:00:29.247706,/muse/eeg,"[977.9120879120879, 501.24542124542126, 0.0, 842.5274725274726]"
2025-11-24T16:00:29.309355,/muse/eeg,"[1045.2014652014652, 674.1025641025641, 152.71062271062272, 865.8974358974359]"
2025-11-24T16:00:29.324979,/muse/eeg,"[1036.3369963369964, 678.9377289377289, 323.95604395604397, 898.9377289377289]"
2025-11-24T16:00:29.403916,/muse/gyro,"[2.52716064453125, 15.768585205078125, -1.79443359375]"
2025-11-24T16:00:29.465476,/muse/eeg,"[793.3699633699634, 629.3772893772893, 1048.0219780219782, 845.3479853479854]"
2025-11-24T16:00:29.496123,/muse/eegAux,"[nan, nan, 0.0, 0.0]"
2025-11-24T16:00:29.542582,/muse/eeg,"[826.007326007326, 615.6776556776557, 699.8901098901099, 813.1135531135532]"
2025-11-24T16:00:29.542582,/muse/eeg,"[788.1318681318681, 565.7142857142858, 500.0366300366301, 808.2783882783883]"
2025-11-24T16:00:29.651735,/muse/drlref,"[1619780.2197802197, 1596410.2564102563]"
2025-11-24T16:00:29.761258,/muse/eeg,"[964.2124542124542, 741.3919413919414, 278.02197802197804, 749.047619047619]"
2025-11-24T16:00:29.824720,/muse/eeg,"[933.5897435897436, 285.27472527472526, 1622.1978021978023, 840.9157509157509]"
2025-11-24T16:00:29.855345,/muse/eeg,"[0.0, 367.4725274725275, 1608.4981684981685, 933.1868131868132]"
2025-11-24T16:00:29.917415,/muse/eeg,"[0.0, 367.4725274725275, 1608.4981684981685, 933.1868131868132]"
2025-11-24T16:00:30.011688,/muse/gyro,"[-2.684173583984375, 12.39654541015625, 121.70745849609375]"
2025-11-24T16:00:30.118845,/muse/eeg,"[1092.3443223443223, 649.92673992674, 1519.85347985348, 926.3369963369963]"
2025-11-24T16:00:30.073733,/muse/gyro,"[-11.3946533203125, 9.67498779296875, 85.67672729492188]"
2025-11-24T16:00:30.211544,/muse/eeg,"[1619.7802197802198, 859.047619047619, 1622.1978021978023, 909.8168498168499]"
2025-11-24T16:00:30.259215,/muse/eeg,"[9.670329670329672, 755.4945054945055, 1622.6007326007327, 915.8608058608058]"
2025-11-24T16:00:30.398510,/muse/eeg,"[1621.7948717948718, 303.003663003663, 1622.6007326007327, 864.2857142857143]"
2025-11-24T16:00:30.414555,/muse/gyro,"[-8.874969482421875, -10.347900390625, 76.97372436523438]"
2025-11-24T16:00:30.462110,/muse/elements/alpha_absolute,"[1.3103544540614362, 1.0375028386643188, -3.0464130382657006, 1.282532831550672]"
2025-11-24T16:00:30.570363,/muse/eeg,"[217.17948717948718, 755.4945054945055, 1622.1978021978023, 859.4505494505495]"
2025-11-24T16:00:30.709014,/muse/eegAux,"[nan, nan, 0.0, 0.0]"
2025-11-24T16:00:30.678828,/muse/eegAux,"[nan, nan, 0.0, 0.0]"
2025-11-24T16:00:30.834698,/muse/eeg,"[0.0, 1622.6007326007327, 1622.6007326007327, 335.64102564102564]"
2025-11-24T16:00:30.864813,/muse/eeg,"[163.5897435897436, 1622.6007326007327, 1622.6007326007327, 982.3443223443223]"
2025-11-24T16:00:30.973840,/muse/elements/alpha_relative,"[0.2026175048188711, 0.13497817457035316, 0.1969018943271207, 0.17535032566534584]"
2025-11-24T16:00:31.098651,/muse/eeg,"[381.57509157509156, 1622.6007326007327, 1622.1978021978023, 861.0622710622711]"
2025-11-24T16:00:31.135437,/muse/eeg,"[1126.5934065934066, 1622.6007326007327, 0.0, 942.0512820512821]"
2025-11-24T16:00:31.222246,/muse/eeg,"[705.934065934066, 1013.7728937728938, 0.0, 773.6263736263736]"
2025-11-24T16:00:31.237574,/muse/eeg,"[184.13919413919413, 0.0, 153.1135531135531, 831.6483516483516]"
2025-11-24T16:00:31.299664,/muse/eegAux,"[nan, nan, 0.0, 0.0]"
2025-11-24T16:00:31.346786,/muse/eeg,"[1404.6153846153848, 0.0, 1544.835164835165, 875.5677655677656]"
2025-11-24T16:00:31.453970,/muse/eegAux,"[nan, nan, 0.0, 0.0]"
2025-11-24T16:00:31.516340,/muse/gyro,"[14.1162109375, 25.64544677734375, 9.76470947265625]"
2025-11-24T16:00:31.562102,/muse/eeg,"[822.7838827838829, 570.952380952381, 0.0, 815.1282051282052]"
2025-11-24T16:00:31.639383,/muse/eeg,"[872.3443223443223, 652.7472527472528, 0.0, 753.8827838827839]"
2025-11-24T16:00:31.686189,/muse/eeg,"[842.5274725274726, 647.5091575091575, 0.0, 749.4505494505495]"
2025-11-24T16:00:31.748102,/muse/eeg,"[702.3076923076924, 703.1135531135532, 0.0, 719.2307692307693]"
2025-11-24T16:00:31.794825,/muse/eeg,"[713.5897435897436, 571.7582417582418, 0.0, 822.7838827838829]"
2025-11-24T16:00:31.826396,/muse/gyro,"[-3.162689208984375, 35.312957763671875, -28.150177001953125]"
2025-11-24T16:00:31.902508,/muse/gyro,"[-3.162689208984375, 35.312957763671875, -28.150177001953125]"
2025-11-24T16:00:31.995006,/muse/eeg,"[591.9047619047619, 571.7582417582418, 0.0, 821.5750915750916]"
2025-11-24T16:00:32.040883,/muse/gyro,"[-43.5748291015625, 6.32537841796875, -52.105865478515625]"
2025-11-24T16:00:32.164908,/muse/eeg,"[899.3406593406594, 719.2307692307693, 1622.6007326007327, 657.1794871794872]"
2025-11-24T16:00:32.366965,/muse/eeg,"[970.6593406593407, 735.3479853479854, 1622.6007326007327, 809.4871794871796]"
2025-11-24T16:00:32.290293,/muse/eeg,"[780.0732600732601, 783.2967032967033, 1622.6007326007327, 654.7619047619048]"
2025-11-24T16:00:32.413610,/muse/gyro,"[-25.43609619140625, 42.430877685546875, -8.994598388671875]"
2025-11-24T16:00:32.459636,/muse/eeg,"[900.1465201465202, 736.1538461538462, 1622.6007326007327, 838.4981684981685]"
2025-11-24T16:00:32.552340,/muse/eegAux,"[nan, nan, 0.0, 0.0]"
2025-11-24T16:00:32.646639,/muse/gyro,"[23.036041259765625, 2.31781005859375, 17.1368408203125]"
2025-11-24T16:00:32.584343,/muse/gyro,"[26.894073486328125, 14.95361328125, -0.3887939453125]"
2025-11-24T16:00:32.709643,/muse/elements/alpha_absolute,"[1.3103544540614362, 1.0375028386643188, -3.0464130382657006, 1.282532831550672]"
2025-11-24T16:00:32.817563,/muse/eeg,"[753.0769230769231, 799.4139194139194, 532.6739926739926, 788.1318681318681]"
2025-11-24T16:00:32.911597,/muse/eeg,"[757.9120879120879, 795.7875457875458, 515.7509157509157, 792.967032967033]"
2025-11-24T16:00:32.958301,/muse/eeg,"[720.0366300366301, 794.981684981685, 502.05128205128204, 776.8498168498169]"
2025-11-24T16:00:33.050772,/muse/eeg,"[624.5421245421246, 797.8021978021978, 377.94871794871796, 756.3003663003664]"
2025-11-24T16:00:33.160559,/muse/elements/beta_absolute,"[1.6636290497778092, 0.5278529030508767, -2.7866814850890833, 1.0639428020672712]"
2025-11-24T16:00:33.300284,/muse/eeg,"[685.7875457875458, 799.8168498168499, 598.3516483516484, 808.2783882783883]"
2025-11-24T16:00:33.347210,/muse/elements/alpha_relative,"[0.2026175048188711, 0.13497817457035316, 0.1969018943271207, 0.17535032566534584]"
2025-11-24T16:00:33.392991,/muse/eeg,"[840.5128205128206, 762.3443223443223, 516.5567765567765, 799.4139194139194]"
2025-11-24T16:00:33.424240,/muse/eeg,"[862.2710622710623, 743.4065934065934, 469.8168498168498, 799.4139194139194]"
2025-11-24T16:00:33.502108,/muse/eeg,"[792.5641025641025, 746.2271062271062, 479.4871794871795, 774.8351648351648]"
2025-11-24T16:00:33.548456,/muse/eegAux,"[nan, nan, 0.0, 0.0]"
2025-11-24T16:00:33.594941,/muse/gyro,"[7.49176025390625, -9.174041748046875, -10.833892822265625]"
2025-11-24T16:00:33.688758,/muse/eeg,"[786.1172161172161, 735.3479853479854, 560.8791208791209, 795.7875457875458]"
2025-11-24T16:00:33.782963,/muse/eeg,"[765.5677655677656, 737.3626373626374, 542.7472527472528, 799.4139194139194]"
2025-11-24T16:00:33.657510,/muse/eeg,"[797.3992673992674, 747.4358974358975, 475.45787545787545, 780.8791208791209]"
2025-11-24T16:00:33.861970,/muse/eegAux,"[nan, nan, 0.0, 0.0]"
2025-11-24T16:00:33.984898,/muse/eeg,"[780.4761904761905, 705.5311355311355, 591.0989010989011, 814.7252747252747]"
2025-11-24T16:00:34.030652,/muse/eeg,"[771.2087912087912, 748.6446886446887, 573.3699633699634, 813.5164835164835]"
2025-11-24T16:00:34.077417,/muse/acc,"[-0.017822265625, -0.007080078125, 0.98529052734375]"
2025-11-24T16:00:34.154237,/muse/gyro,"[12.747955322265625, -59.358367919921875, 40.098114013671875]"
2025-11-24T16:00:34.184524,/muse/gyro,"[12.747955322265625, -59.358367919921875, 40.098114013671875]"
2025-11-24T16:00:34.245851,/muse/eeg,"[821.978021978022, 723.2600732600732, 497.61904761904765, 822.7838827838829]"
2025-11-24T16:00:34.386471,/muse/eegAux,"[nan, nan, 0.0, 0.0]"
2025-11-24T16:00:34.401988,/muse/eeg,"[833.2600732600733, 730.1098901098901, 416.2271062271062, 828.4249084249085]"
2025-11-24T16:00:34.480162,/muse/gyro,"[-5.87677001953125, -9.989013671875, 2.863616943359375]"
2025-11-24T16:00:34.433398,/muse/eeg,"[832.8571428571429, 706.3369963369963, 311.86813186813185, 803.8461538461539]"
2025-11-24T16:00:34.541261,/muse/eeg,"[813.5164835164835, 720.0366300366301, 439.1941391941392, 823.1868131868132]"
2025-11-24T16:00:34.587204,/muse/eeg,"[850.5860805860806, 732.5274725274726, 467.3992673992674, 788.1318681318681]"
2025-11-24T16:00:34.649022,/muse/eegAux,"[nan, nan, 0.0, 0.0]"
2025-11-24T16:00:34.681256,/muse/eeg,"[816.7399267399268, 709.1575091575091, 482.3076923076923, 820.7692307692308]"
2025-11-24T16:00:34.728575,/muse/eeg,"[738.974358974359, 723.2600732600732, 474.24908424908426, 787.3260073260074]"
2025-11-24T16:00:34.821257,/muse/gyro,"[24.172515869140625, 44.060821533203125, -93.18344116210938]"
2025-11-24T16:00:34.883004,/muse/eeg,"[814.3223443223443, 780.0732600732601, 640.6593406593407, 834.0659340659341]"
2025-11-24T16:00:34.961525,/muse/eegAux,"[nan, nan, 0.0, 0.0]"
2025-11-24T16:00:35.054753,/muse/eeg,"[776.0439560439561, 789.7435897435897, 723.6630036630037, 859.047619047619]"
2025-11-24T16:00:35.133142,/muse/eegAux,"[nan, nan, 0.0, 0.0]"
2025-11-24T16:00:35.194490,/muse/eeg,"[828.4249084249085, 785.7142857142858, 668.0586080586081, 840.1098901098901]"
2025-11-24T16:00:35.270462,/muse/eegAux,"[nan, nan, 0.0, 0.0]"
2025-11-24T16:00:35.379146,/muse/eeg,"[828.4249084249085, 785.7142857142858, 668.0586080586081, 840.1098901098901]"
2025-11-24T16:00:35.488156,/muse/eegAux,"[nan, nan, 0.0, 0.0]"
2025-11-24T16:00:35.566817,/muse/eeg,"[825.6043956043957, 783.2967032967033, 640.2564102564103, 836.886446886447]"
2025-11-24T16:00:35.613874,/muse/eeg,"[843.3333333333334, 744.2124542124542, 940.8424908424909, 779.6703296703297]"
2025-11-24T16:00:35.629052,/muse/eegAux,"[nan, nan, 0.0, 0.0]"
2025-11-24T16:00:35.675667,/muse/eeg,"[838.901098901099, 771.6117216117216, 589.8901098901099, 806.2637362637363]"
2025-11-24T16:00:35.785751,/muse/eegAux,"[nan, nan, 0.0, 0.0]"
2025-11-24T16:00:35.770066,/muse/eeg,"[786.5201465201466, 751.0622710622711, 543.956043956044, 804.6520146520147]"
2025-11-24T16:00:35.848503,/muse/eeg,"[761.1355311355312, 747.4358974358975, 571.7582417582418, 808.6813186813187]"
2025-11-24T16:00:35.910395,/muse/eeg,"[782.893772893773, 745.0183150183151, 581.8315018315019, 792.1611721611722]"
2025-11-24T16:00:35.940982,/muse/eeg,"[793.3699633699634, 742.1978021978023, 575.3846153846154, 802.6373626373627]"
2025-11-24T16:00:35.972125,/muse/eegAux,"[nan, nan, 0.0, 0.0]"
2025-11-24T16:00:36.066326,/muse/eeg,"[844.5421245421246, 777.2527472527473, 635.8241758241759, 807.8754578754579]"
2025-11-24T16:00:36.191917,/muse/gyro,"[4.91973876953125, -3.15521240234375, -16.680755615234375]"
2025-11-24T16:00:36.270195,/muse/eeg,"[775.2380952380953, 785.3113553113553, 677.3260073260074, 829.2307692307693]"
2025-11-24T16:00:36.317428,/muse/elements/alpha_absolute,"[1.3103544540614362, 1.0375028386643188, -3.0464130382657006, 1.282532831550672]"
2025-11-24T16:00:36.378627,/muse/elements/beta_absolute,"[1.6636290497778092, 0.5278529030508767, -2.7866814850890833, 1.0639428020672712]"
2025-11-24T16:00:36.441365,/muse/eeg,"[859.047619047619, 744.6153846153846, 550.8058608058608, 788.1318681318681]"
2025-11-24T16:00:36.472020,/muse/eegAux,"[nan, nan, 0.0, 0.0]"
2025-11-24T16:00:36.518512,/muse/elements/delta_relative,"[0.0320298947061146, 0.3390759856600423, 0.1430143427055729, 0.44703618727521177]"
2025-11-24T16:00:36.594830,/muse/drlref,"[1621391.9413919414, 1596410.2564102563]"
2025-11-24T16:00:36.626081,/muse/gyro,"[-12.733001708984375, 2.03369140625, 25.129547119140625]"
2025-11-24T16:00:36.673800,/muse/acc,"[-0.01959228515625, 0.01007080078125, 0.9268798828125]"
2025-11-24T16:00:36.751056,/muse/eeg,"[903.7728937728938, 765.9706959706959, 502.4542124542125, 743.4065934065934]"
2025-11-24T16:00:36.858813,/muse/eeg,"[840.5128205128206, 714.7985347985348, 444.02930402930406, 738.974358974359]"
2025-11-24T16:00:36.935699,/muse/eegAux,"[nan, nan, 0.0, 0.0]"
2025-11-24T16:00:37.028404,/muse/eeg,"[780.4761904761905, 713.992673992674, 449.6703296703297, 778.0586080586081]"
2025-11-24T16:00:37.044108,/muse/gyro,"[-46.8646240234375, 49.548797607421875, -54.8199462890625]"
2025-11-24T16:00:37.075605,/muse/eeg,"[893.6996336996338, 719.2307692307693, 609.2307692307693, 850.989010989011]"
2025-11-24T16:00:37.138859,/muse/eeg,"[956.959706959707, 767.5824175824176, 518.974358974359, 783.2967032967033]"
2025-11-24T16:00:37.106963,/muse/eegAux,"[nan, nan, 0.0, 0.0]"
2025-11-24T16:00:37.279220,/muse/eeg,"[872.7472527472528, 739.7802197802198, 489.96336996337, 796.1904761904763]"
2025-11-24T16:00:37.403104,/muse/eegAux,"[nan, nan, 0.0, 0.0]"
2025-11-24T16:00:37.479886,/muse/eeg,"[847.3626373626374, 740.989010989011, 489.5604395604396, 775.6410256410256]"
2025-11-24T16:00:37.542116,/muse/eeg,"[824.3956043956044, 769.5970695970697, 581.025641025641, 792.967032967033]"
2025-11-24T16:00:37.557350,/muse/gyro,"[7.58148193359375, -31.425018310546875, 4.897308349609375]"
2025-11-24T16:00:37.618590,/muse/eeg,"[678.1318681318681, 746.2271062271062, 485.12820512820514, 717.6190476190476]"
2025-11-24T16:00:37.726347,/muse/gyro,"[4.0374755859375, -38.782196044921875, 132.32452392578125]"
2025-11-24T16:00:37.773145,/muse/eegAux,"[nan, nan, 0.0, 0.0]"
2025-11-24T16:00:37.820259,/muse/eeg,"[879.1941391941392, 702.7106227106227, 561.2820512820513, 801.025641025641]"
2025-11-24T16:00:37.929621,/muse/eeg,"[795.3846153846154, 651.5384615384615, 467.80219780219784, 786.1172161172161]"
2025-11-24T16:00:38.008573,/muse/eegAux,"[nan, nan, 0.0, 0.0]"
2025-11-24T16:00:38.053620,/muse/eeg,"[913.040293040293, 792.5641025641025, 591.9047619047619, 790.1465201465202]"
2025-11-24T16:00:38.209031,/muse/eeg,"[959.3772893772895, 823.1868131868132, 589.8901098901099, 803.040293040293]"
2025-11-24T16:00:38.302106,/muse/eegAux,"[nan, nan, 0.0, 0.0]"
2025-11-24T16:00:38.270881,/muse/eeg,"[971.8681318681319, 831.2454212454213, 620.5128205128206, 833.2600732600733]"
2025-11-24T16:00:38.411236,/muse/eeg,"[895.7142857142858, 819.5604395604396, 580.2197802197802, 814.3223443223443]"
2025-11-24T16:00:38.489503,/muse/gyro,"[10.101165771484375, -20.852813720703125, 51.12640380859375]"
2025-11-24T16:00:38.566616,/muse/eeg,"[887.6556776556777, 745.4212454212454, 487.14285714285717, 826.4102564102565]"
2025-11-24T16:00:38.644088,/muse/eegAux,"[nan, nan, 0.0, 0.0]"
2025-11-24T16:00:38.721771,/muse/eeg,"[824.3956043956044, 745.0183150183151, 495.6043956043956, 850.5860805860806]"
2025-11-24T16:00:38.799826,/muse/gyro,"[37.63824462890625, -12.72552490234375, 22.826690673828125]"
2025-11-24T16:00:38.846451,/muse/gyro,"[38.931732177734375, -4.792633056640625, 20.50140380859375]"
2025-11-24T16:00:38.925424,/muse/eeg,"[675.3113553113553, 740.1831501831502, 534.2857142857143, 836.0805860805862]"
2025-11-24T16:00:38.973133,/muse/eegAux,"[nan, nan, 0.0, 0.0]"
2025-11-24T16:00:39.034902,/muse/eeg,"[626.959706959707, 1066.5567765567766, 651.1355311355312, 706.7399267399268]"
2025-11-24T16:00:39.066381,/muse/acc,"[-0.19268798828125, -0.24951171875, 1.09039306640625]"
2025-11-24T16:00:39.127185,/muse/acc,"[-0.124755859375, -0.02117919921875, 1.12603759765625]"
2025-11-24T16:00:39.158263,/muse/eegAux,"[nan, nan, 0.0, 0.0]"
2025-11-24T16:00:39.235475,/muse/eeg,"[898.1318681318681, 961.3919413919414, 581.8315018315019, 828.8278388278388]"
2025-11-24T16:00:39.296974,/muse/hsi,"[2.0, 1.0, 1.0, 2.0]"
2025-11-24T16:00:39.327704,/muse/eeg,"[782.0879120879121, 1022.2344322344322, 590.6959706959707, 823.992673992674]"
2025-11-24T16:00:39.499879,/muse/eeg,"[832.0512820512821, 1087.1062271062272, 548.7912087912088, 821.5750915750916]"
2025-11-24T16:00:39.530639,/muse/eegAux,"[nan, nan, 0.0, 0.0]"
2025-11-24T16:00:39.686686,/muse/eeg,"[830.8424908424909, 702.7106227106227, 448.05860805860806, 820.7692307692308]"
2025-11-24T16:00:39.609246,/muse/eeg,"[891.2820512820513, 706.3369963369963, 429.1208791208791, 834.4688644688645]"
2025-11-24T16:00:39.811442,/muse/eegAux,"[nan, nan, 0.0, 0.0]"
2025-11-24T16:00:39.858121,/muse/eeg,"[954.945054945055, 730.1098901098901, 589.0842490842491, 856.2271062271062]"
2025-11-24T16:00:39.921016,/muse/elements/delta_absolute,"[0.5092330022140743, 1.4375363210474805, -3.185283338198744, 1.6889689351467623]"
2025-11-24T16:00:40.031567,/muse/eegAux,"[nan, nan, 0.0, 0.0]"
2025-11-24T16:00:40.062422,/muse/acc,"[0.08355712890625, 0.1766357421875, 1.01055908203125]"
2025-11-24T16:00:40.235483,/muse/eeg,"[882.014652014652, 733.3333333333334, 709.1575091575091, 828.021978021978]"
2025-11-24T16:00:40.110086,/muse/eeg,"[857.032967032967, 768.3882783882784, 567.7289377289377, 817.5457875457876]"
2025-11-24T16:00:40.298494,/muse/eeg,"[835.6776556776557, 801.4285714285714, 648.7179487179487, 811.5018315018315]"
2025-11-24T16:00:40.344989,/muse/eeg,"[834.0659340659341, 785.3113553113553, 922.3076923076924, 803.4432234432235]"
2025-11-24T16:00:40.314198,/muse/eeg,"[821.978021978022, 802.2344322344322, 718.8278388278388, 807.0695970695971]"
2025-11-24T16:00:40.391608,/muse/eeg,"[814.7252747252747, 788.9377289377289, 853.8095238095239, 823.5897435897436]"
2025-11-24T16:00:40.485863,/muse/eeg,"[807.0695970695971, 807.4725274725275, 780.8791208791209, 801.025641025641]"
2025-11-24T16:00:40.579255,/muse/eegAux,"[nan, nan, 0.0, 0.0]"
2025-11-24T16:00:40.624937,/muse/gyro,"[-2.19818115234375, -10.280609130859375, 31.963348388671875]"
2025-11-24T16:00:40.780112,/muse/eeg,"[768.3882783882784, 748.2417582417582, 667.2527472527473, 787.3260073260074]"
2025-11-24T16:00:40.811806,/muse/eegAux,"[nan, nan, 0.0, 0.0]"
2025-11-24T16:00:40.842579,/muse/gyro,"[-0.396270751953125, -5.420684814453125, 28.195037841796875]"
2025-11-24T16:00:40.874071,/muse/eeg,"[864.2857142857143, 729.3040293040293, 813.5164835164835, 809.4871794871796]"
2025-11-24T16:00:40.952832,/muse/eeg,"[821.5750915750916, 803.040293040293, 766.3736263736264, 770.8058608058608]"
2025-11-24T16:00:41.047010,/muse/eeg,"[811.5018315018315, 814.3223443223443, 714.7985347985348, 788.1318681318681]"
2025-11-24T16:00:41.062625,/muse/eegAux,"[nan, nan, 0.0, 0.0]"
2025-11-24T16:00:41.139523,/muse/eeg,"[726.4835164835165, 776.0439560439561, 794.5787545787546, 718.4249084249085]"
2025-11-24T16:00:41.185721,/muse/eegAux,"[nan, nan, 0.0, 0.0]"
2025-11-24T16:00:41.248005,/muse/acc,"[-0.12982177734375, -0.20233154296875, 0.94879150390625]"
2025-11-24T16:00:41.309922,/muse/gyro,"[-14.662017822265625, -13.0694580078125, -11.2152099609375]"
2025-11-24T16:00:41.418097,/muse/gyro,"[-14.662017822265625, -13.0694580078125, -11.2152099609375]"
2025-11-24T16:00:41.465509,/muse/eegAux,"[nan, nan, 0.0, 0.0]"
2025-11-24T16:00:41.589267,/muse/gyro,"[3.3197021484375, -13.6376953125, -19.492034912109375]"
2025-11-24T16:00:41.742984,/muse/eeg,"[815.1282051282052, 730.9157509157509, 685.7875457875458, 825.6043956043957]"
2025-11-24T16:00:41.681647,/muse/gyro,"[14.1461181640625, -8.23944091796875, -14.415283203125]"
2025-11-24T16:00:41.852193,/muse/eeg,"[1019.4139194139194, 833.2600732600733, 574.1758241758242, 944.4688644688645]"
2025-11-24T16:00:41.928450,/muse/eegAux,"[nan, nan, 0.0, 0.0]"
2025-11-24T16:00:42.022608,/muse/eeg,"[830.8424908424909, 814.3223443223443, 654.3589743589744, 839.7069597069598]"
2025-11-24T16:00:42.037839,/muse/eeg,"[780.4761904761905, 796.996336996337, 780.4761904761905, 811.5018315018315]"
2025-11-24T16:00:42.053491,/muse/eegAux,"[nan, nan, 0.0, 0.0]"
2025-11-24T16:00:42.099597,/muse/eeg,"[757.5091575091575, 1067.7655677655678, 799.8168498168499, 734.945054945055]"
2025-11-24T16:00:42.114902,/muse/gyro,"[26.8865966796875, -22.310791015625, 10.69183349609375]"
2025-11-24T16:00:42.161174,/muse/gyro,"[26.699676513671875, -23.40240478515625, 12.822723388671875]"
2025-11-24T16:00:42.207665,/muse/eegAux,"[nan, nan, 0.0, 0.0]"
2025-11-24T16:00:42.315855,/muse/eeg,"[903.7728937728938, 453.2967032967033, 36.26373626373626, 863.8827838827839]"
2025-11-24T16:00:42.378310,/muse/eeg,"[840.5128205128206, 606.8131868131868, 0.0, 841.3186813186813]"
2025-11-24T16:00:42.441494,/muse/eegAux,"[nan, nan, 0.0, 0.0]"
2025-11-24T16:00:42.643168,/muse/gyro,"[51.8292236328125, 9.3609619140625, -0.418701171875]"
2025-11-24T16:00:42.534014,/muse/eeg,"[840.5128205128206, 609.2307692307693, 56.81318681318682, 833.2600732600733]"
2025-11-24T16:00:42.798167,/muse/eeg,"[761.941391941392, 1034.7252747252749, 1622.6007326007327, 705.934065934066]"
2025-11-24T16:00:42.845125,/muse/eegAux,"[nan, nan, 0.0, 0.0]"
2025-11-24T16:00:42.906928,/muse/gyro,"[-6.093597412109375, -23.08837890625, -21.899566650390625]"
2025-11-24T16:00:42.984720,/muse/eeg,"[787.3260073260074, 808.6813186813187, 0.0, 747.032967032967]"
2025-11-24T16:00:43.046554,/muse/eegAux,"[nan, nan, 0.0, 0.0]"
2025-11-24T16:00:43.077472,/muse/gyro,"[-7.633819580078125, 1.86920166015625, -7.04315185546875]"
2025-11-24T16:00:43.169362,/muse/acc,"[-0.01141357421875, 0.09942626953125, 1.0396728515625]"
2025-11-24T16:00:43.215307,/muse/drlref,"[1620586.0805860804, 1596410.2564102563]"
2025-11-24T16:00:43.277482,/muse/eeg,"[729.3040293040293, 840.1098901098901, 1622.6007326007327, 687.3992673992674]"
2025-11-24T16:00:43.307988,/muse/eegAux,"[nan, nan, 0.0, 0.0]"
2025-11-24T16:00:43.384576,/muse/gyro,"[-11.656341552734375, 5.330963134765625, -27.178192138671875]"
2025-11-24T16:00:43.447824,/muse/gyro,"[-10.310516357421875, 2.041168212890625, -43.006591796875]"
2025-11-24T16:00:43.462960,/muse/eeg,"[749.8534798534798, 787.3260073260074, 1531.1355311355312, 802.2344322344322]"
2025-11-24T16:00:43.524677,/muse/eegAux,"[nan, nan, 0.0, 0.0]"
2025-11-24T16:00:43.572158,/muse/drlref,"[1620586.0805860804, 1596410.2564102563]"
2025-11-24T16:00:43.648940,/muse/drlref,"[1620586.0805860804, 1596410.2564102563]"
2025-11-24T16:00:43.695211,/muse/elements/delta_relative,"[0.0320298947061146, 0.3390759856600423, 0.1430143427055729, 0.44703618727521177]"
2025-11-24T16:00:43.757395,/muse/eeg,"[778.0586080586081, 869.92673992674, 998.4615384615385, 783.6996336996338]"
2025-11-24T16:00:43.757395,/muse/eegAux,"[nan, nan, 0.0, 0.0]"
2025-11-24T16:00:43.851031,/muse/eeg,"[537.9120879120879, 1442.8937728937728, 1135.8608058608058, 682.5641025641025]"
2025-11-24T16:00:43.882525,/muse/eegAux,"[nan, nan, 0.0, 0.0]"
2025-11-24T16:00:43.944332,/muse/eeg,"[821.5750915750916, 280.0366300366301, 1193.882783882784, 797.8021978021978]"
2025-11-24T16:00:43.989689,/muse/eeg,"[819.5604395604396, 89.45054945054946, 1622.6007326007327, 834.4688644688645]"
2025-11-24T16:00:44.004649,/muse/eeg,"[869.92673992674, 177.6923076923077, 869.5238095238095, 860.2564102564103]"
2025-11-24T16:00:44.081776,/muse/eeg,"[887.2527472527473, 308.64468864468864, 425.4945054945055, 880.4029304029305]"
2025-11-24T16:00:44.128263,/muse/elements/beta_relative,"[0.4570372085813913, 0.04174587947139888, 0.35808114004161157, 0.10600260724380317]"
2025-11-24T16:00:44.221330,/muse/eeg,"[716.8131868131868, 660.4029304029305, 585.8608058608058, 695.054945054945]"
2025-11-24T16:00:44.268866,/muse/acc,"[-0.084716796875, -0.2266845703125, 0.95330810546875]"
2025-11-24T16:00:44.332071,/muse/eeg,"[851.3919413919414, 811.5018315018315, 807.8754578754579, 832.4542124542124]"
2025-11-24T16:00:44.410340,/muse/eeg,"[851.3919413919414, 811.5018315018315, 807.8754578754579, 832.4542124542124]"
2025-11-24T16:00:44.488113,/muse/eeg,"[774.0293040293041, 760.3296703296703, 1257.5457875457876, 809.4871794871796]"
2025-11-24T16:00:44.534501,/muse/eegAux,"[nan, nan, 0.0, 0.0]"
2025-11-24T16:00:44.596484,/muse/eeg,"[810.2930402930403, 755.4945054945055, 1177.3626373626373, 787.7289377289378]"
2025-11-24T16:00:44.627172,/muse/eeg,"[807.0695970695971, 763.5531135531136, 946.0805860805862, 842.1245421245421]"
2025-11-24T16:00:44.673719,/muse/eegAux,"[nan, nan, 0.0, 0.0]"
2025-11-24T16:00:44.704512,/muse/acc,"[-0.07781982421875, -0.2274169921875, 0.97607421875]"
2025-11-24T16:00:44.829619,/muse/eeg,"[751.4652014652015, 745.4212454212454, 839.3040293040293, 788.1318681318681]"
2025-11-24T16:00:44.876926,/muse/eeg,"[745.0183150183151, 792.5641025641025, 823.992673992674, 762.7472527472528]"
2025-11-24T16:00:44.907805,/muse/gyro,"[12.30682373046875, -7.559051513671875, -9.46563720703125]"
2025-11-24T16:00:44.954256,/muse/eeg,"[782.4908424908425, 796.1904761904763, 805.054945054945, 800.2197802197802]"
2025-11-24T16:00:44.985078,/muse/eeg,"[763.5531135531136, 780.4761904761905, 778.4615384615385, 784.9084249084249]"
2025-11-24T16:00:45.047772,/muse/acc,"[-0.11676025390625, -0.15643310546875, 1.0196533203125]"
2025-11-24T16:00:45.188059,/muse/eeg,"[772.4175824175825, 890.0732600732601, 766.3736263736264, 804.2490842490843]"
2025-11-24T16:00:45.141214,/muse/gyro,"[12.568511962890625, -8.605804443359375, -5.106658935546875]"
2025-11-24T16:00:45.157106,/muse/gyro,"[12.568511962890625, -8.605804443359375, -5.106658935546875]"
2025-11-24T16:00:45.235222,/muse/eegAux,"[nan, nan, 0.0, 0.0]"
2025-11-24T16:00:45.281541,/muse/eeg,"[809.4871794871796, 887.6556776556777, 801.8315018315019, 774.8351648351648]"
2025-11-24T16:00:45.342794,/muse/eeg,"[761.1355311355312, 621.7216117216118, 608.4249084249085, 811.5018315018315]"
2025-11-24T16:00:45.435567,/muse/eeg,"[805.4578754578755, 607.2161172161173, 574.5787545787546, 802.2344322344322]"
2025-11-24T16:00:45.512522,/muse/eeg,"[776.8498168498169, 613.2600732600732, 503.2600732600733, 799.0109890109891]"
2025-11-24T16:00:45.558593,/muse/eeg,"[820.7692307692308, 665.2380952380953, 580.6227106227107, 797.3992673992674]"
2025-11-24T16:00:45.589896,/muse/eeg,"[806.6666666666667, 716.8131868131868, 714.3956043956044, 799.4139194139194]"
2025-11-24T16:00:45.700201,/muse/eegAux,"[nan, nan, 0.0, 0.0]"
2025-11-24T16:00:45.730550,/muse/elements/alpha_absolute,"[1.3103544540614362, 1.0375028386643188, -3.0464130382657006, 1.282532831550672]"
2025-11-24T16:00:45.869853,/muse/eeg,"[817.5457875457876, 826.007326007326, 603.5897435897436, 780.8791208791209]"
2025-11-24T16:00:45.823408,/muse/acc,"[0.204833984375, 0.13507080078125, 1.01837158203125]"
2025-11-24T16:00:45.916590,/muse/eegAux,"[nan, nan, 0.0, 0.0]"
2025-11-24T16:00:45.993698,/muse/eeg,"[797.3992673992674, 865.8974358974359, 713.1868131868132, 805.4578754578755]"
2025-11-24T16:00:46.040033,/muse/gyro,"[-2.55706787109375, -8.456268310546875, 8.845062255859375]"
2025-11-24T16:00:46.086786,/muse/gyro,"[-2.55706787109375, -8.456268310546875, 8.845062255859375]"
2025-11-24T16:00:46.149424,/muse/gyro,"[-2.55706787109375, -8.456268310546875, 8.845062255859375]"
2025-11-24T16:00:46.180740,/muse/acc,"[0.1854248046875, 0.12127685546875, 0.931884765625]"
2025-11-24T16:00:46.227762,/muse/eeg,"[766.7765567765568, 964.2124542124542, 901.3553113553114, 782.4908424908425]"
2025-11-24T16:00:46.289270,/muse/elements/gamma_absolute,"[1.2041453423478565, -0.2753580260324659, -3.0203266379668348, 0.7136746597379519]"
2025-11-24T16:00:46.350483,/muse/elements/alpha_relative,"[0.2026175048188711, 0.13497817457035316, 0.1969018943271207, 0.1422416138516425]"
2025-11-24T16:00:46.533909,/muse/eegAux,"[nan, nan, 0.0, 0.0]"
2025-11-24T16:00:46.570176,/muse/eegAux,"[nan, nan, 0.0, 0.0]"
2025-11-24T16:00:46.625545,/muse/eeg,"[770.8058608058608, 826.007326007326, 830.0366300366301, 838.0952380952381]"
2025-11-24T16:00:46.688138,/muse/eegAux,"[nan, nan, 0.0, 0.0]"
2025-11-24T16:00:46.734149,/muse/eeg,"[873.5531135531136, 684.1758241758242, 767.1794871794872, 877.5824175824176]"
2025-11-24T16:00:46.796298,/muse/eegAux,"[nan, nan, 0.0, 0.0]"
2025-11-24T16:00:46.842341,/muse/eeg,"[897.3260073260074, 757.9120879120879, 731.3186813186813, 868.7179487179487]"
2025-11-24T16:00:46.920915,/muse/eeg,"[834.8717948717949, 657.1794871794872, 749.4505494505495, 825.2014652014652]"
2025-11-24T16:00:46.983182,/muse/eegAux,"[nan, nan, 0.0, 0.0]"
2025-11-24T16:00:47.106600,/muse/eeg,"[797.3992673992674, 645.8974358974359, 796.996336996337, 829.2307692307693]"
2025-11-24T16:00:47.247727,/muse/eegAux,"[nan, nan, 0.0, 0.0]"
2025-11-24T16:00:47.295079,/muse/eeg,"[875.9706959706959, 436.3736263736264, 1324.835164835165, 840.1098901098901]"
2025-11-24T16:00:47.341463,/muse/eegAux,"[nan, nan, 0.0, 0.0]"
2025-11-24T16:00:47.435324,/muse/eeg,"[859.4505494505495, 447.65567765567766, 1353.8461538461538, 846.5567765567765]"
2025-11-24T16:00:47.482775,/muse/gyro,"[4.583282470703125, -1.457977294921875, 19.551849365234375]"
2025-11-24T16:00:47.591984,/muse/gyro,"[4.658050537109375, -1.89910888671875, 20.4266357421875]"
2025-11-24T16:00:47.514505,/muse/gyro,"[4.957122802734375, -2.100982666015625, 20.164947509765625]"
2025-11-24T16:00:47.623018,/muse/acc,"[0.19720458984375, 0.12030029296875, 0.99688720703125]"
2025-11-24T16:00:47.714313,/muse/acc,"[0.19720458984375, 0.12030029296875, 0.99688720703125]"
2025-11-24T16:00:47.744327,/muse/eeg,"[773.6263736263736, 748.2417582417582, 614.8717948717949, 776.8498168498169]"
2025-11-24T16:00:47.837016,/muse/elements/alpha_absolute,"[1.3103544540614362, 1.0375028386643188, -3.0464130382657006, 0.8130840833262792]"
2025-11-24T16:00:47.867986,/muse/elements/beta_absolute,"[1.6636290497778092, 0.5278529030508767, -2.7866814850890833, 0.8005929675337244]"
2025-11-24T16:00:47.960842,/muse/eeg,"[780.8791208791209, 853.4065934065934, 720.8424908424909, 707.5457875457876]"
2025-11-24T16:00:48.022601,/muse/eegAux,"[nan, nan, 0.0, 0.0]"
2025-11-24T16:00:48.085135,/muse/gyro,"[6.38519287109375, -10.048828125, 17.219085693359375]"
2025-11-24T16:00:48.146465,/muse/eeg,"[593.5164835164835, 894.5054945054945, 1622.6007326007327, 672.893772893773]"
2025-11-24T16:00:48.231037,/muse/eeg,"[569.3406593406594, 895.3113553113553, 1622.6007326007327, 727.2893772893773]"
2025-11-24T16:00:48.199683,/muse/eegAux,"[nan, nan, 0.0, 0.0]"
2025-11-24T16:00:48.307766,/muse/eegAux,"[nan, nan, 0.0, 0.0]"
2025-11-24T16:00:48.370657,/muse/eeg,"[567.3260073260074, 890.8791208791209, 1622.6007326007327, 651.941391941392]"
2025-11-24T16:00:48.401362,/muse/eegAux,"[nan, nan, 0.0, 0.0]"
2025-11-24T16:00:48.479565,/muse/eeg,"[593.1135531135532, 910.2197802197802, 1622.6007326007327, 642.2710622710623]"
2025-11-24T16:00:48.541904,/muse/eegAux,"[nan, nan, 0.0, 0.0]"
2025-11-24T16:00:48.680845,/muse/eeg,"[848.974358974359, 715.6043956043957, 1143.113553113553, 703.919413919414]"
2025-11-24T16:00:48.742336,/muse/eeg,"[865.0915750915751, 734.1391941391942, 320.32967032967036, 735.3479853479854]"
2025-11-24T16:00:48.866815,/muse/eegAux,"[nan, nan, 0.0, 0.0]"
2025-11-24T16:00:48.927549,/muse/eeg,"[850.5860805860806, 741.3919413919414, 448.8644688644689, 740.1831501831502]"
2025-11-24T16:00:48.958353,/muse/eeg,"[844.5421245421246, 703.5164835164835, 0.0, 831.6483516483516]"
2025-11-24T16:00:49.053014,/muse/eegAux,"[nan, nan, 0.0, 0.0]"
2025-11-24T16:00:49.099880,/muse/eeg,"[804.6520146520147, 720.0366300366301, 0.0, 779.2673992673992]"
2025-11-24T16:00:49.161260,/muse/eeg,"[721.2454212454213, 747.032967032967, 0.0, 736.5567765567765]"
2025-11-24T16:00:49.207698,/muse/hsi,"[1.0, 1.0, 4.0, 1.0]"
2025-11-24T16:00:49.270813,/muse/gyro,"[6.02630615234375, -9.054412841796875, 43.14117431640625]"
2025-11-24T16:00:49.365172,/muse/gyro,"[7.8955078125, -2.093505859375, 34.52789306640625]"
2025-11-24T16:00:49.411923,/muse/gyro,"[7.8955078125, -2.093505859375, 34.52789306640625]"
2025-11-24T16:00:49.489625,/muse/eeg,"[923.1135531135532, 736.959706959707, 0.0, 915.054945054945]"
2025-11-24T16:00:49.521119,/muse/eeg,"[866.7032967032967, 743.0036630036631, 0.0, 870.7326007326008]"
2025-11-24T16:00:49.551978,/muse/eegAux,"[nan, nan, 0.0, 0.0]"
2025-11-24T16:00:49.614606,/muse/eeg,"[827.6190476190476, 771.2087912087912, 0.0, 838.4981684981685]"
2025-11-24T16:00:49.799702,/muse/eeg,"[848.1684981684982, 719.6336996336996, 2.8205128205128207, 845.3479853479854]"
2025-11-24T16:00:49.830363,/muse/eegAux,"[nan, nan, 0.0, 0.0]"
2025-11-24T16:00:49.707314,/muse/eeg,"[816.3369963369963, 732.5274725274726, 0.0, 833.6630036630037]"
2025-11-24T16:00:49.876890,/muse/eegAux,"[nan, nan, 0.0, 0.0]"
2025-11-24T16:00:49.939464,/muse/acc,"[0.1468505859375, -0.0250244140625, 0.96533203125]"
2025-11-24T16:00:50.000374,/muse/acc,"[0.15362548828125, -0.02789306640625, 0.99774169921875]"
2025-11-24T16:00:50.077484,/muse/acc,"[0.15362548828125, -0.02789306640625, 0.99774169921875]"
2025-11-24T16:00:50.186233,/muse/eeg,"[790.952380952381, 762.7472527472528, 58.42490842490842, 803.4432234432235]"
2025-11-24T16:00:50.249838,/muse/eeg,"[836.4835164835165, 749.047619047619, 0.0, 837.6923076923077]"
2025-11-24T16:00:50.312302,/muse/hsi,"[2.0, 1.0, 4.0, 2.0]"
2025-11-24T16:00:50.358651,/muse/eeg,"[880.0, 744.2124542124542, 36.26373626373626, 784.5054945054945]"
2025-11-24T16:00:50.483782,/muse/gyro,"[7.050628662109375, -12.972259521484375, -2.70660400390625]"
2025-11-24T16:00:50.576056,/muse/drlref,"[1620586.0805860804, 1596410.2564102563]"
2025-11-24T16:00:50.607122,/muse/eeg,"[667.2527472527473, 674.5054945054945, 0.0, 795.3846153846154]"
2025-11-24T16:00:50.654228,/muse/eeg,"[656.3736263736264, 668.4615384615385, 0.0, 794.5787545787546]"
2025-11-24T16:00:50.701232,/muse/eegAux,"[nan, nan, 0.0, 0.0]"
2025-11-24T16:00:50.810755,/muse/gyro,"[18.714447021484375, -1.443023681640625, -17.15179443359375]"
2025-11-24T16:00:50.903263,/muse/gyro,"[18.714447021484375, -1.443023681640625, -17.15179443359375]"
2025-11-24T16:00:50.980829,/muse/eeg,"[823.992673992674, 528.6446886446887, 1622.6007326007327, 828.8278388278388]"
2025-11-24T16:00:50.949624,/muse/eegAux,"[nan, nan, 0.0, 0.0]"
2025-11-24T16:00:51.027227,/muse/acc,"[0.27093505859375, 0.05914306640625, 0.94830322265625]"
2025-11-24T16:00:51.106215,/muse/eeg,"[826.4102564102565, 166.81318681318683, 1627.4358974358975, 819.5604395604396]"
2025-11-24T16:00:51.136912,/muse/gyro,"[5.66741943359375, -11.6937255859375, -9.159088134765625]"
2025-11-24T16:00:51.243976,/muse/eeg,"[799.0109890109891, 0.0, 1622.6007326007327, 807.4725274725275]"
2025-11-24T16:00:51.370121,/muse/eeg,"[871.5384615384615, 0.0, 1622.6007326007327, 825.2014652014652]"
2025-11-24T16:00:51.337746,/muse/elements/alpha_absolute,"[1.3103544540614362, 1.0375028386643188, -3.0464130382657006, 0.7439874075977007]"
2025-11-24T16:00:51.306262,/muse/eegAux,"[nan, nan, 0.0, 0.0]"
2025-11-24T16:00:51.431356,/muse/gyro,"[0.067291259765625, -17.488250732421875, -15.0732421875]"
2025-11-24T16:00:51.478990,/muse/eeg,"[756.7032967032967, 0.0, 1622.6007326007327, 830.8424908424909]"
2025-11-24T16:00:51.524977,/muse/eeg,"[701.0989010989011, 0.0, 1622.6007326007327, 807.4725274725275]"
2025-11-24T16:00:51.587186,/muse/gyro,"[0.246734619140625, -17.248992919921875, -10.908660888671875]"
2025-11-24T16:00:51.632529,/muse/eegAux,"[nan, nan, 0.0, 0.0]"
2025-11-24T16:00:51.679207,/muse/eeg,"[616.080586080586, 0.0, 1622.6007326007327, 793.7728937728938]"
2025-11-24T16:00:51.772279,/muse/gyro,"[4.329071044921875, -2.3028564453125, -0.964508056640625]"
2025-11-24T16:00:51.818759,/muse/eeg,"[915.4578754578755, 0.0, 1622.6007326007327, 818.7545787545788]"
2025-11-24T16:00:51.911774,/muse/eeg,"[816.7399267399268, 0.0, 1622.6007326007327, 801.025641025641]"
2025-11-24T16:00:51.957128,/muse/gyro,"[-3.910369873046875, 0.740203857421875, -1.966400146484375]"
2025-11-24T16:00:52.002923,/muse/gyro,"[-3.910369873046875, 0.740203857421875, -1.966400146484375]"
2025-11-24T16:00:52.096557,/muse/eeg,"[720.8424908424909, 402.9304029304029, 1622.1978021978023, 782.0879120879121]"
2025-11-24T16:00:52.142726,/muse/eeg,"[858.2417582417582, 563.6996336996338, 1619.3772893772893, 815.1282051282052]"
2025-11-24T16:00:52.220154,/muse/eeg,"[832.4542124542124, 500.84249084249086, 1622.6007326007327, 811.5018315018315]"
2025-11-24T16:00:52.251227,/muse/eegAux,"[nan, nan, 0.0, 0.0]"
2025-11-24T16:00:52.329239,/muse/eeg,"[625.3479853479854, 624.945054945055, 1623.8095238095239, 606.4102564102565]"
2025-11-24T16:00:52.406575,/muse/eeg,"[656.7765567765568, 737.3626373626374, 1622.6007326007327, 647.1062271062272]"
2025-11-24T16:00:52.468761,/muse/eeg,"[784.9084249084249, 979.1208791208792, 1624.6153846153848, 774.4322344322345]"
2025-11-24T16:00:52.562795,/muse/gyro,"[-22.20611572265625, 21.81732177734375, -38.079376220703125]"
2025-11-24T16:00:52.641245,/muse/eeg,"[840.1098901098901, 1024.2490842490843, 1102.4175824175825, 844.945054945055]"
2025-11-24T16:00:52.735115,/muse/eeg,"[815.934065934066, 1058.095238095238, 72.12454212454213, 794.1758241758242]"
2025-11-24T16:00:52.796451,/muse/eegAux,"[nan, nan, 0.0, 0.0]"
2025-11-24T16:00:52.843323,/muse/eeg,"[784.9084249084249, 930.3663003663004, 176.08058608058607, 800.2197802197802]"
2025-11-24T16:00:52.920911,/muse/eegAux,"[nan, nan, 0.0, 0.0]"
2025-11-24T16:00:52.998721,/muse/eeg,"[770.4029304029305, 921.5018315018315, 731.7216117216118, 820.7692307692308]"
2025-11-24T16:00:53.075678,/muse/eeg,"[783.6996336996338, 919.0842490842491, 191.7948717948718, 807.8754578754579]"
2025-11-24T16:00:53.137697,/muse/eeg,"[776.0439560439561, 869.1208791208792, 1181.7948717948718, 815.5311355311355]"
2025-11-24T16:00:53.169873,/muse/eeg,"[807.4725274725275, 926.3369963369963, 1061.3186813186815, 794.5787545787546]"
2025-11-24T16:00:53.261651,/muse/eeg,"[794.5787545787546, 866.7032967032967, 990.4029304029305, 803.8461538461539]"
2025-11-24T16:00:53.308759,/muse/eegAux,"[nan, nan, 0.0, 0.0]"
2025-11-24T16:00:53.370769,/muse/gyro,"[-0.01495361328125, -0.7177734375, -4.897308349609375]"
2025-11-24T16:00:53.432029,/muse/eeg,"[808.6813186813187, 859.4505494505495, 1307.5091575091576, 830.8424908424909]"
2025-11-24T16:00:53.463030,/muse/drlref,"[1620586.0805860804, 1596410.2564102563]"
2025-11-24T16:00:53.602578,/muse/gyro,"[2.75146484375, -3.835601806640625, -30.512847900390625]"
2025-11-24T16:00:53.695978,/muse/eeg,"[778.8644688644689, 892.0879120879121, 1151.978021978022, 830.8424908424909]"
2025-11-24T16:00:53.727105,/muse/eeg,"[781.6849816849817, 870.3296703296703, 1168.901098901099, 809.4871794871796]"
2025-11-24T16:00:53.772503,/muse/eeg,"[775.6410256410256, 836.0805860805862, 1443.2967032967033, 827.6190476190476]"
2025-11-24T16:00:53.788021,/muse/eegAux,"[nan, nan, 0.0, 0.0]"
2025-11-24T16:00:53.880392,/muse/gyro,"[9.458160400390625, -4.6356201171875, -28.8006591796875]"
2025-11-24T16:00:53.958676,/muse/eeg,"[752.6739926739926, 907.8021978021978, 772.4175824175825, 808.2783882783883]"
2025-11-24T16:00:54.066482,/muse/gyro,"[3.6187744140625, 3.33465576171875, -44.584197998046875]"
2025-11-24T16:00:54.005301,/muse/acc,"[0.00201416015625, 0.0347900390625, 1.00408935546875]"
2025-11-24T16:00:54.127715,/muse/gyro,"[10.946044921875, -0.321502685546875, -72.84652709960938]"
2025-11-24T16:00:54.204791,/muse/elements/alpha_absolute,"[1.3103544540614362, 1.0375028386643188, -3.0464130382657006, 0.7351851526499849]"
2025-11-24T16:00:54.282911,/muse/eeg,"[862.2710622710623, 819.5604395604396, 948.901098901099, 802.6373626373627]"
2025-11-24T16:00:54.391933,/muse/eeg,"[882.014652014652, 785.7142857142858, 1143.5164835164835, 813.919413919414]"
2025-11-24T16:00:54.361507,/muse/eeg,"[832.8571428571429, 775.6410256410256, 1395.3479853479853, 853.4065934065934]"
2025-11-24T16:00:54.468662,/muse/eeg,"[832.0512820512821, 781.2820512820513, 1044.3956043956043, 830.4395604395604]"
2025-11-24T16:00:54.563244,/muse/eeg,"[853.8095238095239, 786.5201465201466, 1178.1684981684982, 825.2014652014652]"
2025-11-24T16:00:54.641833,/muse/eeg,"[829.2307692307693, 758.3150183150184, 1199.5238095238096, 830.0366300366301]"
2025-11-24T16:00:54.748576,/muse/gyro,"[-0.665435791015625, -4.059906005859375, 3.805694580078125]"
2025-11-24T16:00:54.795387,/muse/acc,"[0.3905029296875, 0.0640869140625, 1.0989990234375]"
2025-11-24T16:00:54.857014,/muse/gyro,"[-1.7047119140625, 4.5159912109375, 66.80526733398438]"
2025-11-24T16:00:54.888345,/muse/drlref,"[1619780.2197802197, 1596410.2564102563]"
2025-11-24T16:00:54.919707,/muse/elements/alpha_absolute,"[1.3103544540614362, 1.0375028386643188, -3.0464130382657006, 0.7535872157416955]"
2025-11-24T16:00:54.998738,/muse/gyro,"[1.1663818359375, -49.115142822265625, -8.396453857421875]"
2025-11-24T16:00:55.075459,/muse/gyro,"[2.1832275390625, -33.12225341796875, -14.004058837890625]"
2025-11-24T16:00:55.106291,/muse/eeg,"[836.0805860805862, 726.4835164835165, 1241.4285714285716, 807.0695970695971]"
2025-11-24T16:00:55.183760,/muse/gyro,"[-3.5589599609375, 22.53509521484375, -1.07666015625]"
2025-11-24T16:00:55.246062,/muse/eeg,"[841.7216117216118, 980.7326007326008, 1618.9743589743591, 801.4285714285714]"
2025-11-24T16:00:55.307736,/muse/eeg,"[839.3040293040293, 970.6593406593407, 1544.4322344322345, 782.893772893773]"
2025-11-24T16:00:55.337898,/muse/eeg,"[821.1721611721612, 1011.7582417582418, 1382.051282051282, 795.3846153846154]"
2025-11-24T16:00:55.431526,/muse/eeg,"[789.3406593406594, 915.4578754578755, 510.51282051282055, 798.2051282051282]"
2025-11-24T16:00:55.479162,/muse/eegAux,"[nan, nan, 0.0, 0.0]"
2025-11-24T16:00:55.524890,/muse/gyro,"[9.8992919921875, -8.351593017578125, 1.084136962890625]"
2025-11-24T16:00:55.618013,/muse/gyro,"[6.557159423828125, -0.5682373046875, 2.743988037109375]"
2025-11-24T16:00:55.681040,/muse/acc,"[0.062255859375, -0.07421875, 0.9847412109375]"
2025-11-24T16:00:55.759564,/muse/acc,"[0.062255859375, -0.07421875, 0.9847412109375]"
2025-11-24T16:00:55.851442,/muse/elements/alpha_relative,"[0.2026175048188711, 0.13497817457035316, 0.1969018943271207, 0.14540388073956317]"
2025-11-24T16:00:55.928414,/muse/eeg,"[798.6080586080586, 794.981684981685, 1441.6849816849817, 791.7582417582418]"
2025-11-24T16:00:55.975161,/muse/eegAux,"[nan, nan, 0.0, 0.0]"
2025-11-24T16:00:56.085130,/muse/eeg,"[838.0952380952381, 775.2380952380953, 1174.1391941391942, 785.7142857142858]"
2025-11-24T16:00:56.053417,/muse/eegAux,"[nan, nan, 0.0, 0.0]"
2025-11-24T16:00:56.101087,/muse/eeg,"[782.0879120879121, 768.7912087912088, 1394.1391941391942, 794.5787545787546]"
2025-11-24T16:00:56.193733,/muse/eeg,"[757.5091575091575, 775.2380952380953, 1526.3003663003662, 813.5164835164835]"
2025-11-24T16:00:56.255602,/muse/eegAux,"[nan, nan, 0.0, 0.0]"
2025-11-24T16:00:56.302571,/muse/eegAux,"[nan, nan, 0.0, 0.0]"
2025-11-24T16:00:56.333331,/muse/acc,"[-0.00848388671875, -0.02008056640625, 1.0091552734375]"
2025-11-24T16:00:56.394002,/muse/acc,"[0.0042724609375, -0.0164794921875, 1.00634765625]"
2025-11-24T16:00:56.455748,/muse/eeg,"[805.8608058608058, 848.5714285714286, 998.4615384615385, 798.2051282051282]"
2025-11-24T16:00:56.548139,/muse/eegAux,"[nan, nan, 0.0, 0.0]"
2025-11-24T16:00:56.610049,/muse/gyro,"[3.03558349609375, -5.316009521484375, -17.368621826171875]"
2025-11-24T16:00:56.703514,/muse/gyro,"[2.43743896484375, -3.013153076171875, -14.587249755859375]"
2025-11-24T16:00:56.781187,/muse/gyro,"[2.43743896484375, -3.013153076171875, -14.587249755859375]"
2025-11-24T16:00:56.888716,/muse/eeg,"[762.3443223443223, 790.5494505494506, 1388.095238095238, 787.3260073260074]"
2025-11-24T16:00:57.012803,/muse/eegAux,"[nan, nan, 0.0, 0.0]"
2025-11-24T16:00:57.076213,/muse/elements/alpha_absolute,"[1.3103544540614362, 1.0375028386643188, -3.0464130382657006, 0.6567799324620589]"
2025-11-24T16:00:57.155029,/muse/eegAux,"[nan, nan, 0.0, 0.0]"
2025-11-24T16:00:57.185689,/muse/eeg,"[860.6593406593407, 780.8791208791209, 1241.8315018315018, 864.6886446886447]"
2025-11-24T16:00:57.248000,/muse/eegAux,"[nan, nan, 0.0, 0.0]"
2025-11-24T16:00:57.326239,/muse/eegAux,"[nan, nan, 0.0, 0.0]"
2025-11-24T16:00:57.294199,/muse/eeg,"[827.6190476190476, 791.7582417582418, 1049.2307692307693, 874.7619047619048]"
2025-11-24T16:00:57.358073,/muse/eeg,"[811.5018315018315, 804.6520146520147, 753.8827838827839, 859.4505494505495]"
2025-11-24T16:00:57.405271,/muse/eeg,"[812.7106227106227, 859.4505494505495, 948.4981684981685, 758.3150183150184]"
2025-11-24T16:00:57.467938,/muse/eegAux,"[nan, nan, 0.0, 0.0]"
2025-11-24T16:00:57.561034,/muse/acc,"[0.00823974609375, -0.02655029296875, 1.0123291015625]"
2025-11-24T16:00:57.592603,/muse/eeg,"[799.0109890109891, 949.3040293040293, 1188.2417582417584, 810.2930402930403]"
2025-11-24T16:00:57.639804,/muse/eegAux,"[nan, nan, 0.0, 0.0]"
2025-11-24T16:00:57.716913,/muse/eeg,"[804.6520146520147, 928.3516483516484, 934.3956043956044, 804.2490842490843]"
2025-11-24T16:00:57.778645,/muse/elements/theta_relative,"[0.14965524533622976, 0.47763242091465813, 0.0929111631523125, 0.22562778828991206]"
2025-11-24T16:00:57.810197,/muse/elements/gamma_relative,"[0.15866014655739324, 0.006567539383547577, 0.20909145977338225, 0.05430938518927688]"
2025-11-24T16:00:57.920465,/muse/eeg,"[739.7802197802198, 877.985347985348, 1073.4065934065934, 790.5494505494506]"
2025-11-24T16:00:57.982579,/muse/elements/alpha_absolute,"[1.3103544540614362, 1.0375028386643188, -3.0464130382657006, 0.6567799324620589]"
2025-11-24T16:00:58.044601,/muse/gyro,"[-2.190704345703125, -4.912261962890625, -37.496185302734375]"
2025-11-24T16:00:58.076494,/muse/gyro,"[-2.190704345703125, -4.912261962890625, -37.496185302734375]"
2025-11-24T16:00:58.138407,/muse/acc,"[-0.09124755859375, -0.07464599609375, 1.00543212890625]"
2025-11-24T16:00:58.123242,/muse/gyro,"[-2.190704345703125, -4.912261962890625, -37.496185302734375]"
2025-11-24T16:00:58.231352,/muse/acc,"[-0.09124755859375, -0.07464599609375, 1.00543212890625]"
2025-11-24T16:00:58.372502,/muse/eeg,"[859.047619047619, 828.021978021978, 139.01098901098902, 892.4908424908425]"
2025-11-24T16:00:58.324693,/muse/eeg,"[783.6996336996338, 864.2857142857143, 170.43956043956044, 782.4908424908425]"
2025-11-24T16:00:58.404090,/muse/elements/beta_absolute,"[1.6636290497778092, 0.5278529030508767, -2.7866814850890833, 0.6224452084444712]"
2025-11-24T16:00:58.450611,/muse/gyro,"[-1.60003662109375, 3.745880126953125, -69.803466796875]"
2025-11-24T16:00:58.465917,/muse/eeg,"[815.1282051282052, 818.3516483516484, 308.64468864468864, 922.7106227106227]"
2025-11-24T16:00:58.542088,/muse/eeg,"[788.1318681318681, 869.1208791208792, 585.4578754578755, 913.4432234432235]"
2025-11-24T16:00:58.619032,/muse/eegAux,"[nan, nan, 0.0, 0.0]"
2025-11-24T16:00:58.650141,/muse/eeg,"[809.8901098901099, 885.6410256410256, 260.6959706959707, 902.1611721611722]"
2025-11-24T16:00:58.712971,/muse/eegAux,"[nan, nan, 0.0, 0.0]"
2025-11-24T16:00:58.790454,/muse/eeg,"[796.5934065934066, 953.3333333333334, 46.336996336996336, 845.3479853479854]"
2025-11-24T16:00:58.852981,/muse/eegAux,"[nan, nan, 0.0, 0.0]"
2025-11-24T16:00:58.899327,/muse/eeg,"[827.6190476190476, 1010.1465201465202, 0.0, 859.8534798534798]"
2025-11-24T16:00:58.976453,/muse/gyro,"[-3.887939453125, 7.58148193359375, -32.2998046875]"
2025-11-24T16:00:59.071009,/muse/eegAux,"[nan, nan, 0.0, 0.0]"
2025-11-24T16:00:59.164850,/muse/eeg,"[760.7326007326008, 942.0512820512821, 120.47619047619048, 828.4249084249085]"
2025-11-24T16:00:59.242329,/muse/eeg,"[738.1684981684982, 922.7106227106227, 601.1721611721612, 778.8644688644689]"
2025-11-24T16:00:59.305787,/muse/eeg,"[809.4871794871796, 1051.6483516483518, 894.5054945054945, 810.2930402930403]"
2025-11-24T16:00:59.368406,/muse/eeg,"[779.2673992673992, 1415.897435897436, 1124.1758241758241, 794.981684981685]"
2025-11-24T16:00:59.461935,/muse/eegAux,"[nan, nan, 0.0, 0.0]"
2025-11-24T16:00:59.400213,/muse/eeg,"[823.5897435897436, 1436.043956043956, 1073.4065934065934, 790.952380952381]"
2025-11-24T16:00:59.584472,/muse/elements/theta_absolute,"[1.1787694344635058, 1.5863330864963974, -3.372595035594313, 0.6951113050288681]"
2025-11-24T16:00:59.630990,/muse/gyro,"[-2.1234130859375, -0.321502685546875, -4.8748779296875]"
2025-11-24T16:00:59.724205,/muse/eegAux,"[nan, nan, 0.0, 0.0]"
2025-11-24T16:00:59.692780,/muse/eegAux,"[nan, nan, 0.0, 0.0]"
2025-11-24T16:00:59.754957,/muse/eeg,"[840.5128205128206, 974.2857142857143, 0.0, 807.8754578754579]"
2025-11-24T16:00:59.800867,/muse/eeg,"[767.1794871794872, 1053.6630036630038, 2.0146520146520146, 790.5494505494506]"
2025-11-24T16:00:59.832982,/muse/elements/gamma_absolute,"[1.2041453423478565, -0.2753580260324659, -3.0203266379668348, 0.196815729118399]"
2025-11-24T16:00:59.908351,/muse/eeg,"[510.1098901098901, 1013.7728937728938, 537.1062271062272, 653.956043956044]"
2025-11-24T16:00:59.985300,/muse/gyro,"[-10.101165771484375, -29.211883544921875, 214.54696655273438]"
2025-11-24T16:01:00.061445,/muse/gyro,"[-9.52545166015625, -26.490325927734375, 228.13980102539062]"
2025-11-24T16:01:00.107763,/muse/gyro,"[-3.147735595703125, -23.664093017578125, 206.62155151367188]"
2025-11-24T16:01:00.185081,/muse/eeg,"[762.3443223443223, 784.5054945054945, 749.047619047619, 683.3699633699634]"
2025-11-24T16:00:59.877858,/muse/gyro,"[-1.891632080078125, -26.998748779296875, 167.04681396484375]"
2025-11-24T16:01:00.262099,/muse/gyro,"[9.07684326171875, -16.70318603515625, 119.71115112304688]"
2025-11-24T16:01:00.385225,/muse/eeg,"[831.6483516483516, 763.1501831501831, 1158.8278388278388, 766.7765567765568]"
2025-11-24T16:01:00.447433,/muse/eeg,"[818.7545787545788, 758.7179487179487, 959.7802197802198, 780.4761904761905]"
2025-11-24T16:01:00.477872,/muse/eeg,"[751.8681318681319, 812.3076923076924, 938.8278388278388, 687.8021978021978]"
2025-11-24T16:01:00.494069,/muse/gyro,"[3.75335693359375, -4.0374755859375, 76.22604370117188]"
2025-11-24T16:01:00.569279,/muse/drlref,"[1619780.2197802197, 1596410.2564102563]"
2025-11-24T16:01:00.615247,/muse/eeg,"[772.4175824175825, 832.0512820512821, 893.6996336996338, 753.4798534798535]"
2025-11-24T16:01:00.661191,/muse/eegAux,"[nan, nan, 0.0, 0.0]"
2025-11-24T16:01:00.785003,/muse/gyro,"[5.659942626953125, 0.94207763671875, 53.556365966796875]"
2025-11-24T16:01:00.846176,/muse/eeg,"[746.6300366300367, 857.032967032967, 873.1501831501831, 783.6996336996338]"
2025-11-24T16:01:00.877591,/muse/drlref,"[1619780.2197802197, 1596410.2564102563]"
2025-11-24T16:01:00.969328,/muse/gyro,"[-17.45086669921875, 1.18133544921875, 26.131439208984375]"
2025-11-24T16:01:01.000283,/muse/gyro,"[-17.293853759765625, -0.485992431640625, 18.91632080078125]"
2025-11-24T16:01:01.031339,/muse/eeg,"[737.3626373626374, 809.0842490842491, 692.6373626373627, 773.6263736263736]"
2025-11-24T16:01:01.077766,/muse/eeg,"[858.6446886446887, 787.7289377289378, 650.7326007326008, 786.9230769230769]"
2025-11-24T16:01:01.108378,/muse/eegAux,"[nan, nan, 0.0, 0.0]"
2025-11-24T16:01:01.202030,/muse/battery,[5.0]
2025-11-24T16:01:01.326496,/muse/eeg,"[879.1941391941392, 821.978021978022, 752.6739926739926, 798.2051282051282]"
2025-11-24T16:01:01.404210,/muse/eeg,"[811.9047619047619, 828.4249084249085, 1178.9743589743591, 799.4139194139194]"
2025-11-24T16:01:01.496534,/muse/eeg,"[771.2087912087912, 784.9084249084249, 535.8974358974359, 811.9047619047619]"
2025-11-24T16:01:01.559013,/muse/eeg,"[866.3003663003664, 772.4175824175825, 1436.849816849817, 781.2820512820513]"
2025-11-24T16:01:01.606593,/muse/eegAux,"[nan, nan, 0.0, 0.0]"
2025-11-24T16:01:01.654344,/muse/eeg,"[879.1941391941392, 780.8791208791209, 1372.7838827838827, 785.3113553113553]"
2025-11-24T16:01:01.762769,/muse/eeg,"[859.4505494505495, 810.2930402930403, 1284.945054945055, 801.4285714285714]"
2025-11-24T16:01:01.793775,/muse/eeg,"[761.1355311355312, 792.1611721611722, 147.47252747252747, 772.8205128205128]"
2025-11-24T16:01:01.809637,/muse/eegAux,"[nan, nan, 0.0, 0.0]"
2025-11-24T16:01:01.871035,/muse/eeg,"[772.4175824175825, 801.025641025641, 763.956043956044, 802.2344322344322]"
2025-11-24T16:01:01.949074,/muse/eeg,"[787.7289377289378, 824.7985347985348, 215.16483516483518, 763.1501831501831]"
2025-11-24T16:01:02.010894,/muse/eeg,"[764.7619047619048, 761.1355311355312, 343.2967032967033, 792.967032967033]"
2025-11-24T16:01:02.057493,/muse/eeg,"[760.3296703296703, 724.0659340659341, 889.6703296703297, 836.886446886447]"
2025-11-24T16:01:02.103774,/muse/eeg,"[839.7069597069598, 778.4615384615385, 999.6703296703297, 804.2490842490843]"
2025-11-24T16:01:02.195989,/muse/eeg,"[883.2234432234433, 800.6227106227107, 1058.4981684981685, 810.2930402930403]"
2025-11-24T16:01:02.257553,/muse/eegAux,"[nan, nan, 0.0, 0.0]"
2025-11-24T16:01:02.303115,/muse/eeg,"[762.3443223443223, 807.4725274725275, 624.1391941391942, 779.6703296703297]"
2025-11-24T16:01:02.428212,/muse/acc,"[0.03875732421875, -0.20416259765625, 0.96746826171875]"
2025-11-24T16:01:02.505803,/muse/drlref,"[1619780.2197802197, 1596410.2564102563]"
2025-11-24T16:01:02.583547,/muse/drlref,"[1619780.2197802197, 1596410.2564102563]"
2025-11-24T16:01:02.645800,/muse/eeg,"[721.2454212454213, 815.5311355311355, 754.6886446886447, 798.6080586080586]"
2025-11-24T16:01:02.753518,/muse/eeg,"[776.0439560439561, 756.7032967032967, 866.3003663003664, 807.8754578754579]"
2025-11-24T16:01:02.830000,/muse/eegAux,"[nan, nan, 0.0, 0.0]"
2025-11-24T16:01:02.955203,/muse/eeg,"[1003.2967032967033, 737.3626373626374, 1052.051282051282, 809.4871794871796]"
2025-11-24T16:01:03.002330,/muse/gyro,"[6.34033203125, 8.92730712890625, 4.867401123046875]"
2025-11-24T16:01:03.034326,/muse/eeg,"[717.6190476190476, 743.8095238095239, 585.054945054945, 782.0879120879121]"
2025-11-24T16:01:03.065387,/muse/eeg,"[696.2637362637363, 746.6300366300367, 886.4468864468864, 792.967032967033]"
2025-11-24T16:01:03.142460,/muse/eegAux,"[nan, nan, 0.0, 0.0]"
2025-11-24T16:01:03.189581,/muse/eegAux,"[nan, nan, 0.0, 0.0]"
2025-11-24T16:01:03.252186,/muse/eeg,"[765.1648351648352, 784.5054945054945, 566.5201465201466, 809.8901098901099]"
2025-11-24T16:01:03.283167,/muse/eegAux,"[nan, nan, 0.0, 0.0]"
2025-11-24T16:01:03.344857,/muse/elements/delta_relative,"[0.0320298947061146, 0.3390759856600423, 0.1430143427055729, 0.37619546119096253]"
2025-11-24T16:01:03.422899,/muse/eegAux,"[nan, nan, 0.0, 0.0]"
2025-11-24T16:01:03.500614,/muse/elements/alpha_absolute,"[1.3103544540614362, 1.0375028386643188, -3.0464130382657006, 0.595403031785777]"
2025-11-24T16:01:03.547089,/muse/eeg,"[738.1684981684982, 776.4468864468864, 1097.1794871794873, 791.7582417582418]"
2025-11-24T16:01:03.593383,/muse/gyro,"[1.457977294921875, -4.972076416015625, 14.90875244140625]"
2025-11-24T16:01:03.685947,/muse/eeg,"[767.5824175824176, 664.0293040293041, 716.007326007326, 764.3589743589744]"
2025-11-24T16:01:03.810811,/muse/eegAux,"[nan, nan, 0.0, 0.0]"
2025-11-24T16:01:03.779395,/muse/eeg,"[758.3150183150184, 721.6483516483516, 861.8681318681319, 701.5018315018315]"
2025-11-24T16:01:03.888948,/muse/eeg,"[703.919413919414, 722.0512820512821, 826.4102564102565, 677.7289377289377]"
2025-11-24T16:01:03.950108,/muse/eeg,"[848.5714285714286, 789.3406593406594, 471.83150183150184, 857.8388278388279]"
2025-11-24T16:01:04.013278,/muse/drlref,"[1619780.2197802197, 1596410.2564102563]"
2025-11-24T16:01:04.058572,/muse/gyro,"[-0.8074951171875, -3.476715087890625, -27.6043701171875]"
2025-11-24T16:01:04.090789,/muse/gyro,"[-0.8074951171875, -3.476715087890625, -27.6043701171875]"
2025-11-24T16:01:04.245474,/muse/eeg,"[805.8608058608058, 843.3333333333334, 1028.6813186813188, 808.6813186813187]"
2025-11-24T16:01:04.291830,/muse/eeg,"[801.8315018315019, 782.0879120879121, 687.8021978021978, 821.1721611721612]"
2025-11-24T16:01:04.338337,/muse/eeg,"[856.2271062271062, 764.7619047619048, 915.8608058608058, 819.5604395604396]"
2025-11-24T16:01:04.369551,/muse/eeg,"[839.7069597069598, 778.8644688644689, 574.981684981685, 795.7875457875458]"
2025-11-24T16:01:04.523730,/muse/eeg,"[775.2380952380953, 795.7875457875458, 1036.3369963369964, 828.4249084249085]"
2025-11-24T16:01:04.415705,/muse/gyro,"[4.5159912109375, -2.564544677734375, -50.10955810546875]"
2025-11-24T16:01:04.586507,/muse/eeg,"[875.5677655677656, 788.1318681318681, 952.5274725274726, 817.5457875457876]"
2025-11-24T16:01:04.679803,/muse/gyro,"[7.618865966796875, 5.4132080078125, -76.52511596679688]"
2025-11-24T16:01:04.601921,/muse/eeg,"[831.2454212454213, 788.5347985347986, 796.996336996337, 786.1172161172161]"
2025-11-24T16:01:04.727535,/muse/gyro,"[9.607696533203125, 4.628143310546875, -69.72122192382812]"
2025-11-24T16:01:04.774151,/muse/eeg,"[817.1428571428571, 738.5714285714286, 678.1318681318681, 817.1428571428571]"
2025-11-24T16:01:04.835523,/muse/eeg,"[838.0952380952381, 752.6739926739926, 565.3113553113553, 811.9047619047619]"
2025-11-24T16:01:04.912052,/muse/gyro,"[4.717864990234375, -2.6617431640625, -16.10504150390625]"
2025-11-24T16:01:04.989566,/muse/gyro,"[0.1495361328125, -8.202056884765625, 4.029998779296875]"
2025-11-24T16:01:05.019904,/muse/eeg,"[840.1098901098901, 733.3333333333334, 828.4249084249085, 793.7728937728938]"
2025-11-24T16:01:05.111498,/muse/eeg,"[805.054945054945, 740.989010989011, 655.9706959706959, 762.3443223443223]"
2025-11-24T16:01:05.173305,/muse/gyro,"[2.385101318359375, -10.669403076171875, 3.940277099609375]"
2025-11-24T16:01:05.265695,/muse/eeg,"[282.8571428571429, 1622.6007326007327, 1622.6007326007327, 900.1465201465202]"
2025-11-24T16:01:05.235112,/muse/eeg,"[251.42857142857144, 1622.6007326007327, 1622.6007326007327, 732.1245421245421]"
2025-11-24T16:01:05.374119,/muse/eegAux,"[nan, nan, 0.0, 0.0]"
2025-11-24T16:01:05.421273,/muse/eeg,"[341.6849816849817, 1622.6007326007327, 1623.4065934065934, 888.0586080586081]"
2025-11-24T16:01:05.453024,/muse/eeg,"[771.2087912087912, 1622.6007326007327, 0.0, 886.0439560439561]"
2025-11-24T16:01:05.532063,/muse/eegAux,"[nan, nan, 0.0, 0.0]"
2025-11-24T16:01:05.594358,/muse/elements/delta_relative,"[0.0320298947061146, 0.3390759856600423, 0.1430143427055729, 0.37619546119096253]"
2025-11-24T16:01:05.656580,/muse/drlref,"[1619780.2197802197, 1596410.2564102563]"
2025-11-24T16:01:05.688092,/muse/eeg,"[849.7802197802198, 73.33333333333333, 1622.6007326007327, 780.0732600732601]"
2025-11-24T16:01:05.782061,/muse/acc,"[0.07476806640625, -0.09625244140625, 0.9478759765625]"
2025-11-24T16:01:05.843455,/muse/acc,"[0.08331298828125, -0.08563232421875, 0.9813232421875]"
2025-11-24T16:01:05.858331,/muse/eeg,"[811.9047619047619, 485.9340659340659, 1631.4652014652015, 797.8021978021978]"
2025-11-24T16:01:05.982693,/muse/gyro,"[28.7109375, -16.55364990234375, 56.53961181640625]"
2025-11-24T16:01:06.090738,/muse/eeg,"[828.4249084249085, 493.992673992674, 1610.10989010989, 780.4761904761905]"
2025-11-24T16:01:06.122379,/muse/gyro,"[30.333404541015625, -15.80596923828125, 46.587982177734375]"
2025-11-24T16:01:06.184336,/muse/eeg,"[906.1904761904763, 187.76556776556777, 1476.739926739927, 835.2747252747253]"
2025-11-24T16:01:06.232096,/muse/eegAux,"[nan, nan, 0.0, 0.0]"
2025-11-24T16:01:06.310087,/muse/eeg,"[888.8644688644689, 302.6007326007326, 1509.3772893772893, 830.0366300366301]"
2025-11-24T16:01:06.402728,/muse/gyro,"[7.813262939453125, -3.12530517578125, 44.240264892578125]"
2025-11-24T16:01:06.464905,/muse/drlref,"[1619780.2197802197, 1596410.2564102563]"
2025-11-24T16:01:06.511788,/muse/eeg,"[852.1978021978023, 794.981684981685, 1414.6886446886447, 705.1282051282052]"
2025-11-24T16:01:06.542463,/muse/gyro,"[-10.071258544921875, 7.8955078125, -42.565460205078125]"
2025-11-24T16:01:06.574075,/muse/eeg,"[805.8608058608058, 789.3406593406594, 21.75824175824176, 799.0109890109891]"
2025-11-24T16:01:06.651430,/muse/is_good,"[0.0, 0.0, 0.0, 0.0]"
2025-11-24T16:01:06.713178,/muse/eegAux,"[nan, nan, 0.0, 0.0]"
2025-11-24T16:01:06.775200,/muse/drlref,"[1619780.2197802197, 1596410.2564102563]"
2025-11-24T16:01:06.853427,/muse/eeg,"[765.5677655677656, 790.1465201465202, 771.6117216117216, 714.3956043956044]"
2025-11-24T16:01:06.976139,/muse/eegAux,"[nan, nan, 0.0, 0.0]"
2025-11-24T16:01:07.084351,/muse/eeg,"[756.3003663003664, 805.4578754578755, 1222.4908424908426, 759.1208791208792]"
2025-11-24T16:01:07.146253,/muse/gyro,"[-3.745880126953125, 4.553375244140625, -27.29034423828125]"
2025-11-24T16:01:07.225042,/muse/gyro,"[-3.745880126953125, 4.553375244140625, -27.29034423828125]"
2025-11-24T16:01:07.304088,/muse/gyro,"[-3.745880126953125, 4.553375244140625, -27.29034423828125]"
2025-11-24T16:01:07.395836,/muse/acc,"[0.0728759765625, -0.072021484375, 1.003662109375]"
2025-11-24T16:01:07.459001,/muse/acc,"[0.0728759765625, -0.072021484375, 1.003662109375]"
2025-11-24T16:01:07.583461,/muse/drlref,"[1619780.2197802197, 1596410.2564102563]"
2025-11-24T16:01:07.552469,/muse/drlref,"[1619780.2197802197, 1596410.2564102563]"
2025-11-24T16:01:07.661581,/muse/acc,"[0.0244140625, -0.10968017578125, 1.00128173828125]"
2025-11-24T16:01:07.613865,/muse/drlref,"[1618974.358974359, 1596410.2564102563]"
2025-11-24T16:01:07.754679,/muse/elements/alpha_absolute,"[1.3103544540614362, 1.0375028386643188, -3.0464130382657006, 0.595403031785777]"
2025-11-24T16:01:07.831949,/muse/eeg,"[786.1172161172161, 809.4871794871796, 890.0732600732601, 819.1575091575091]"
2025-11-24T16:01:07.864037,/muse/eegAux,"[nan, nan, 0.0, 0.0]"
2025-11-24T16:01:07.940561,/muse/eeg,"[826.007326007326, 780.0732600732601, 745.8241758241759, 797.3992673992674]"
2025-11-24T16:01:08.017751,/muse/gyro,"[2.13836669921875, 1.65985107421875, -0.79254150390625]"
2025-11-24T16:01:08.049699,/muse/gyro,"[0.9271240234375, 2.58697509765625, 2.474822998046875]"
2025-11-24T16:01:08.081543,/muse/eegAux,"[nan, nan, 0.0, 0.0]"
2025-11-24T16:01:08.128272,/muse/drlref,"[1619780.2197802197, 1596410.2564102563]"
2025-11-24T16:01:08.190191,/muse/drlref,"[1619780.2197802197, 1596410.2564102563]"
2025-11-24T16:01:08.220930,/muse/drlref,"[1618974.358974359, 1596410.2564102563]"
2025-11-24T16:01:08.298249,/muse/drlref,"[1619780.2197802197, 1596410.2564102563]"
2025-11-24T16:01:08.329833,/muse/drlref,"[1619780.2197802197, 1596410.2564102563]"
2025-11-24T16:01:08.391659,/muse/drlref,"[1619780.2197802197, 1596410.2564102563]"
2025-11-24T16:01:08.438063,/muse/gyro,"[1.203765869140625, 1.338348388671875, 14.47509765625]"
2025-11-24T16:01:08.501130,/muse/gyro,"[1.577606201171875, 0.7177734375, 18.1536865234375]"
2025-11-24T16:01:08.593564,/muse/gyro,"[1.577606201171875, 0.7177734375, 18.1536865234375]"
2025-11-24T16:01:08.655313,/muse/acc,"[-0.04168701171875, -0.12799072265625, 0.993896484375]"
2025-11-24T16:01:08.701337,/muse/acc,"[-0.04168701171875, -0.12799072265625, 0.993896484375]"
2025-11-24T16:01:08.763143,/muse/acc,"[-0.04168701171875, -0.12799072265625, 0.993896484375]"
2025-11-24T16:01:08.872418,/muse/eeg,"[760.7326007326008, 769.1941391941392, 270.7692307692308, 798.6080586080586]"
2025-11-24T16:01:08.887611,/muse/eegAux,"[nan, nan, 0.0, 0.0]"
2025-11-24T16:01:08.949180,/muse/eeg,"[789.7435897435897, 767.5824175824176, 800.6227106227107, 795.3846153846154]"
2025-11-24T16:01:09.011408,/muse/eegAux,"[nan, nan, 0.0, 0.0]"
2025-11-24T16:01:09.058303,/muse/eeg,"[767.1794871794872, 763.5531135531136, 192.6007326007326, 809.4871794871796]"
2025-11-24T16:01:09.119207,/muse/eeg,"[883.2234432234433, 759.1208791208792, 250.62271062271063, 794.5787545787546]"
2025-11-24T16:01:09.258591,/muse/gyro,"[0.186920166015625, -6.736602783203125, -71.82220458984375]"
2025-11-24T16:01:09.290199,/muse/gyro,"[0.186920166015625, -6.736602783203125, -71.82220458984375]"
2025-11-24T16:01:09.415738,/muse/eeg,"[733.3333333333334, 618.901098901099, 518.1684981684982, 815.5311355311355]"
2025-11-24T16:01:09.384707,/muse/gyro,"[0.186920166015625, -6.736602783203125, -71.82220458984375]"
2025-11-24T16:01:09.493520,/muse/acc,"[0.23822021484375, -0.16363525390625, 0.92889404296875]"
2025-11-24T16:01:09.524945,/muse/eeg,"[789.7435897435897, 738.5714285714286, 1556.923076923077, 859.8534798534798]"
2025-11-24T16:01:09.587546,/muse/eeg,"[874.7619047619048, 737.3626373626374, 1610.10989010989, 887.2527472527473]"
2025-11-24T16:01:09.650849,/muse/gyro,"[11.34979248046875, 16.082611083984375, -80.7794189453125]"
2025-11-24T16:01:09.681339,/muse/gyro,"[11.34979248046875, 16.082611083984375, -80.7794189453125]"
2025-11-24T16:01:09.712888,/muse/elements/beta_absolute,"[1.6636290497778092, 0.5278529030508767, -2.7866814850890833, 0.6944811082665786]"
2025-11-24T16:01:09.820496,/muse/eeg,"[855.4212454212454, 799.8168498168499, 0.0, 856.6300366300367]"
2025-11-24T16:01:09.881528,/muse/eeg,"[813.1135531135532, 790.1465201465202, 0.0, 836.4835164835165]"
2025-11-24T16:01:09.912569,/muse/gyro,"[32.696075439453125, 1.069183349609375, -20.65093994140625]"
2025-11-24T16:01:09.943955,/muse/eegAux,"[nan, nan, 0.0, 0.0]"
2025-11-24T16:01:10.006417,/muse/eegAux,"[nan, nan, 0.0, 0.0]"
2025-11-24T16:01:10.038422,/muse/acc,"[-0.0240478515625, 0.1982421875, 1.054443359375]"
2025-11-24T16:01:10.117287,/muse/eeg,"[752.6739926739926, 721.6483516483516, 1644.7619047619048, 826.8131868131868]"
2025-11-24T16:01:10.179532,/muse/eeg,"[865.4945054945056, 757.9120879120879, 1628.6446886446886, 816.7399267399268]"
2025-11-24T16:01:10.241938,/muse/eeg,"[770.8058608058608, 765.9706959706959, 1644.7619047619048, 820.3663003663004]"
2025-11-24T16:01:10.288313,/muse/eegAux,"[nan, nan, 0.0, 0.0]"
2025-11-24T16:01:10.350316,/muse/acc,"[-0.0218505859375, 0.2615966796875, 1.0406494140625]"
2025-11-24T16:01:10.382349,/muse/eeg,"[637.4358974358975, 674.5054945054945, 1257.142857142857, 814.3223443223443]"
2025-11-24T16:01:10.413703,/muse/gyro,"[-10.16845703125, -3.94775390625, 5.869293212890625]"
2025-11-24T16:01:10.459638,/muse/elements/alpha_absolute,"[1.3103544540614362, 1.0375028386643188, -3.0464130382657006, 1.0933433660847143]"
2025-11-24T16:01:10.552432,/muse/eeg,"[893.6996336996338, 823.992673992674, 1404.2124542124543, 782.4908424908425]"
2025-11-24T16:01:10.645164,/muse/gyro,"[-7.13287353515625, 1.712188720703125, -3.768310546875]"
2025-11-24T16:01:10.708152,/muse/eeg,"[792.5641025641025, 785.7142857142858, 325.5677655677656, 825.2014652014652]"
2025-11-24T16:01:10.629741,/muse/eeg,"[891.6849816849817, 809.8901098901099, 1176.959706959707, 782.4908424908425]"
2025-11-24T16:01:10.770667,/muse/eegAux,"[nan, nan, 0.0, 0.0]"
2025-11-24T16:01:10.818599,/muse/eeg,"[867.5091575091575, 750.6593406593407, 283.2600732600733, 832.8571428571429]"
2025-11-24T16:01:10.865022,/muse/gyro,"[0.2093505859375, -5.869293212890625, -5.48797607421875]"
2025-11-24T16:01:10.943160,/muse/acc,"[-0.02655029296875, 0.06646728515625, 0.997314453125]"
2025-11-24T16:01:10.975327,/muse/acc,"[-0.0225830078125, 0.064453125, 0.99267578125]"
2025-11-24T16:01:11.068408,/muse/eeg,"[752.6739926739926, 689.8168498168499, 180.1098901098901, 803.4432234432235]"
2025-11-24T16:01:11.100471,/muse/gyro,"[5.824432373046875, -1.457977294921875, -3.45428466796875]"
2025-11-24T16:01:11.163106,/muse/gyro,"[7.29736328125, -1.353302001953125, -2.4224853515625]"
2025-11-24T16:01:11.209280,/muse/eeg,"[786.1172161172161, 753.0769230769231, 826.8131868131868, 803.4432234432235]"
2025-11-24T16:01:11.303222,/muse/eeg,"[793.3699633699634, 774.0293040293041, 1011.3553113553114, 785.3113553113553]"
2025-11-24T16:01:11.319063,/muse/acc,"[-0.047119140625, 0.05224609375, 0.99658203125]"
2025-11-24T16:01:11.350320,/muse/eeg,"[763.1501831501831, 738.974358974359, 685.7875457875458, 801.025641025641]"
2025-11-24T16:01:11.474734,/muse/eeg,"[720.0366300366301, 702.7106227106227, 1405.018315018315, 734.945054945055]"
2025-11-24T16:01:11.411588,/muse/eeg,"[751.4652014652015, 730.5128205128206, 1012.1611721611722, 765.1648351648352]"
2025-11-24T16:01:11.505673,/muse/gyro,"[-3.117828369140625, 0.11962890625, 28.120269775390625]"
2025-11-24T16:01:11.551602,/muse/eeg,"[764.7619047619048, 683.7728937728938, 1619.7802197802198, 821.978021978022]"
2025-11-24T16:01:11.689685,/muse/eegAux,"[nan, nan, 0.0, 0.0]"
2025-11-24T16:01:11.784529,/muse/eeg,"[805.054945054945, 683.3699633699634, 1623.003663003663, 825.6043956043957]"
2025-11-24T16:01:11.846386,/muse/eeg,"[770.4029304029305, 719.6336996336996, 1516.2271062271063, 828.021978021978]"
2025-11-24T16:01:11.892112,/muse/eeg,"[743.0036630036631, 714.7985347985348, 1208.7912087912089, 815.1282051282052]"
2025-11-24T16:01:12.000312,/muse/eeg,"[577.8021978021978, 703.5164835164835, 1555.7142857142858, 794.981684981685]"
2025-11-24T16:01:12.015671,/muse/eeg,"[645.8974358974359, 717.6190476190476, 5.641025641025641, 802.2344322344322]"
2025-11-24T16:01:12.093418,/muse/gyro,"[2.51220703125, -2.19818115234375, 20.733184814453125]"
2025-11-24T16:01:12.155748,/muse/acc,"[-0.119873046875, 0.03558349609375, 1.00408935546875]"
2025-11-24T16:01:12.200969,/muse/eeg,"[870.7326007326008, 713.992673992674, 1167.6923076923076, 786.1172161172161]"
2025-11-24T16:01:12.232360,/muse/eeg,"[842.5274725274726, 722.8571428571429, 1336.5201465201465, 790.1465201465202]"
2025-11-24T16:01:12.324036,/muse/hsi,"[2.0, 1.0, 4.0, 2.0]"
2025-11-24T16:01:12.386328,/muse/eeg,"[803.4432234432235, 769.1941391941392, 1371.1721611721612, 772.014652014652]"
2025-11-24T16:01:12.432358,/muse/eeg,"[787.7289377289378, 764.3589743589744, 1478.3516483516485, 763.956043956044]"
2025-11-24T16:01:12.524540,/muse/eeg,"[810.6959706959707, 765.1648351648352, 1127.3992673992675, 768.3882783882784]"
2025-11-24T16:01:12.649227,/muse/gyro,"[2.519683837890625, -12.314300537109375, 5.62255859375]"
2025-11-24T16:01:12.571095,/muse/acc,"[-0.09637451171875, 0.02362060546875, 0.99383544921875]"
2025-11-24T16:01:12.695681,/muse/gyro,"[2.519683837890625, -12.314300537109375, 5.62255859375]"
2025-11-24T16:01:12.742221,/muse/eeg,"[866.7032967032967, 769.1941391941392, 1222.8937728937728, 778.4615384615385]"
2025-11-24T16:01:12.820439,/muse/eeg,"[841.3186813186813, 756.3003663003664, 1058.095238095238, 785.7142857142858]"
2025-11-24T16:01:12.867230,/muse/eeg,"[745.4212454212454, 759.5238095238095, 1017.3992673992674, 796.996336996337]"
2025-11-24T16:01:12.928776,/muse/eeg,"[792.1611721611722, 775.2380952380953, 888.0586080586081, 782.4908424908425]"
2025-11-24T16:01:13.037742,/muse/eeg,"[757.5091575091575, 774.8351648351648, 772.4175824175825, 794.5787545787546]"
2025-11-24T16:01:13.116219,/muse/eeg,"[784.9084249084249, 762.7472527472528, 906.1904761904763, 779.6703296703297]"
2025-11-24T16:01:13.194610,/muse/gyro,"[3.626251220703125, -7.52166748046875, 24.501495361328125]"
2025-11-24T16:01:13.256069,/muse/elements/alpha_absolute,"[1.3103544540614362, 1.0375028386643188, -3.0464130382657006, 1.0933433660847143]"
2025-11-24T16:01:13.333529,/muse/eeg,"[756.7032967032967, 774.0293040293041, 1102.820512820513, 674.9084249084249]"
2025-11-24T16:01:13.379932,/muse/elements/theta_relative,"[0.14965524533622976, 0.47763242091465813, 0.0929111631523125, 0.47652028895529225]"
2025-11-24T16:01:13.441907,/muse/eeg,"[860.2564102564103, 749.8534798534798, 1192.6739926739926, 843.3333333333334]"
2025-11-24T16:01:13.504081,/muse/acc,"[-0.038818359375, 0.038330078125, 1.00653076171875]"
2025-11-24T16:01:13.644872,/muse/eeg,"[789.7435897435897, 751.8681318681319, 1244.2490842490843, 835.2747252747253]"
2025-11-24T16:01:13.768393,/muse/gyro,"[-0.755157470703125, -17.338714599609375, 26.938934326171875]"
2025-11-24T16:01:13.723316,/muse/eeg,"[818.3516483516484, 750.2564102564103, 1365.934065934066, 824.7985347985348]"
2025-11-24T16:01:13.861374,/muse/eeg,"[850.989010989011, 770.8058608058608, 1004.1025641025641, 773.6263736263736]"
2025-11-24T16:01:13.938534,/muse/acc,"[0.0189208984375, 0.0062255859375, 1.0172119140625]"
2025-11-24T16:01:13.999792,/muse/acc,"[0.0352783203125, 0.007568359375, 1.010986328125]"
2025-11-24T16:01:14.046946,/muse/eeg,"[779.6703296703297, 766.3736263736264, 1305.0915750915751, 823.5897435897436]"
2025-11-24T16:01:14.155623,/muse/eeg,"[794.1758241758242, 754.2857142857143, 934.7985347985348, 805.8608058608058]"
2025-11-24T16:01:14.124106,/muse/gyro,"[-2.295379638671875, -0.95703125, 9.8992919921875]"
2025-11-24T16:01:14.187072,/muse/eeg,"[805.054945054945, 761.5384615384615, 798.2051282051282, 783.2967032967033]"
2025-11-24T16:01:14.264606,/muse/eeg,"[770.0, 769.5970695970697, 966.6300366300367, 808.6813186813187]"
2025-11-24T16:01:14.326793,/muse/drlref,"[1618974.358974359, 1596410.2564102563]"
2025-11-24T16:01:14.467137,/muse/gyro,"[-0.0, -21.2640380859375, 37.09991455078125]"
2025-11-24T16:01:14.405289,/muse/elements/alpha_absolute,"[1.3103544540614362, 0.47739351294878657, -3.0464130382657006, 1.0933433660847143]"
2025-11-24T16:01:14.389622,/muse/drlref,"[1618974.358974359, 1596410.2564102563]"
2025-11-24T16:01:14.482376,/muse/gyro,"[6.2506103515625, -19.87335205078125, 22.2210693359375]"
2025-11-24T16:01:14.545267,/muse/eeg,"[747.4358974358975, 656.7765567765568, 661.6117216117216, 774.4322344322345]"
2025-11-24T16:01:14.621696,/muse/eeg,"[767.985347985348, 739.7802197802198, 1529.1208791208792, 795.7875457875458]"
2025-11-24T16:01:14.764992,/muse/elements/alpha_absolute,"[1.3103544540614362, 0.47739351294878657, -3.0464130382657006, 1.0933433660847143]"
2025-11-24T16:01:14.811883,/muse/gyro,"[21.241607666015625, -11.252593994140625, -6.4898681640625]"
2025-11-24T16:01:14.904630,/muse/eeg,"[837.6923076923077, 781.2820512820513, 992.4175824175825, 822.7838827838829]"
2025-11-24T16:01:15.044152,/muse/eegAux,"[nan, nan, 0.0, 0.0]"
2025-11-24T16:01:15.122037,/muse/gyro,"[16.43402099609375, -4.942169189453125, 0.814971923828125]"
2025-11-24T16:01:15.168128,/muse/eeg,"[803.040293040293, 774.8351648351648, 1017.3992673992674, 803.8461538461539]"
2025-11-24T16:01:15.261835,/muse/eeg,"[820.7692307692308, 770.4029304029305, 1280.5128205128206, 791.7582417582418]"
2025-11-24T16:01:15.292625,/muse/eeg,"[819.96336996337, 777.2527472527473, 1120.952380952381, 800.2197802197802]"
2025-11-24T16:01:15.323490,/muse/gyro,"[4.71038818359375, 5.323486328125, 5.166473388671875]"
2025-11-24T16:01:15.353869,/muse/eeg,"[758.7179487179487, 771.2087912087912, 1197.1062271062272, 811.0989010989011]"
2025-11-24T16:01:15.476520,/muse/eeg,"[768.7912087912088, 768.3882783882784, 601.978021978022, 819.5604395604396]"
2025-11-24T16:01:15.537030,/muse/eeg,"[812.3076923076924, 774.4322344322345, 811.0989010989011, 795.3846153846154]"
2025-11-24T16:01:15.583304,/muse/eeg,"[752.6739926739926, 774.0293040293041, 1182.1978021978023, 794.981684981685]"
2025-11-24T16:01:15.644205,/muse/eeg,"[758.7179487179487, 767.5824175824176, 981.941391941392, 796.5934065934066]"
2025-11-24T16:01:15.691065,/muse/eeg,"[786.5201465201466, 766.3736263736264, 802.2344322344322, 776.4468864468864]"
2025-11-24T16:01:15.737970,/muse/gyro,"[2.923431396484375, 4.05242919921875, 0.605621337890625]"
2025-11-24T16:01:15.815779,/muse/eeg,"[806.2637362637363, 776.0439560439561, 448.46153846153845, 796.1904761904763]"
2025-11-24T16:01:15.768511,/muse/eeg,"[790.5494505494506, 771.6117216117216, 1043.992673992674, 791.3553113553114]"
2025-11-24T16:01:15.908123,/muse/eeg,"[803.4432234432235, 786.9230769230769, 994.4322344322345, 803.4432234432235]"
2025-11-24T16:01:15.954724,/muse/gyro,"[0.186920166015625, -3.910369873046875, 8.172149658203125]"
2025-11-24T16:01:16.063292,/muse/acc,"[0.0836181640625, 0.08563232421875, 1.00885009765625]"
2025-11-24T16:01:16.109719,/muse/eeg,"[870.3296703296703, 783.6996336996338, 738.1684981684982, 805.4578754578755]"
2025-11-24T16:01:16.000664,/muse/acc,"[0.0836181640625, 0.08563232421875, 1.00885009765625]"
2025-11-24T16:01:16.203015,/muse/eeg,"[836.886446886447, 774.4322344322345, 1100.0, 810.6959706959707]"
2025-11-24T16:01:16.249371,/muse/eeg,"[788.1318681318681, 777.2527472527473, 1217.6556776556777, 819.5604395604396]"
2025-11-24T16:01:16.332654,/muse/acc,"[-0.009521484375, 0.0133056640625, 0.98577880859375]"
2025-11-24T16:01:16.388357,/muse/gyro,"[0.067291259765625, -7.095489501953125, -4.8748779296875]"
2025-11-24T16:01:16.513293,/muse/gyro,"[0.067291259765625, -7.095489501953125, -4.8748779296875]"
2025-11-24T16:01:16.637495,/muse/gyro,"[1.1663818359375, -6.47491455078125, -9.802093505859375]"
2025-11-24T16:01:16.699262,/muse/gyro,"[0.620574951171875, -3.9776611328125, -9.308624267578125]"
2025-11-24T16:01:16.730170,/muse/acc,"[0.0411376953125, -0.01031494140625, 1.0186767578125]"
2025-11-24T16:01:16.837702,/muse/eeg,"[753.0769230769231, 777.2527472527473, 694.2490842490843, 785.3113553113553]"
2025-11-24T16:01:16.885022,/muse/eeg,"[725.6776556776557, 775.6410256410256, 963.0036630036631, 809.8901098901099]"
2025-11-24T16:01:16.946222,/muse/eeg,"[853.0036630036631, 758.3150183150184, 793.3699633699634, 773.6263736263736]"
2025-11-24T16:01:16.992752,/muse/acc,"[0.0146484375, -0.0537109375, 0.98260498046875]"
2025-11-24T16:01:17.039569,/muse/eeg,"[838.0952380952381, 759.92673992674, 521.7948717948718, 801.4285714285714]"
2025-11-24T16:01:17.117733,/muse/eegAux,"[nan, nan, 0.0, 0.0]"
2025-11-24T16:01:17.148268,/muse/elements/alpha_absolute,"[1.0190065351318103, 0.3437148570566541, -3.0464130382657006, 0.8678317469003172]"
2025-11-24T16:01:17.227047,/muse/gyro,"[-3.70849609375, -6.4898681640625, 4.6954345703125]"
2025-11-24T16:01:17.179756,/muse/eeg,"[851.7948717948718, 761.5384615384615, 527.4358974358975, 800.6227106227107]"
2025-11-24T16:01:17.273840,/muse/eeg,"[697.8754578754579, 705.1282051282052, 942.8571428571429, 792.5641025641025]"
2025-11-24T16:01:17.335776,/muse/eeg,"[755.0915750915751, 715.6043956043957, 1075.8241758241759, 832.4542124542124]"
2025-11-24T16:01:17.397145,/muse/elements/delta_relative,"[0.2868618100703867, 0.3858372392918821, 0.1430143427055729, 0.2428772460541677]"
2025-11-24T16:01:17.491362,/muse/eeg,"[807.8754578754579, 754.6886446886447, 805.8608058608058, 812.7106227106227]"
2025-11-24T16:01:17.506994,/muse/eeg,"[813.1135531135532, 763.1501831501831, 722.8571428571429, 806.6666666666667]"
2025-11-24T16:01:17.628252,/muse/eeg,"[762.3443223443223, 766.7765567765568, 1034.7252747252749, 835.6776556776557]"
2025-11-24T16:01:17.688900,/muse/elements/alpha_absolute,"[0.9973019856066675, 0.37496486858899275, -3.0464130382657006, 0.8283556277683324]"
2025-11-24T16:01:17.783018,/muse/eeg,"[791.3553113553114, 801.025641025641, 1061.3186813186815, 791.7582417582418]"
2025-11-24T16:01:17.876466,/muse/is_good,"[0.0, 0.0, 0.0, 1.0]"
2025-11-24T16:01:17.923114,/muse/eeg,"[714.3956043956044, 765.5677655677656, 904.981684981685, 715.2014652014652]"
2025-11-24T16:01:18.000088,/muse/eegAux,"[nan, nan, 0.0, 0.0]"
2025-11-24T16:01:18.046184,/muse/eeg,"[684.981684981685, 759.1208791208792, 644.6886446886447, 716.4102564102565]"
2025-11-24T16:01:18.108439,/muse/eeg,"[744.6153846153846, 776.8498168498169, 890.4761904761905, 780.4761904761905]"
2025-11-24T16:01:18.139347,/muse/eegAux,"[nan, nan, 0.0, 0.0]"
2025-11-24T16:01:18.216760,/muse/eeg,"[880.0, 729.3040293040293, 983.956043956044, 771.6117216117216]"
2025-11-24T16:01:18.262402,/muse/eegAux,"[nan, nan, 0.0, 0.0]"
2025-11-24T16:01:18.309273,/muse/eeg,"[804.6520146520147, 784.1025641025641, 1251.904761904762, 825.6043956043957]"
2025-11-24T16:01:18.386829,/muse/gyro,"[16.022796630859375, -10.056304931640625, -13.570404052734375]"
2025-11-24T16:01:18.449212,/muse/eeg,"[755.4945054945055, 793.3699633699634, 668.0586080586081, 828.8278388278388]"
2025-11-24T16:01:18.496549,/muse/eegAux,"[nan, nan, 0.0, 0.0]"
2025-11-24T16:01:18.557878,/muse/eeg,"[821.1721611721612, 770.0, 332.01465201465203, 798.6080586080586]"
2025-11-24T16:01:18.620154,/muse/eegAux,"[nan, nan, 0.0, 0.0]"
2025-11-24T16:01:18.682964,/muse/eeg,"[838.901098901099, 803.4432234432235, 815.934065934066, 782.0879120879121]"
2025-11-24T16:01:18.791519,/muse/gyro,"[1.6748046875, -6.71417236328125, 14.527435302734375]"
2025-11-24T16:01:18.759191,/muse/gyro,"[0.366363525390625, -6.901092529296875, 38.7896728515625]"
2025-11-24T16:01:18.914435,/muse/eeg,"[746.2271062271062, 748.6446886446887, 1055.2747252747254, 832.8571428571429]"
2025-11-24T16:01:18.930121,/muse/eeg,"[736.1538461538462, 680.5494505494506, 865.8974358974359, 815.934065934066]"
2025-11-24T16:01:18.960913,/muse/eegAux,"[nan, nan, 0.0, 0.0]"
2025-11-24T16:01:19.022468,/muse/eeg,"[773.2234432234433, 674.5054945054945, 754.2857142857143, 790.1465201465202]"
2025-11-24T16:01:19.037992,/muse/eegAux,"[nan, nan, 0.0, 0.0]"
2025-11-24T16:01:19.115482,/muse/eeg,"[826.007326007326, 686.996336996337, 444.83516483516485, 790.1465201465202]"
2025-11-24T16:01:19.176828,/muse/eegAux,"[nan, nan, 0.0, 0.0]"
2025-11-24T16:01:19.255602,/muse/eeg,"[826.007326007326, 686.996336996337, 444.83516483516485, 784.5054945054945]"
2025-11-24T16:01:19.316327,/muse/eegAux,"[nan, nan, 0.0, 0.0]"
2025-11-24T16:01:19.440701,/muse/eeg,"[784.5054945054945, 699.8901098901099, 374.72527472527474, 814.7252747252747]"
2025-11-24T16:01:19.502461,/muse/eegAux,"[nan, nan, 0.0, 0.0]"
2025-11-24T16:01:19.533156,/muse/eeg,"[722.0512820512821, 706.3369963369963, 564.1025641025641, 827.2161172161173]"
2025-11-24T16:01:19.578901,/muse/eegAux,"[nan, nan, 0.0, 0.0]"
2025-11-24T16:01:19.610197,/muse/eeg,"[761.941391941392, 701.9047619047619, 638.2417582417582, 796.1904761904763]"
2025-11-24T16:01:19.688707,/muse/is_good,"[0.0, 0.0, 0.0, 0.0]"
2025-11-24T16:01:19.796923,/muse/drlref,"[1618974.358974359, 1596410.2564102563]"
2025-11-24T16:01:19.751286,/muse/hsi,"[1.0, 1.0, 4.0, 1.0]"
2025-11-24T16:01:19.982036,/muse/drlref,"[1618974.358974359, 1596410.2564102563]"
2025-11-24T16:01:19.935472,/muse/drlref,"[1618974.358974359, 1596410.2564102563]"
2025-11-24T16:01:19.874473,/muse/gyro,"[11.521759033203125, 17.054595947265625, 27.0062255859375]"
2025-11-24T16:01:20.030986,/muse/eeg,"[837.6923076923077, 763.5531135531136, 258.27838827838826, 805.8608058608058]"
2025-11-24T16:01:20.124882,/muse/eegAux,"[nan, nan, 0.0, 0.0]"
2025-11-24T16:01:20.155155,/muse/eeg,"[751.8681318681319, 762.3443223443223, 469.8168498168498, 835.2747252747253]"
2025-11-24T16:01:20.218126,/muse/eegAux,"[nan, nan, 0.0, 0.0]"
2025-11-24T16:01:20.280821,/muse/gyro,"[5.330963134765625, 4.53094482421875, 6.736602783203125]"
2025-11-24T16:01:20.327014,/muse/gyro,"[3.790740966796875, 5.271148681640625, 14.6246337890625]"
2025-11-24T16:01:20.374133,/muse/eeg,"[601.5750915750916, 770.4029304029305, 1081.868131868132, 658.3882783882784]"
2025-11-24T16:01:20.405931,/muse/eeg,"[774.8351648351648, 729.7069597069598, 919.8901098901099, 787.3260073260074]"
2025-11-24T16:01:20.500955,/muse/eegAux,"[nan, nan, 0.0, 0.0]"
4697265625, 17.622833251953125]"
2025-11-24T16:01:20.592945,/muse/gyro,"[1.31591796875, 3.050537109375, 15.2227783203125]"
2025-11-24T16:01:20.655051,/muse/gyro,"[1.31591796875, 3.050537109375, 15.2227783203125]"
2025-11-24T16:01:20.702057,/muse/eegAux,"[nan, nan, 0.0, 0.0]"
2025-11-24T16:01:20.747946,/muse/drlref,"[1618974.358974359, 1596410.2564102563]"
2025-11-24T16:01:20.809967,/muse/eeg,"[763.956043956044, 790.5494505494506, 1016.1904761904763, 798.6080586080586]"
2025-11-24T16:01:20.840751,/muse/eeg,"[801.4285714285714, 798.2051282051282, 682.967032967033, 800.2197802197802]"
2025-11-24T16:01:20.965439,/muse/eeg,"[803.4432234432235, 813.919413919414, 336.4468864468865, 793.7728937728938]"
2025-11-24T16:01:21.027917,/muse/gyro,"[-3.3197021484375, -2.250518798828125, 13.061981201171875]"
2025-11-24T16:01:21.074134,/muse/eeg,"[769.1941391941392, 795.7875457875458, 106.77655677655677, 805.8608058608058]"
2025-11-24T16:01:21.181007,/muse/gyro,"[-3.431854248046875, -6.3702392578125, 11.536712646484375]"
2025-11-24T16:01:21.135206,/muse/eegAux,"[nan, nan, 0.0, 0.0]"
2025-11-24T16:01:21.212433,/muse/gyro,"[-3.431854248046875, -6.3702392578125, 11.536712646484375]"
2025-11-24T16:01:21.304782,/muse/gyro,"[-1.682281494140625, -7.873077392578125, 12.78533935546875]"
2025-11-24T16:01:21.366028,/muse/eegAux,"[nan, nan, 0.0, 0.0]"
2025-11-24T16:01:21.412601,/muse/eeg,"[615.6776556776557, 808.6813186813187, 0.0, 676.5201465201466]"
2025-11-24T16:01:21.458678,/muse/gyro,"[-3.54400634765625, -4.284210205078125, 14.452667236328125]"
2025-11-24T16:01:21.535782,/muse/eegAux,"[nan, nan, 0.0, 0.0]"
2025-11-24T16:01:21.628598,/muse/eeg,"[816.7399267399268, 797.8021978021978, 0.0, 817.1428571428571]"
2025-11-24T16:01:21.736499,/muse/eegAux,"[nan, nan, 0.0, 0.0]"
2025-11-24T16:01:21.846714,/muse/eeg,"[824.7985347985348, 788.1318681318681, 0.0, 808.6813186813187]"
2025-11-24T16:01:21.815551,/muse/eeg,"[775.2380952380953, 786.5201465201466, 466.1904761904762, 806.2637362637363]"
2025-11-24T16:01:21.923092,/muse/elements/alpha_absolute,"[0.904549311872696, 0.22663413776727065, -3.0464130382657006, 0.41758002686222695]"
2025-11-24T16:01:22.017560,/muse/eeg,"[798.2051282051282, 801.025641025641, 550.4029304029305, 802.6373626373627]"
2025-11-24T16:01:22.064065,/muse/eegAux,"[nan, nan, 0.0, 0.0]"
2025-11-24T16:01:22.126420,/muse/eeg,"[776.8498168498169, 807.4725274725275, 947.6923076923077, 793.7728937728938]"
2025-11-24T16:01:22.203730,/muse/acc,"[-0.17620849609375, 0.08087158203125, 0.99755859375]"
2025-11-24T16:01:22.281566,/muse/acc,"[-0.1778564453125, 0.06640625, 0.99658203125]"
2025-11-24T16:01:22.374188,/muse/gyro,"[-3.431854248046875, -4.179534912109375, -1.413116455078125]"
2025-11-24T16:01:22.435598,/muse/eeg,"[788.5347985347986, 819.1575091575091, 680.952380952381, 780.8791208791209]"
2025-11-24T16:01:22.622311,/muse/eeg,"[645.4945054945055, 761.1355311355312, 695.054945054945, 795.3846153846154]"
2025-11-24T16:01:22.730304,/muse/eeg,"[784.5054945054945, 785.3113553113553, 1270.0366300366302, 819.96336996337]"
2025-11-24T16:01:22.793400,/muse/eeg,"[813.919413919414, 800.6227106227107, 1341.3553113553114, 806.2637362637363]"
2025-11-24T16:01:22.840470,/muse/eeg,"[819.1575091575091, 801.8315018315019, 1072.1978021978023, 796.5934065934066]"
2025-11-24T16:01:22.934469,/muse/gyro,"[2.67669677734375, -0.710296630859375, -4.852447509765625]"
2025-11-24T16:01:22.981174,/muse/eeg,"[791.7582417582418, 786.9230769230769, 979.5238095238095, 805.054945054945]"
2025-11-24T16:01:23.059133,/muse/eeg,"[742.1978021978023, 784.5054945054945, 573.7728937728938, 812.7106227106227]"
2025-11-24T16:01:23.028271,/muse/eeg,"[789.7435897435897, 793.3699633699634, 954.945054945055, 835.2747252747253]"
2025-11-24T16:01:23.135215,/muse/gyro,"[0.777587890625, -8.411407470703125, -21.779937744140625]"
2025-11-24T16:01:23.150523,/muse/eeg,"[867.1062271062272, 807.4725274725275, 324.76190476190476, 775.6410256410256]"
2025-11-24T16:01:23.227481,/muse/eeg,"[950.9157509157509, 809.4871794871796, 168.42490842490844, 770.0]"
2025-11-24T16:01:23.336954,/muse/acc,"[-0.0797119140625, -0.0106201171875, 1.00970458984375]"
2025-11-24T16:01:23.382466,/muse/eeg,"[833.2600732600733, 785.3113553113553, 1457.3992673992675, 778.4615384615385]"
2025-11-24T16:01:23.474119,/muse/eeg,"[816.7399267399268, 785.3113553113553, 1647.985347985348, 817.5457875457876]"
2025-11-24T16:01:23.581335,/muse/gyro,"[4.239349365234375, -10.40771484375, -17.204132080078125]"
2025-11-24T16:01:23.612787,/muse/eeg,"[819.5604395604396, 786.1172161172161, 1624.6153846153848, 796.1904761904763]"
2025-11-24T16:01:23.735452,/muse/gyro,"[5.63751220703125, -10.24322509765625, -31.6119384765625]"
2025-11-24T16:01:23.813435,/muse/eeg,"[708.7545787545788, 798.2051282051282, 1446.1172161172162, 749.047619047619]"
2025-11-24T16:01:23.875077,/muse/eeg,"[933.1868131868132, 801.4285714285714, 1493.6630036630038, 837.2893772893773]"
2025-11-24T16:01:23.968136,/muse/elements/alpha_absolute,"[0.904549311872696, 0.662963506967926, -3.0464130382657006, 0.7681801606678598]"
2025-11-24T16:01:24.031290,/muse/gyro,"[34.8419189453125, -16.920013427734375, -155.59982299804688]"
2025-11-24T16:01:24.092113,/muse/eeg,"[873.956043956044, 787.7289377289378, 307.03296703296706, 838.4981684981685]"
2025-11-24T16:01:24.123760,/muse/eeg,"[750.2564102564103, 761.1355311355312, 292.12454212454213, 853.0036630036631]"
2025-11-24T16:01:24.185510,/muse/eegAux,"[nan, nan, 0.0, 0.0]"
2025-11-24T16:01:24.232802,/muse/eeg,"[832.8571428571429, 762.7472527472528, 474.65201465201466, 813.5164835164835]"
2025-11-24T16:01:24.325673,/muse/gyro,"[5.719757080078125, -3.312225341796875, -25.772552490234375]"
2025-11-24T16:01:24.356458,/muse/eeg,"[790.952380952381, 771.6117216117216, 993.2234432234433, 790.952380952381]"
2025-11-24T16:01:24.418587,/muse/eeg,"[799.0109890109891, 773.6263736263736, 1021.0256410256411, 790.5494505494506]"
2025-11-24T16:01:24.498101,/muse/eegAux,"[nan, nan, 0.0, 0.0]"
2025-11-24T16:01:24.591086,/muse/drlref,"[1618974.358974359, 1596410.2564102563]"
2025-11-24T16:01:24.668483,/muse/eeg,"[796.996336996337, 778.4615384615385, 1247.4725274725274, 820.7692307692308]"
2025-11-24T16:01:24.731082,/muse/eeg,"[781.6849816849817, 779.2673992673992, 1224.9084249084249, 821.5750915750916]"
2025-11-24T16:01:24.793184,/muse/acc,"[-0.04571533203125, 0.1107177734375, 0.9925537109375]"
2025-11-24T16:01:24.840537,/muse/gyro,"[3.5589599609375, -5.21881103515625, 5.0543212890625]"
2025-11-24T16:01:24.902988,/muse/eeg,"[784.1025641025641, 752.6739926739926, 1243.4432234432236, 805.4578754578755]"
2025-11-24T16:01:24.964532,/muse/eeg,"[802.2344322344322, 776.8498168498169, 1220.4761904761906, 801.4285714285714]"
2025-11-24T16:01:25.042734,/muse/eeg,"[821.5750915750916, 780.4761904761905, 1297.4358974358975, 811.0989010989011]"
2025-11-24T16:01:25.104409,/muse/gyro,"[0.276641845703125, -4.3365478515625, 14.976043701171875]"
2025-11-24T16:01:25.151125,/muse/gyro,"[0.276641845703125, -4.3365478515625, 14.976043701171875]"
2025-11-24T16:01:25.212822,/muse/eeg,"[784.5054945054945, 766.3736263736264, 1153.1868131868132, 813.1135531135532]"
2025-11-24T16:01:25.258836,/muse/eeg,"[799.4139194139194, 776.4468864468864, 1319.5970695970695, 793.3699633699634]"
2025-11-24T16:01:25.336891,/muse/eeg,"[782.893772893773, 775.2380952380953, 1488.8278388278388, 798.2051282051282]"
2025-11-24T16:01:25.414189,/muse/elements/delta_absolute,"[1.001747518329246, 1.4266072931740437, -3.185283338198744, 0.8896366423772473]"
2025-11-24T16:01:25.475397,/muse/eeg,"[837.2893772893773, 758.3150183150184, 1459.4139194139195, 799.4139194139194]"
2025-11-24T16:01:25.536757,/muse/eegAux,"[nan, nan, 0.0, 0.0]"
2025-11-24T16:01:25.551857,/muse/eeg,"[808.2783882783883, 767.1794871794872, 1212.014652014652, 792.5641025641025]"
2025-11-24T16:01:25.598438,/muse/acc,"[-0.0159912109375, -0.0479736328125, 1.01287841796875]"
2025-11-24T16:01:25.629803,/muse/eeg,"[728.0952380952381, 778.4615384615385, 688.2051282051282, 794.981684981685]"
2025-11-24T16:01:25.675563,/muse/drlref,"[1618974.358974359, 1596410.2564102563]"
2025-11-24T16:01:25.753854,/muse/acc,"[-0.09967041015625, 0.033447265625, 0.97003173828125]"
2025-11-24T16:01:25.847399,/muse/eeg,"[836.4835164835165, 788.9377289377289, 654.7619047619048, 792.5641025641025]"
2025-11-24T16:01:25.910520,/muse/eegAux,"[nan, nan, 0.0, 0.0]"
2025-11-24T16:01:25.972900,/muse/gyro,"[8.112335205078125, -0.291595458984375, 1.278533935546875]"
2025-11-24T16:01:26.036041,/muse/gyro,"[8.14971923828125, -3.2598876953125, 1.95892333984375]"
2025-11-24T16:01:26.083168,/muse/eeg,"[638.6446886446887, 794.5787545787546, 689.4139194139194, 691.025641025641]"
2025-11-24T16:01:26.129138,/muse/acc,"[-0.17626953125, 0.0201416015625, 0.9468994140625]"
2025-11-24T16:01:26.190283,/muse/eeg,"[764.3589743589744, 756.7032967032967, 711.1721611721612, 870.3296703296703]"
2025-11-24T16:01:26.237292,/muse/gyro,"[20.419158935546875, -13.630218505859375, -22.318267822265625]"
2025-11-24T16:01:26.299909,/muse/eegAux,"[nan, nan, 0.0, 0.0]"
2025-11-24T16:01:26.346090,/muse/acc,"[-0.15380859375, 0.16925048828125, 0.9755859375]"
2025-11-24T16:01:26.408912,/muse/eeg,"[875.5677655677656, 768.7912087912088, 1227.7289377289378, 832.4542124542124]"
2025-11-24T16:01:26.454182,/muse/gyro,"[7.588958740234375, 4.598236083984375, -17.727508544921875]"
2025-11-24T16:01:26.515613,/muse/drlref,"[1618974.358974359, 1596410.2564102563]"
2025-11-24T16:01:26.562850,/muse/drlref,"[1618974.358974359, 1596410.2564102563]"
2025-11-24T16:01:26.609321,/muse/gyro,"[-4.91973876953125, 0.127105712890625, 10.190887451171875]"
2025-11-24T16:01:26.655343,/muse/gyro,"[-4.254302978515625, 0.037384033203125, 17.1966552734375]"
2025-11-24T16:01:26.733208,/muse/gyro,"[-4.254302978515625, 0.037384033203125, 17.1966552734375]"
2025-11-24T16:01:26.810735,/muse/acc,"[-0.157958984375, 0.1522216796875, 0.979248046875]"
2025-11-24T16:01:26.903838,/muse/eeg,"[720.8424908424909, 772.8205128205128, 733.3333333333334, 800.2197802197802]"
2025-11-24T16:01:26.949609,/muse/eeg,"[755.4945054945055, 784.5054945054945, 764.3589743589744, 759.92673992674]"
2025-11-24T16:01:27.012103,/muse/eeg,"[770.0, 777.6556776556777, 257.0695970695971, 786.9230769230769]"
2025-11-24T16:01:27.043127,/muse/eegAux,"[nan, nan, 0.0, 0.0]"
2025-11-24T16:01:27.088659,/muse/eeg,"[732.9304029304029, 787.7289377289378, 1000.4761904761905, 748.2417582417582]"
2025-11-24T16:01:27.103715,/muse/gyro,"[-3.686065673828125, 14.886322021484375, 10.295562744140625]"
2025-11-24T16:01:27.276699,/muse/gyro,"[-3.686065673828125, 14.886322021484375, 10.295562744140625]"
2025-11-24T16:01:27.322516,/muse/drlref,"[1618168.498168498, 1596410.2564102563]"
2025-11-24T16:01:27.385752,/muse/eeg,"[742.6007326007326, 763.5531135531136, 548.3882783882784, 776.8498168498169]"
2025-11-24T16:01:27.417193,/muse/eegAux,"[nan, nan, 0.0, 0.0]"
2025-11-24T16:01:27.494155,/muse/eegAux,"[nan, nan, 0.0, 0.0]"
2025-11-24T16:01:27.541847,/muse/eeg,"[837.2893772893773, 786.1172161172161, 943.6630036630037, 779.6703296703297]"
2025-11-24T16:01:27.603218,/muse/eeg,"[779.2673992673992, 791.3553113553114, 1322.4175824175825, 817.948717948718]"
2025-11-24T16:01:27.665382,/muse/eegAux,"[nan, nan, 0.0, 0.0]"
2025-11-24T16:01:27.760130,/muse/eeg,"[833.6630036630037, 783.6996336996338, 840.5128205128206, 786.1172161172161]"
2025-11-24T16:01:27.868070,/muse/gyro,"[3.656158447265625, -22.856597900390625, -0.46356201171875]"
2025-11-24T16:01:27.805906,/muse/eegAux,"[nan, nan, 0.0, 0.0]"
2025-11-24T16:01:27.961575,/muse/eegAux,"[nan, nan, 0.0, 0.0]"
2025-11-24T16:01:28.037781,/muse/gyro,"[6.89361572265625, -35.0811767578125, -2.953338623046875]"
2025-11-24T16:01:28.101052,/muse/eeg,"[776.4468864468864, 788.9377289377289, 469.010989010989, 768.3882783882784]"
2025-11-24T16:01:28.178340,/muse/eeg,"[794.1758241758242, 782.893772893773, 935.6043956043957, 757.1062271062272]"
2025-11-24T16:01:28.193482,/muse/gyro,"[2.459869384765625, -12.72552490234375, -3.63372802734375]"
2025-11-24T16:01:28.302307,/muse/eeg,"[811.0989010989011, 716.007326007326, 288.4981684981685, 812.7106227106227]"
2025-11-24T16:01:28.318033,/muse/eeg,"[851.3919413919414, 708.7545787545788, 1159.6336996336997, 790.1465201465202]"
2025-11-24T16:01:28.379670,/muse/eeg,"[762.7472527472528, 756.3003663003664, 24.57875457875458, 799.8168498168499]"
2025-11-24T16:01:28.427050,/muse/gyro,"[-0.291595458984375, 20.329437255859375, -16.561126708984375]"
2025-11-24T16:01:28.490257,/muse/gyro,"[3.730926513671875, -9.6002197265625, -13.061981201171875]"
2025-11-24T16:01:28.537000,/muse/eeg,"[845.3479853479854, 805.4578754578755, 1149.96336996337, 831.6483516483516]"
2025-11-24T16:01:28.583936,/muse/eegAux,"[nan, nan, 0.0, 0.0]"
2025-11-24T16:01:28.599679,/muse/eegAux,"[nan, nan, 0.0, 0.0]"
2025-11-24T16:01:28.661836,/muse/eeg,"[759.5238095238095, 768.7912087912088, 282.05128205128204, 789.7435897435897]"
2025-11-24T16:01:28.707526,/muse/eegAux,"[nan, nan, 0.0, 0.0]"
2025-11-24T16:01:28.769188,/muse/eeg,"[801.4285714285714, 742.1978021978023, 980.3296703296703, 790.5494505494506]"
2025-11-24T16:01:28.830462,/muse/eegAux,"[nan, nan, 0.0, 0.0]"
2025-11-24T16:01:28.891920,/muse/eeg,"[810.6959706959707, 742.6007326007326, 783.2967032967033, 766.3736263736264]"
2025-11-24T16:01:28.968171,/muse/eeg,"[810.6959706959707, 742.6007326007326, 783.2967032967033, 766.3736263736264]"
2025-11-24T16:01:28.952933,/muse/eegAux,"[nan, nan, 0.0, 0.0]"
2025-11-24T16:01:29.076250,/muse/eegAux,"[nan, nan, 0.0, 0.0]"
2025-11-24T16:01:29.030173,/muse/eeg,"[821.1721611721612, 800.6227106227107, 215.97069597069597, 803.8461538461539]"
2025-11-24T16:01:29.153345,/muse/acc,"[0.06689453125, 0.05206298828125, 1.01531982421875]"
2025-11-24T16:01:29.184191,/muse/eeg,"[487.14285714285717, 784.5054945054945, 755.8974358974359, 714.3956043956044]"
2025-11-24T16:01:29.262973,/muse/eegAux,"[nan, nan, 0.0, 0.0]"
2025-11-24T16:01:29.341265,/muse/eeg,"[933.5897435897436, 756.3003663003664, 596.3369963369963, 865.0915750915751]"
2025-11-24T16:01:29.450006,/muse/eeg,"[868.3150183150184, 767.985347985348, 1089.9267399267399, 838.4981684981685]"
2025-11-24T16:01:29.511701,/muse/eegAux,"[nan, nan, 0.0, 0.0]"
2025-11-24T16:01:29.572697,/muse/gyro,"[6.407623291015625, -12.740478515625, 29.5782470703125]"
2025-11-24T16:01:29.603350,/muse/acc,"[-0.005126953125, -0.04498291015625, 0.98870849609375]"
2025-11-24T16:01:29.711486,/muse/acc,"[-0.005126953125, -0.04498291015625, 0.98870849609375]"
2025-11-24T16:01:29.773021,/muse/acc,"[-0.005126953125, -0.04498291015625, 0.98870849609375]"
2025-11-24T16:01:29.820085,/muse/gyro,"[6.7291259765625, -19.880828857421875, 32.681121826171875]"
2025-11-24T16:01:29.881321,/muse/gyro,"[8.620758056640625, -12.12738037109375, 33.742828369140625]"
2025-11-24T16:01:29.942176,/muse/eeg,"[874.7619047619048, 773.2234432234433, 1291.7948717948718, 819.5604395604396]"
2025-11-24T16:01:29.988093,/muse/eegAux,"[nan, nan, 0.0, 0.0]"
2025-11-24T16:01:30.034906,/muse/eeg,"[792.1611721611722, 805.054945054945, 712.7838827838829, 786.9230769230769]"
2025-11-24T16:01:30.177262,/muse/eegAux,"[nan, nan, 0.0, 0.0]"
2025-11-24T16:01:30.299473,/muse/eegAux,"[nan, nan, 0.0, 0.0]"
2025-11-24T16:01:30.253425,/muse/eeg,"[882.014652014652, 799.0109890109891, 737.3626373626374, 762.3443223443223]"
2025-11-24T16:01:30.361651,/muse/drlref,"[1618974.358974359, 1596410.2564102563]"
2025-11-24T16:01:30.438870,/muse/drlref,"[1618168.498168498, 1596410.2564102563]"
2025-11-24T16:01:30.485649,/muse/drlref,"[1618168.498168498, 1596410.2564102563]"
2025-11-24T16:01:30.594021,/muse/drlref,"[1618168.498168498, 1596410.2564102563]"
2025-11-24T16:01:30.625122,/muse/drlref,"[1618168.498168498, 1596410.2564102563]"
2025-11-24T16:01:30.687364,/muse/drlref,"[1618168.498168498, 1596410.2564102563]"
2025-11-24T16:01:30.764613,/muse/eeg,"[883.2234432234433, 801.025641025641, 828.021978021978, 776.0439560439561]"
2025-11-24T16:01:30.888787,/muse/eeg,"[798.6080586080586, 788.5347985347986, 1191.868131868132, 846.5567765567765]"
2025-11-24T16:01:31.030474,/muse/eegAux,"[nan, nan, 0.0, 0.0]"
2025-11-24T16:01:31.076807,/muse/eeg,"[745.4212454212454, 763.1501831501831, 0.0, 797.3992673992674]"
2025-11-24T16:01:31.093661,/muse/eeg,"[885.6410256410256, 774.4322344322345, 0.0, 795.3846153846154]"
2025-11-24T16:01:31.187291,/muse/eegAux,"[nan, nan, 0.0, 0.0]"
2025-11-24T16:01:31.294538,/muse/eeg,"[849.3772893772895, 802.2344322344322, 31.831501831501832, 791.3553113553114]"
2025-11-24T16:01:31.341277,/muse/eegAux,"[nan, nan, 0.0, 0.0]"
2025-11-24T16:01:31.419835,/muse/gyro,"[9.40582275390625, 29.1595458984375, -118.65692138671875]"
2025-11-24T16:01:31.466800,/muse/gyro,"[7.40203857421875, 64.35287475585938, -87.20947265625]"
2025-11-24T16:01:31.513046,/muse/acc,"[-0.18084716796875, -0.027587890625, 0.9344482421875]"
2025-11-24T16:01:31.653356,/muse/drlref,"[1618168.498168498, 1596410.2564102563]"
2025-11-24T16:01:31.575671,/muse/eeg,"[796.996336996337, 831.2454212454213, 140.21978021978023, 800.2197802197802]"
2025-11-24T16:01:31.684925,/muse/drlref,"[1618974.358974359, 1596410.2564102563]"
2025-11-24T16:01:31.811363,/muse/drlref,"[1618974.358974359, 1596410.2564102563]"
2025-11-24T16:01:31.873559,/muse/gyro,"[5.704803466796875, -45.518798828125, -10.69183349609375]"
2025-11-24T16:01:31.934817,/muse/eeg,"[815.5311355311355, 819.96336996337, 1082.2710622710622, 774.4322344322345]"
2025-11-24T16:01:32.028213,/muse/eeg,"[772.014652014652, 801.025641025641, 440.80586080586085, 782.893772893773]"
2025-11-24T16:01:31.966232,/muse/eegAux,"[nan, nan, 0.0, 0.0]"
2025-11-24T16:01:32.168857,/muse/gyro,"[2.968292236328125, -9.52545166015625, 67.00714111328125]"
2025-11-24T16:01:32.200305,/muse/gyro,"[0.59814453125, -2.76641845703125, 78.52142333984375]"
2025-11-24T16:01:32.293078,/muse/eeg,"[792.967032967033, 707.5457875457876, 222.41758241758242, 817.1428571428571]"
2025-11-24T16:01:32.371770,/muse/eegAux,"[nan, nan, 0.0, 0.0]"
2025-11-24T16:01:32.465387,/muse/elements/alpha_absolute,"[0.904549311872696, 0.5230121132920914, -3.0464130382657006, 0.8544535717428863]"
2025-11-24T16:01:32.573532,/muse/eeg,"[885.6410256410256, 776.8498168498169, 700.6959706959707, 859.047619047619]"
2025-11-24T16:01:32.543275,/muse/gyro,"[-8.50860595703125, 39.59716796875, 60.6219482421875]"
2025-11-24T16:01:32.635799,/muse/drlref,"[1618168.498168498, 1596410.2564102563]"
2025-11-24T16:01:32.760067,/muse/eeg,"[822.3809523809524, 807.0695970695971, 1402.1978021978023, 793.3699633699634]"
2025-11-24T16:01:32.822556,/muse/eeg,"[801.8315018315019, 795.7875457875458, 1534.3589743589744, 784.9084249084249]"
2025-11-24T16:01:32.884337,/muse/eeg,"[815.934065934066, 789.7435897435897, 1622.6007326007327, 856.2271062271062]"
2025-11-24T16:01:32.961497,/muse/eegAux,"[nan, nan, 0.0, 0.0]"
2025-11-24T16:01:33.054980,/muse/eeg,"[730.5128205128206, 782.0879120879121, 0.0, 764.7619047619048]"
2025-11-24T16:01:33.117112,/muse/gyro,"[-17.21160888671875, -50.07965087890625, 21.331329345703125]"
2025-11-24T16:01:33.179886,/muse/eeg,"[869.1208791208792, 714.7985347985348, 102.34432234432235, 799.0109890109891]"
2025-11-24T16:01:33.256937,/muse/eeg,"[854.2124542124542, 742.1978021978023, 278.02197802197804, 805.8608058608058]"
2025-11-24T16:01:33.335600,/muse/gyro,"[-2.9010009765625, -18.88641357421875, -17.83966064453125]"
2025-11-24T16:01:33.288853,/muse/gyro,"[-7.88055419921875, -20.897674560546875, -13.68255615234375]"
2025-11-24T16:01:33.412669,/muse/eeg,"[551.2087912087912, 707.1428571428571, 0.0, 778.4615384615385]"
2025-11-24T16:01:33.506394,/muse/eeg,"[803.8461538461539, 722.0512820512821, 49.15750915750916, 812.3076923076924]"
2025-11-24T16:01:33.584311,/muse/eeg,"[830.0366300366301, 732.9304029304029, 975.4945054945056, 810.6959706959707]"
2025-11-24T16:01:33.614906,/muse/eeg,"[854.6153846153846, 701.0989010989011, 982.3443223443223, 817.5457875457876]"
2025-11-24T16:01:33.676696,/muse/eeg,"[805.054945054945, 697.0695970695971, 1621.3919413919414, 836.886446886447]"
2025-11-24T16:01:33.708962,/muse/acc,"[0.62750244140625, -0.1724853515625, 0.74554443359375]"
2025-11-24T16:01:33.815098,/muse/gyro,"[6.512298583984375, -9.188995361328125, -10.40771484375]"
2025-11-24T16:01:33.845898,/muse/gyro,"[6.512298583984375, -9.188995361328125, -10.40771484375]"
2025-11-24T16:01:33.924475,/muse/gyro,"[8.590850830078125, -7.596435546875, -10.42266845703125]"
2025-11-24T16:01:33.984689,/muse/eeg,"[873.1501831501831, 728.4981684981685, 606.007326007326, 821.978021978022]"
2025-11-24T16:01:34.030885,/muse/acc,"[0.765625, 0.03631591796875, 0.77874755859375]"
2025-11-24T16:01:34.091950,/muse/elements/gamma_absolute,"[0.3520847661460143, -0.09136096581336085, -3.0203266379668348, 0.13758965677807314]"
2025-11-24T16:01:34.153632,/muse/eeg,"[784.5054945054945, 762.7472527472528, 1409.4505494505495, 834.4688644688645]"
2025-11-24T16:01:34.199364,/muse/eeg,"[811.5018315018315, 801.025641025641, 576.5934065934066, 757.1062271062272]"
2025-11-24T16:01:34.261952,/muse/eegAux,"[nan, nan, 0.0, 0.0]"
2025-11-24T16:01:34.322753,/muse/eeg,"[799.4139194139194, 815.1282051282052, 276.007326007326, 803.040293040293]"
2025-11-24T16:01:34.276971,/muse/elements/delta_absolute,"[1.001747518329246, 1.1198594804337973, -3.185283338198744, 0.7731655643883358]"
2025-11-24T16:01:34.416342,/muse/eegAux,"[nan, nan, 0.0, 0.0]"
2025-11-24T16:01:34.369530,/muse/eeg,"[811.0989010989011, 766.7765567765568, 794.1758241758242, 816.3369963369963]"
2025-11-24T16:01:34.478745,/muse/eeg,"[796.1904761904763, 731.7216117216118, 579.8168498168499, 771.6117216117216]"
2025-11-24T16:01:34.603021,/muse/eeg,"[822.3809523809524, 726.4835164835165, 725.6776556776557, 813.5164835164835]"
2025-11-24T16:01:34.696663,/muse/eeg,"[799.0109890109891, 781.6849816849817, 1530.3296703296703, 814.7252747252747]"
2025-11-24T16:01:34.697778,/muse/elements/alpha_relative,"[0.25455512815155257, 0.1544509930752714, 0.1969018943271207, 0.26436272408842004]"
2025-11-24T16:01:34.726764,/muse/elements/beta_absolute,"[0.7218141633476606, 0.28303197457258145, -2.7866814850890833, 0.753419624777589]"
2025-11-24T16:01:34.804003,/muse/gyro,"[-2.49725341796875, 19.746246337890625, -37.503662109375]"
2025-11-24T16:01:34.929072,/muse/gyro,"[-7.73101806640625, 24.860382080078125, -51.776885986328125]"
2025-11-24T16:01:34.898947,/muse/gyro,"[-2.49725341796875, 19.746246337890625, -37.503662109375]"
2025-11-24T16:01:34.991438,/muse/acc,"[0.62225341796875, -0.05572509765625, 0.7879638671875]"
2025-11-24T16:01:35.022433,/muse/gyro,"[-2.28790283203125, 33.339080810546875, -60.12847900390625]"
2025-11-24T16:01:35.053448,/muse/eeg,"[782.4908424908425, 873.1501831501831, 1076.6300366300366, 793.3699633699634]"
2025-11-24T16:01:35.099525,/muse/eeg,"[778.4615384615385, 874.3589743589744, 1583.113553113553, 793.3699633699634]"
2025-11-24T16:01:35.146102,/muse/gyro,"[-3.013153076171875, -32.3895263671875, 79.39620971679688]"
2025-11-24T16:01:35.177392,/muse/eegAux,"[nan, nan, 0.0, 0.0]"
2025-11-24T16:01:35.207935,/muse/eeg,"[734.5421245421246, 791.7582417582418, 1373.5897435897436, 803.8461538461539]"
2025-11-24T16:01:35.301334,/muse/eeg,"[800.2197802197802, 796.996336996337, 1312.7472527472528, 847.3626373626374]"
2025-11-24T16:01:35.379736,/muse/eeg,"[926.7399267399268, 794.981684981685, 542.7472527472528, 802.6373626373627]"
2025-11-24T16:01:35.395512,/muse/eegAux,"[nan, nan, 0.0, 0.0]"
2025-11-24T16:01:35.458881,/muse/drlref,"[1618168.498168498, 1596410.2564102563]"
2025-11-24T16:01:35.552608,/muse/acc,"[0.556396484375, -0.08087158203125, 0.79083251953125]"
2025-11-24T16:01:35.521177,/muse/acc,"[0.556396484375, -0.08087158203125, 0.79083251953125]"
2025-11-24T16:01:35.614823,/muse/eeg,"[898.1318681318681, 797.8021978021978, 1622.1978021978023, 790.5494505494506]"
2025-11-24T16:01:35.677936,/muse/acc,"[0.4779052734375, 0.01617431640625, 0.800537109375]"
2025-11-24T16:01:35.768807,/muse/eeg,"[849.7802197802198, 803.4432234432235, 1133.4432234432236, 780.4761904761905]"
2025-11-24T16:01:35.799692,/muse/eeg,"[859.8534798534798, 837.6923076923077, 781.6849816849817, 786.9230769230769]"
2025-11-24T16:01:35.893048,/muse/gyro,"[9.443206787109375, -19.18548583984375, -2.758941650390625]"
2025-11-24T16:01:35.938646,/muse/gyro,"[10.9759521484375, -6.998291015625, -6.856231689453125]"
2025-11-24T16:01:36.001787,/muse/eeg,"[828.8278388278388, 789.7435897435897, 454.1025641025641, 754.6886446886447]"
2025-11-24T16:01:36.031629,/muse/eeg,"[864.6886446886447, 815.934065934066, 723.2600732600732, 833.6630036630037]"
2025-11-24T16:01:36.109391,/muse/eegAux,"[nan, nan, 0.0, 0.0]"
2025-11-24T16:01:36.156785,/muse/gyro,"[1.054229736328125, 30.684814453125, -27.20062255859375]"
2025-11-24T16:01:36.187945,/muse/gyro,"[-6.69921875, 44.315032958984375, -68.1585693359375]"
2025-11-24T16:01:36.280379,/muse/drlref,"[1618168.498168498, 1596410.2564102563]"
2025-11-24T16:01:36.326968,/muse/drlref,"[1618168.498168498, 1596410.2564102563]"
2025-11-24T16:01:36.388653,/muse/elements/delta_relative,"[0.31840513054080155, 0.6104330964796597, 0.1430143427055729, 0.2192361722921454]"
2025-11-24T16:01:36.435188,/muse/eeg,"[912.6373626373627, 821.1721611721612, 0.0, 834.0659340659341]"
2025-11-24T16:01:36.466296,/muse/gyro,"[-19.073333740234375, 52.6068115234375, -23.963165283203125]"
2025-11-24T16:01:36.513822,/muse/eeg,"[832.8571428571429, 802.6373626373627, 590.6959706959707, 823.992673992674]"
2025-11-24T16:01:36.608310,/muse/acc,"[0.058349609375, 0.09979248046875, 0.9556884765625]"
2025-11-24T16:01:36.715963,/muse/drlref,"[1618168.498168498, 1596410.2564102563]"
2025-11-24T16:01:36.759913,/muse/drlref,"[1618168.498168498, 1596410.2564102563]"
2025-11-24T16:01:36.790515,/muse/gyro,"[47.201080322265625, -34.01947021484375, 66.1248779296875]"
2025-11-24T16:01:36.868510,/muse/gyro,"[47.201080322265625, -34.01947021484375, 66.1248779296875]"
2025-11-24T16:01:36.947193,/muse/eegAux,"[nan, nan, 0.0, 0.0]"
2025-11-24T16:01:37.023957,/muse/drlref,"[1618168.498168498, 1596410.2564102563]"
2025-11-24T16:01:37.086929,/muse/gyro,"[-7.49176025390625, -87.62069702148438, 145.947265625]"
2025-11-24T16:01:37.117678,/muse/gyro,"[0.22430419921875, -70.91751098632812, 110.60440063476562]"
2025-11-24T16:01:37.211338,/muse/drlref,"[1618974.358974359, 1596410.2564102563]"
2025-11-24T16:01:37.164787,/muse/eeg,"[1011.7582417582418, 792.5641025641025, 905.3846153846154, 915.8608058608058]"
2025-11-24T16:01:37.289021,/muse/eeg,"[931.5750915750916, 721.2454212454213, 1628.2417582417584, 810.2930402930403]"
2025-11-24T16:01:37.335898,/muse/eeg,"[804.2490842490843, 665.2380952380953, 72.52747252747253, 809.4871794871796]"
2025-11-24T16:01:37.367332,/muse/eegAux,"[nan, nan, 0.0, 0.0]"
2025-11-24T16:01:37.398807,/muse/eegAux,"[nan, nan, 0.0, 0.0]"
2025-11-24T16:01:37.445825,/muse/eeg,"[747.032967032967, 673.2967032967033, 645.4945054945055, 811.0989010989011]"
2025-11-24T16:01:37.584856,/muse/gyro,"[0.3289794921875, 16.85272216796875, -16.546173095703125]"
2025-11-24T16:01:37.600471,/muse/gyro,"[-1.2860107421875, 17.398529052734375, -20.135040283203125]"
2025-11-24T16:01:37.631574,/muse/gyro,"[2.190704345703125, 17.95928955078125, -21.5631103515625]"
2025-11-24T16:01:37.725349,/muse/gyro,"[7.289886474609375, 20.3369140625, -23.708953857421875]"
2025-11-24T16:01:37.834901,/muse/eegAux,"[nan, nan, 0.0, 0.0]"
2025-11-24T16:01:37.880778,/muse/gyro,"[-0.95703125, 11.783447265625, -41.040191650390625]"
2025-11-24T16:01:38.005261,/muse/eeg,"[794.981684981685, 795.3846153846154, 1025.0549450549452, 834.0659340659341]"
2025-11-24T16:01:38.036797,/muse/eegAux,"[nan, nan, 0.0, 0.0]"
2025-11-24T16:01:38.098892,/muse/elements/gamma_absolute,"[0.3520847661460143, -0.09136096581336085, -3.0203266379668348, 0.13758965677807314]"
2025-11-24T16:01:38.176985,/muse/eeg,"[769.1941391941392, 829.6336996336996, 645.0915750915751, 776.8498168498169]"
2025-11-24T16:01:38.254731,/muse/eeg,"[830.4395604395604, 820.7692307692308, 528.2417582417582, 809.4871794871796]"
2025-11-24T16:01:38.332767,/muse/eegAux,"[nan, nan, 0.0, 0.0]"
2025-11-24T16:01:38.411520,/muse/is_good,"[0.0, 0.0, 0.0, 0.0]"
2025-11-24T16:01:38.427272,/muse/gyro,"[1.173858642578125, -7.97027587890625, 0.49346923828125]"
2025-11-24T16:01:38.488348,/muse/acc,"[0.50732421875, 0.02276611328125, 0.84521484375]"
2025-11-24T16:01:38.535399,/muse/eeg,"[811.9047619047619, 799.4139194139194, 602.3809523809524, 827.6190476190476]"
2025-11-24T16:01:38.583025,/muse/drlref,"[1618168.498168498, 1596410.2564102563]"
2025-11-24T16:01:38.676877,/muse/eeg,"[770.0, 804.2490842490843, 481.50183150183153, 812.3076923076924]"
2025-11-24T16:01:38.816646,/muse/eegAux,"[nan, nan, 0.0, 0.0]"
2025-11-24T16:01:38.910482,/muse/eeg,"[769.1941391941392, 831.2454212454213, 616.886446886447, 737.3626373626374]"
2025-11-24T16:01:38.956692,/muse/eegAux,"[nan, nan, 0.0, 0.0]"
2025-11-24T16:01:39.035089,/muse/eeg,"[748.2417582417582, 819.1575091575091, 552.4175824175825, 785.7142857142858]"
2025-11-24T16:01:39.065918,/muse/eeg,"[769.5970695970697, 787.3260073260074, 522.1978021978022, 817.5457875457876]"
2025-11-24T16:01:39.127985,/muse/eeg,"[826.007326007326, 795.7875457875458, 593.1135531135532, 830.0366300366301]"
2025-11-24T16:01:39.222006,/muse/eeg,"[707.948717948718, 805.4578754578755, 611.2454212454213, 761.1355311355312]"
2025-11-24T16:01:39.269123,/muse/eeg,"[835.6776556776557, 777.6556776556777, 377.94871794871796, 846.1538461538462]"
2025-11-24T16:01:39.361088,/muse/eeg,"[813.919413919414, 789.7435897435897, 293.3333333333333, 854.2124542124542]"
2025-11-24T16:01:39.408324,/muse/acc,"[0.37225341796875, -0.06463623046875, 0.9534912109375]"
2025-11-24T16:01:39.453973,/muse/eeg,"[832.0512820512821, 806.6666666666667, 599.9633699633699, 801.025641025641]"
2025-11-24T16:01:39.469301,/muse/eeg,"[809.4871794871796, 811.9047619047619, 288.4981684981685, 808.6813186813187]"
2025-11-24T16:01:39.485030,/muse/eegAux,"[nan, nan, 0.0, 0.0]"
2025-11-24T16:01:39.547459,/muse/gyro,"[6.751556396484375, 11.312408447265625, -20.493927001953125]"
2025-11-24T16:01:39.625631,/muse/eeg,"[806.6666666666667, 791.7582417582418, 139.01098901098902, 826.4102564102565]"
2025-11-24T16:01:39.750185,/muse/eegAux,"[nan, nan, 0.0, 0.0]"
2025-11-24T16:01:39.810605,/muse/eeg,"[806.6666666666667, 791.7582417582418, 139.01098901098902, 826.4102564102565]"
2025-11-24T16:01:39.857570,/muse/eegAux,"[nan, nan, 0.0, 0.0]"
2025-11-24T16:01:39.904730,/muse/eeg,"[748.2417582417582, 792.5641025641025, 276.4102564102564, 813.919413919414]"
2025-11-24T16:01:39.936100,/muse/eegAux,"[nan, nan, 0.0, 0.0]"
2025-11-24T16:01:39.966549,/muse/elements/gamma_absolute,"[0.3520847661460143, -0.09136096581336085, -3.0203266379668348, 0.13758965677807314]"
2025-11-24T16:01:40.043530,/muse/elements/alpha_relative,"[0.25455512815155257, 0.1544509930752714, 0.1969018943271207, 0.26436272408842004]"
2025-11-24T16:01:40.136968,/muse/gyro,"[0.680389404296875, -5.9814453125, 2.803802490234375]"
2025-11-24T16:01:40.058891,/muse/elements/beta_relative,"[0.16712703253871705, 0.08888133443077033, 0.35808114004161157, 0.20949143486889002]"
2025-11-24T16:01:40.198281,/muse/gyro,"[0.680389404296875, -5.9814453125, 2.803802490234375]"
2025-11-24T16:01:40.292427,/muse/gyro,"[0.680389404296875, -5.9814453125, 2.803802490234375]"
2025-11-24T16:01:40.338436,/muse/eeg,"[815.1282051282052, 808.6813186813187, 395.6776556776557, 791.3553113553114]"
2025-11-24T16:01:40.401565,/muse/acc,"[0.2947998046875, -0.00537109375, 0.9610595703125]"
2025-11-24T16:01:40.479419,/muse/eeg,"[778.4615384615385, 812.7106227106227, 452.0879120879121, 809.0842490842491]"
2025-11-24T16:01:40.541295,/muse/eeg,"[774.8351648351648, 800.2197802197802, 727.2893772893773, 811.5018315018315]"
2025-11-24T16:01:40.572697,/muse/elements/theta_relative,"[0.1885753041589068, 0.3963185568341627, 0.0929111631523125, 0.1682844034095447]"
2025-11-24T16:01:40.602638,/muse/eeg,"[814.3223443223443, 799.4139194139194, 652.3443223443223, 804.6520146520147]"
2025-11-24T16:01:40.618607,/muse/eegAux,"[nan, nan, 0.0, 0.0]"
2025-11-24T16:01:40.681275,/muse/eeg,"[814.3223443223443, 799.4139194139194, 652.3443223443223, 804.6520146520147]"
2025-11-24T16:01:40.820080,/muse/eeg,"[814.3223443223443, 799.4139194139194, 652.3443223443223, 804.6520146520147]"
2025-11-24T16:01:40.882437,/muse/is_good,"[0.0, 0.0, 0.0, 0.0]"
2025-11-24T16:01:40.945566,/muse/eegAux,"[nan, nan, 0.0, 0.0]"
2025-11-24T16:01:41.007647,/muse/eeg,"[673.6996336996338, 761.941391941392, 245.3846153846154, 717.2161172161173]"
2025-11-24T16:01:41.086540,/muse/gyro,"[9.01702880859375, 9.697418212890625, -1.5850830078125]"
2025-11-24T16:01:41.148823,/muse/gyro,"[-0.88226318359375, -4.224395751953125, 4.284210205078125]"
2025-11-24T16:01:41.241542,/muse/gyro,"[-0.88226318359375, -4.224395751953125, 4.284210205078125]"
2025-11-24T16:01:41.304016,/muse/acc,"[0.1053466796875, 0.0328369140625, 0.9029541015625]"
2025-11-24T16:01:41.319069,/muse/acc,"[0.1053466796875, 0.0328369140625, 0.9029541015625]"
2025-11-24T16:01:41.365566,/muse/acc,"[0.1053466796875, 0.0328369140625, 0.9029541015625]"
2025-11-24T16:01:41.459071,/muse/eeg,"[672.4908424908425, 807.8754578754579, 494.39560439560444, 806.6666666666667]"
2025-11-24T16:01:41.489708,/muse/gyro,"[15.53680419921875, -19.237823486328125, 44.06829833984375]"
2025-11-24T16:01:41.582647,/muse/gyro,"[19.327545166015625, -12.089996337890625, 65.00335693359375]"
2025-11-24T16:01:41.660751,/muse/gyro,"[19.327545166015625, -12.089996337890625, 65.00335693359375]"
2025-11-24T16:01:41.754964,/muse/eeg,"[853.0036630036631, 977.9120879120879, 1168.901098901099, 806.2637362637363]"
2025-11-24T16:01:41.832263,/muse/eegAux,"[nan, nan, 0.0, 0.0]"
2025-11-24T16:01:41.848166,/muse/elements/theta_relative,"[0.1885753041589068, 0.44309959421610073, 0.0929111631523125, 0.19712553332155028]"
2025-11-24T16:01:41.893992,/muse/eeg,"[848.1684981684982, 805.054945054945, 775.6410256410256, 792.967032967033]"
2025-11-24T16:01:41.940642,/muse/eegAux,"[nan, nan, 0.0, 0.0]"
2025-11-24T16:01:42.002299,/muse/eeg,"[809.0842490842491, 830.0366300366301, 1130.2197802197802, 811.9047619047619]"
2025-11-24T16:01:42.049406,/muse/eeg,"[705.5311355311355, 813.1135531135532, 820.7692307692308, 763.1501831501831]"
2025-11-24T16:01:42.143598,/muse/eegAux,"[nan, nan, 0.0, 0.0]"
2025-11-24T16:01:42.173910,/muse/acc,"[0.3499755859375, 0.14251708984375, 1.0517578125]"
2025-11-24T16:01:42.220707,/muse/eeg,"[771.2087912087912, 807.0695970695971, 716.8131868131868, 798.6080586080586]"
2025-11-24T16:01:42.252435,/muse/eeg,"[822.7838827838829, 807.4725274725275, 796.996336996337, 795.7875457875458]"
2025-11-24T16:01:42.330480,/muse/eegAux,"[nan, nan, 0.0, 0.0]"
2025-11-24T16:01:42.407985,/muse/elements/beta_relative,"[0.16712703253871705, 0.1042067477447063, 0.35808114004161157, 0.2284497877482766]"
2025-11-24T16:01:42.454684,/muse/eeg,"[833.6630036630037, 878.7912087912089, 1597.6190476190477, 835.6776556776557]"
2025-11-24T16:01:42.501589,/muse/eeg,"[792.967032967033, 894.5054945054945, 1432.820512820513, 770.8058608058608]"
2025-11-24T16:01:42.563542,/muse/gyro,"[-23.753814697265625, -0.55328369140625, -20.972442626953125]"
2025-11-24T16:01:42.610902,/muse/acc,"[0.10986328125, -0.3179931640625, 0.92645263671875]"
2025-11-24T16:01:42.656497,/muse/acc,"[0.123779296875, -0.4163818359375, 0.8829345703125]"
2025-11-24T16:01:42.763489,/muse/elements/delta_absolute,"[1.001747518329246, 0.7658975999805875, -3.185283338198744, 1.2051274973792312]"
2025-11-24T16:01:42.839362,/muse/eeg,"[744.2124542124542, 903.7728937728938, 1497.2893772893774, 803.8461538461539]"
2025-11-24T16:01:42.901217,/muse/drlref,"[1618168.498168498, 1596410.2564102563]"
2025-11-24T16:01:42.933136,/muse/eegAux,"[nan, nan, 0.0, 0.0]"
2025-11-24T16:01:42.979290,/muse/gyro,"[49.728240966796875, -3.940277099609375, 48.91326904296875]"
2025-11-24T16:01:43.133788,/muse/eeg,"[639.4505494505495, 805.8608058608058, 267.54578754578756, 667.2527472527473]"
2025-11-24T16:01:43.072048,/muse/eegAux,"[nan, nan, 0.0, 0.0]"
2025-11-24T16:01:43.197454,/muse/eegAux,"[nan, nan, 0.0, 0.0]"
2025-11-24T16:01:43.274179,/muse/acc,"[-0.02313232421875, -0.01617431640625, 0.99749755859375]"
2025-11-24T16:01:43.351743,/muse/eeg,"[863.0769230769231, 782.893772893773, 685.3846153846154, 914.2490842490843]"
2025-11-24T16:01:43.444145,/muse/eeg,"[815.5311355311355, 800.6227106227107, 0.0, 802.2344322344322]"
2025-11-24T16:01:43.536757,/muse/elements/alpha_relative,"[0.25455512815155257, 0.1018847619043161, 0.1969018943271207, 0.198990226831967]"
2025-11-24T16:01:43.613405,/muse/gyro,"[14.213409423828125, -33.555908203125, -22.2509765625]"
2025-11-24T16:01:43.690198,/muse/eeg,"[708.3516483516484, 859.047619047619, 231.6849816849817, 744.6153846153846]"
2025-11-24T16:01:43.752809,/muse/eeg,"[814.7252747252747, 858.6446886446887, 451.28205128205127, 841.7216117216118]"
2025-11-24T16:01:43.784250,/muse/eegAux,"[nan, nan, 0.0, 0.0]"
2025-11-24T16:01:43.830729,/muse/hsi,"[2.0, 1.0, 4.0, 2.0]"
2025-11-24T16:01:43.923707,/muse/eeg,"[830.8424908424909, 821.5750915750916, 568.9377289377289, 856.2271062271062]"
2025-11-24T16:01:43.986645,/muse/eeg,"[802.6373626373627, 790.1465201465202, 601.1721611721612, 857.032967032967]"
2025-11-24T16:01:44.017386,/muse/eeg,"[832.0512820512821, 749.8534798534798, 545.5677655677656, 824.7985347985348]"
2025-11-24T16:01:44.064257,/muse/eeg,"[857.4358974358975, 728.901098901099, 526.6300366300367, 803.4432234432235]"
2025-11-24T16:01:44.095972,/muse/gyro,"[-3.506622314453125, 2.265472412109375, -17.0770263671875]"
2025-11-24T16:01:44.171588,/muse/drlref,"[1618168.498168498, 1596410.2564102563]"
2025-11-24T16:01:44.234073,/muse/drlref,"[1618168.498168498, 1596410.2564102563]"
2025-11-24T16:01:44.296146,/muse/gyro,"[-4.306640625, -1.218719482421875, -10.42266845703125]"
2025-11-24T16:01:44.359691,/muse/gyro,"[-4.08233642578125, -1.9140625, -10.40771484375]"
2025-11-24T16:01:44.437364,/muse/eeg,"[794.981684981685, 798.2051282051282, 78.16849816849818, 811.0989010989011]"
2025-11-24T16:01:44.468381,/muse/eeg,"[833.2600732600733, 791.7582417582418, 0.0, 792.1611721611722]"
2025-11-24T16:01:44.529609,/muse/elements/gamma_absolute,"[0.3520847661460143, -0.17078534647626456, -3.0203266379668348, 0.8934176320682864]"
2025-11-24T16:01:44.576184,/muse/acc,"[-0.06378173828125, -0.0272216796875, 1.032470703125]"
2025-11-24T16:01:44.639278,/muse/elements/theta_absolute,"[0.7742522781880563, 0.914874096427521, -3.372595035594313, 1.097896658755868]"
2025-11-24T16:01:44.747984,/muse/elements/alpha_absolute,"[0.904549311872696, 0.2764819789984892, -3.0464130382657006, 1.1019855245142443]"
2025-11-24T16:01:44.684910,/muse/eeg,"[712.3809523809524, 840.1098901098901, 1322.014652014652, 758.7179487179487]"
2025-11-24T16:01:44.810554,/muse/elements/beta_absolute,"[0.7218141633476606, 0.28626858604891914, -2.7866814850890833, 1.1619445363278402]"
2025-11-24T16:01:44.888912,/muse/eeg,"[755.8974358974359, 511.72161172161174, 0.0, 853.4065934065934]"
2025-11-24T16:01:44.966000,/muse/eeg,"[780.8791208791209, 670.4761904761905, 0.0, 787.7289377289378]"
2025-11-24T16:01:45.059015,/muse/gyro,"[40.292510986328125, 38.228912353515625, 45.95245361328125]"
2025-11-24T16:01:45.136199,/muse/gyro,"[29.8773193359375, 22.47528076171875, 18.998565673828125]"
2025-11-24T16:01:45.105277,/muse/eeg,"[791.3553113553114, 814.3223443223443, 691.8315018315019, 844.1391941391942]"
2025-11-24T16:01:45.290270,/muse/gyro,"[28.12774658203125, 0.8074951171875, 26.251068115234375]"
2025-11-24T16:01:45.321403,/muse/gyro,"[28.12774658203125, 0.8074951171875, 26.251068115234375]"
2025-11-24T16:01:45.400581,/muse/eeg,"[852.6007326007326, 838.4981684981685, 799.4139194139194, 830.0366300366301]"
2025-11-24T16:01:45.526420,/muse/gyro,"[17.383575439453125, -14.078826904296875, 64.03884887695312]"
2025-11-24T16:01:45.602123,/muse/gyro,"[9.532928466796875, -12.0526123046875, 16.97235107421875]"
2025-11-24T16:01:45.694666,/muse/elements/alpha_absolute,"[0.904549311872696, 0.2764819789984892, -3.0464130382657006, 1.1019855245142443]"
2025-11-24T16:01:45.740393,/muse/gyro,"[-0.485992431640625, 4.0374755859375, -15.574188232421875]"
2025-11-24T16:01:45.817233,/muse/gyro,"[-13.02459716796875, 13.4283447265625, -78.6260986328125]"
2025-11-24T16:01:45.879963,/muse/gyro,"[-17.712554931640625, 18.101348876953125, -106.4996337890625]"
2025-11-24T16:01:45.989096,/muse/eeg,"[805.054945054945, 831.2454212454213, 671.6849816849817, 829.6336996336996]"
2025-11-24T16:01:46.051328,/muse/eeg,"[796.996336996337, 833.6630036630037, 740.989010989011, 873.956043956044]"
2025-11-24T16:01:46.111854,/muse/eeg,"[877.5824175824176, 817.948717948718, 788.1318681318681, 890.4761904761905]"
2025-11-24T16:01:46.158356,/muse/eeg,"[886.8498168498169, 845.7509157509157, 738.5714285714286, 821.1721611721612]"
2025-11-24T16:01:46.219748,/muse/eeg,"[881.2087912087912, 782.893772893773, 707.948717948718, 809.4871794871796]"
2025-11-24T16:01:46.267773,/muse/gyro,"[0.46356201171875, 10.654449462890625, -17.787322998046875]"
2025-11-24T16:01:46.299094,/muse/drlref,"[1618168.498168498, 1596410.2564102563]"
2025-11-24T16:01:46.375742,/muse/eeg,"[843.7362637362637, 799.0109890109891, 668.0586080586081, 809.0842490842491]"
2025-11-24T16:01:46.544922,/muse/eegAux,"[nan, nan, 0.0, 0.0]"
2025-11-24T16:01:46.654085,/muse/eeg,"[682.1611721611722, 778.4615384615385, 682.1611721611722, 790.1465201465202]"
2025-11-24T16:01:46.700499,/muse/gyro,"[11.962890625, -0.755157470703125, 45.98236083984375]"
2025-11-24T16:01:46.748002,/muse/gyro,"[8.68804931640625, -15.43212890625, 63.111724853515625]"
2025-11-24T16:01:46.810919,/muse/gyro,"[11.746063232421875, -68.29315185546875, 149.58099365234375]"
2025-11-24T16:01:46.857060,/muse/eeg,"[880.0, 753.8827838827839, 671.6849816849817, 904.1758241758242]"
2025-11-24T16:01:46.872864,/muse/eeg,"[882.8205128205128, 614.0659340659341, 600.7692307692308, 910.6227106227107]"
2025-11-24T16:01:46.935647,/muse/eeg,"[909.8168498168499, 454.90842490842493, 535.0915750915751, 931.1721611721612]"
2025-11-24T16:01:47.012829,/muse/eegAux,"[nan, nan, 0.0, 0.0]"
2025-11-24T16:01:47.058993,/muse/eeg,"[711.1721611721612, 644.6886446886447, 311.06227106227107, 772.4175824175825]"
2025-11-24T16:01:47.089925,/muse/eegAux,"[nan, nan, 0.0, 0.0]"
2025-11-24T16:01:47.137101,/muse/elements/gamma_relative,"[0.07133740461002197, 0.036378258896049134, 0.20909145977338225, 0.12310164449251988]"
2025-11-24T16:01:47.183195,/muse/eeg,"[635.8241758241759, 604.3956043956044, 192.1978021978022, 761.1355311355312]"
2025-11-24T16:01:47.230863,/muse/eegAux,"[nan, nan, 0.0, 0.0]"
2025-11-24T16:01:47.276664,/muse/eegAux,"[nan, nan, 0.0, 0.0]"
2025-11-24T16:01:47.355080,/muse/eeg,"[778.0586080586081, 658.3882783882784, 256.6666666666667, 780.8791208791209]"
2025-11-24T16:01:47.417827,/muse/gyro,"[-5.316009521484375, -15.5218505859375, -7.5067138671875]"
2025-11-24T16:01:47.463599,/muse/eeg,"[814.7252747252747, 686.1904761904763, 286.0805860805861, 838.901098901099]"
2025-11-24T16:01:47.508908,/muse/drlref,"[1618168.498168498, 1596410.2564102563]"
2025-11-24T16:01:47.603081,/muse/eeg,"[828.4249084249085, 722.8571428571429, 246.1904761904762, 805.054945054945]"
2025-11-24T16:01:47.680782,/muse/eeg,"[844.1391941391942, 747.8388278388279, 340.4761904761905, 786.9230769230769]"
2025-11-24T16:01:47.634205,/muse/eegAux,"[nan, nan, 0.0, 0.0]"
2025-11-24T16:01:47.711881,/muse/eegAux,"[nan, nan, 0.0, 0.0]"
2025-11-24T16:01:47.773345,/muse/eeg,"[758.3150183150184, 776.4468864468864, 874.7619047619048, 819.96336996337]"
2025-11-24T16:01:47.804783,/muse/eeg,"[872.3443223443223, 772.4175824175825, 263.5164835164835, 789.7435897435897]"
2025-11-24T16:01:47.914399,/muse/eeg,"[881.6117216117217, 777.6556776556777, 12.49084249084249, 781.2820512820513]"
2025-11-24T16:01:47.960827,/muse/eeg,"[794.1758241758242, 657.1794871794872, 809.0842490842491, 825.6043956043957]"
2025-11-24T16:01:48.007364,/muse/eeg,"[850.1831501831502, 641.0622710622711, 1013.7728937728938, 808.2783882783883]"
2025-11-24T16:01:48.038653,/muse/eegAux,"[nan, nan, 0.0, 0.0]"
2025-11-24T16:01:48.100601,/muse/gyro,"[5.106658935546875, -3.050537109375, -0.299072265625]"
2025-11-24T16:01:48.194339,/muse/eeg,"[836.0805860805862, 775.2380952380953, 1166.080586080586, 823.1868131868132]"
2025-11-24T16:01:48.255985,/muse/eeg,"[819.5604395604396, 774.4322344322345, 960.989010989011, 786.5201465201466]"
2025-11-24T16:01:48.318392,/muse/eegAux,"[nan, nan, 0.0, 0.0]"
2025-11-24T16:01:48.349144,/muse/eeg,"[838.0952380952381, 749.4505494505495, 821.5750915750916, 788.9377289377289]"
2025-11-24T16:01:48.394894,/muse/eeg,"[728.0952380952381, 697.4725274725275, 706.3369963369963, 798.2051282051282]"
2025-11-24T16:01:48.457911,/muse/gyro,"[3.013153076171875, -5.45806884765625, -0.530853271484375]"
2025-11-24T16:01:48.520959,/muse/drlref,"[1617362.6373626373, 1596410.2564102563]"
2025-11-24T16:01:48.505151,/muse/gyro,"[2.624359130859375, -4.964599609375, 0.37384033203125]"
2025-11-24T16:01:48.598036,/muse/elements/alpha_absolute,"[0.904549311872696, 0.2764819789984892, -3.0464130382657006, 0.9111876964296166]"
2025-11-24T16:01:48.674701,/muse/eeg,"[865.0915750915751, 778.8644688644689, 462.5641025641026, 810.6959706959707]"
2025-11-24T16:01:48.768621,/muse/eegAux,"[nan, nan, 0.0, 0.0]"
2025-11-24T16:01:48.814035,/muse/eeg,"[798.6080586080586, 794.981684981685, 364.24908424908426, 721.6483516483516]"
2025-11-24T16:01:48.891361,/muse/eegAux,"[nan, nan, 0.0, 0.0]"
2025-11-24T16:01:48.937187,/muse/eeg,"[798.6080586080586, 794.981684981685, 364.24908424908426, 721.6483516483516]"
2025-11-24T16:01:48.983170,/muse/eegAux,"[nan, nan, 0.0, 0.0]"
2025-11-24T16:01:49.013902,/muse/eeg,"[798.6080586080586, 794.981684981685, 364.24908424908426, 721.6483516483516]"
2025-11-24T16:01:49.107732,/muse/elements/gamma_absolute,"[0.3520847661460143, -0.17078534647626456, -3.0203266379668348, 0.7698682059614288]"
2025-11-24T16:01:49.199559,/muse/drlref,"[1618168.498168498, 1596410.2564102563]"
2025-11-24T16:01:49.138310,/muse/gyro,"[8.17962646484375, 2.94586181640625, 2.13836669921875]"
2025-11-24T16:01:49.230511,/muse/drlref,"[1618168.498168498, 1596410.2564102563]"
2025-11-24T16:01:49.338296,/muse/drlref,"[1618168.498168498, 1596410.2564102563]"
2025-11-24T16:01:49.430539,/muse/elements/beta_relative,"[0.16712703253871705, 0.1042067477447063, 0.35808114004161157, 0.10430607594279466]"
2025-11-24T16:01:49.491115,/muse/eeg,"[749.4505494505495, 715.2014652014652, 1622.6007326007327, 840.5128205128206]"
2025-11-24T16:01:49.537713,/muse/eegAux,"[nan, nan, 0.0, 0.0]"
2025-11-24T16:01:49.584318,/muse/eeg,"[790.1465201465202, 711.5750915750916, 1622.6007326007327, 835.6776556776557]"
2025-11-24T16:01:49.631279,/muse/eeg,"[796.1904761904763, 709.9633699633699, 1622.6007326007327, 802.6373626373627]"
2025-11-24T16:01:49.693551,/muse/gyro,"[-0.082244873046875, 4.912261962890625, -17.293853759765625]"
2025-11-24T16:01:49.787025,/muse/gyro,"[-0.082244873046875, 4.912261962890625, -17.293853759765625]"
2025-11-24T16:01:49.771109,/muse/gyro,"[-0.082244873046875, 4.912261962890625, -17.293853759765625]"
2025-11-24T16:01:49.832836,/muse/acc,"[0.26763916015625, 0.04644775390625, 0.9451904296875]"
2025-11-24T16:01:49.909936,/muse/eeg,"[844.1391941391942, 770.0, 1500.10989010989, 770.8058608058608]"
2025-11-24T16:01:49.989264,/muse/eegAux,"[nan, nan, 0.0, 0.0]"
2025-11-24T16:01:50.035934,/muse/eeg,"[750.2564102564103, 726.0805860805862, 1597.2161172161173, 790.952380952381]"
2025-11-24T16:01:50.097451,/muse/drlref,"[1617362.6373626373, 1596410.2564102563]"
2025-11-24T16:01:50.157633,/muse/eeg,"[824.7985347985348, 757.5091575091575, 1424.3589743589744, 772.014652014652]"
2025-11-24T16:01:50.233801,/muse/eegAux,"[nan, nan, 0.0, 0.0]"
2025-11-24T16:01:50.280296,/muse/eeg,"[770.8058608058608, 750.2564102564103, 1640.3296703296703, 819.1575091575091]"
2025-11-24T16:01:50.311833,/muse/eegAux,"[nan, nan, 0.0, 0.0]"
2025-11-24T16:01:50.389955,/muse/eeg,"[822.7838827838829, 757.1062271062272, 1063.7362637362637, 800.2197802197802]"
2025-11-24T16:01:50.436351,/muse/eegAux,"[nan, nan, 0.0, 0.0]"
2025-11-24T16:01:50.559491,/muse/eeg,"[803.8461538461539, 766.7765567765568, 265.53113553113553, 800.2197802197802]"
2025-11-24T16:01:50.621716,/muse/eegAux,"[nan, nan, 0.0, 0.0]"
2025-11-24T16:01:50.652633,/muse/eeg,"[755.0915750915751, 775.2380952380953, 649.5238095238095, 810.6959706959707]"
2025-11-24T16:01:50.731769,/muse/eegAux,"[nan, nan, 0.0, 0.0]"
2025-11-24T16:01:50.824238,/muse/drlref,"[1618168.498168498, 1596410.2564102563]"
2025-11-24T16:01:50.761873,/muse/drlref,"[1618168.498168498, 1596410.2564102563]"
2025-11-24T16:01:50.887196,/muse/eeg,"[782.893772893773, 816.3369963369963, 1622.6007326007327, 818.3516483516484]"
2025-11-24T16:01:50.933124,/muse/eeg,"[831.2454212454213, 789.7435897435897, 1575.0549450549452, 801.8315018315019]"
2025-11-24T16:01:50.995182,/muse/eegAux,"[nan, nan, 0.0, 0.0]"
2025-11-24T16:01:51.042007,/muse/eeg,"[737.7655677655678, 865.0915750915751, 0.0, 835.2747252747253]"
2025-11-24T16:01:51.135020,/muse/eeg,"[753.4798534798535, 838.0952380952381, 265.12820512820514, 806.2637362637363]"
2025-11-24T16:01:51.088678,/muse/elements/theta_absolute,"[0.7742522781880563, 0.914874096427521, -3.372595035594313, 1.8771201284941952]"
2025-11-24T16:01:51.165264,/muse/eeg,"[796.5934065934066, 844.1391941391942, 1174.945054945055, 782.893772893773]"
2025-11-24T16:01:51.214416,/muse/eeg,"[801.4285714285714, 830.8424908424909, 1258.3516483516485, 789.3406593406594]"
2025-11-24T16:01:51.241364,/muse/eeg,"[782.893772893773, 822.3809523809524, 1036.3369963369964, 797.3992673992674]"
2025-11-24T16:01:51.319785,/muse/eegAux,"[nan, nan, 0.0, 0.0]"
2025-11-24T16:01:51.397450,/muse/eegAux,"[nan, nan, 0.0, 0.0]"
2025-11-24T16:01:51.428198,/muse/elements/gamma_absolute,"[0.3520847661460143, -0.17078534647626456, -3.0203266379668348, 0.7797704429815817]"
2025-11-24T16:01:51.504839,/muse/eegAux,"[nan, nan, 0.0, 0.0]"
2025-11-24T16:01:51.582422,/muse/eeg,"[672.893772893773, 816.7399267399268, 923.5164835164835, 785.3113553113553]"
2025-11-24T16:01:51.659152,/muse/eeg,"[915.4578754578755, 761.1355311355312, 861.0622710622711, 929.96336996337]"
2025-11-24T16:01:51.721012,/muse/eegAux,"[nan, nan, 0.0, 0.0]"
2025-11-24T16:01:51.797091,/muse/eeg,"[770.4029304029305, 795.3846153846154, 749.8534798534798, 832.4542124542124]"
2025-11-24T16:01:51.889285,/muse/gyro,"[3.656158447265625, -15.2227783203125, 6.198272705078125]"
2025-11-24T16:01:51.950832,/muse/gyro,"[2.9010009765625, -20.105133056640625, 1.4056396484375]"
2025-11-24T16:01:52.044181,/muse/eegAux,"[nan, nan, 0.0, 0.0]"
2025-11-24T16:01:51.997302,/muse/eeg,"[789.7435897435897, 794.5787545787546, 774.4322344322345, 779.6703296703297]"
2025-11-24T16:01:52.091509,/muse/eeg,"[821.978021978022, 791.7582417582418, 692.2344322344322, 799.0109890109891]"
2025-11-24T16:01:52.106765,/muse/gyro,"[4.8748779296875, -5.42816162109375, 0.321502685546875]"
